name,kind,module,v10,v12,method,confidence,size_delta,usage,evidence,reach
jonesCog_Startup,func,Jones3D,0x00401000,0x00401000,consensus,verified,,hook,strong,yes
jonesCog_Shutdown,func,Jones3D,0x00401050,0x00401050,consensus,verified,,hook,strong,no
jonesCog_RegisterFunctions,func,Jones3D,0x00401060,0x00401060,consensus+review,verified,,hook,strong,no
jonesCog_HideHealthDisplay,func,Jones3D,0x00401150,0x00401150,manual,verified,,hook,strong,yes
jonesCog_ShowHealthDisplay,func,Jones3D,0x00401170,0x00401170,manual,verified,,hook,strong,yes
jonesCog_InventoryItemChanged,func,Jones3D,0x00401190,0x00401190,manual,verified,,hook,strong,yes
jonesCog_EndLevelFunc,func,Jones3D,0x004011b0,0x004011b0,manual,verified,,hook,strong,yes
jonesCog_EndLevel,func,Jones3D,0x004011c0,0x004011c0,interpolated,verified,,hook,weak,no
jonesCog_ExitToShell,func,Jones3D,0x00401250,0x00401250,manual,verified,,hook,strong,yes
jonesCog_StartCutsceneFunc,func,Jones3D,0x00401260,0x00401260,manual,verified,,hook,strong,yes
jonesCog_EndCutscene,func,Jones3D,0x004013c0,0x004013c0,manual,verified,,hook,strong,yes
jonesCog_UpdateDifficulty,func,Jones3D,0x00401450,0x00401450,manual,verified,,hook,strong,yes
jonesCog_EnableInterfaceFunc,func,Jones3D,0x00401480,0x00401480,manual,verified,,hook,strong,yes
jonesCog_StartCutscene,func,Jones3D,0x004014e0,0x004014e0,consensus,verified,,hook,strong,no
jonesCog_ToggleInterface,func,Jones3D,0x004014f0,0x004014f0,consensus,verified,,hook,strong,no
jonesConfig_Startup,func,Jones3D,0x00401500,0x00401500,consensus,verified,,hook,strong,no
jonesConfig_InitKeySetsPath,func,Jones3D,0x00401660,0x00401660,consensus+review,verified,,hook,strong,no
jonesConfig_InitKeyActions,func,Jones3D,0x00401780,0x00401780,consensus,verified,,hook,strong,no
jonesConfig_Shutdown,func,Jones3D,0x004019a0,0x004019a0,consensus,verified,,hook,strong,no
jonesConfig_ControlToString,func,Jones3D,0x004019f0,0x004019f0,consensus,verified,-0x240,hook,strong,no
jonesConfig_ShowMessageDialog,func,Jones3D,0x00402400,0x004021c0,consensus,verified,,hook,strong,no
jonesConfig_MessageDialogProc,func,Jones3D,0x004024b0,0x00402270,callers,verified,,hook,strong,yes
jonesConfig_InitMessageDialogIcon,func,Jones3D,0x004025f0,0x004023b0,consensus,verified,,hook,strong,no
jonesConfig_InitMessageDialogData,func,Jones3D,0x00402670,0x00402430,consensus,verified,,hook,strong,no
jonesConfig_SetTextControl,func,Jones3D,0x004026d0,0x00402490,consensus,verified,,hook,strong,no
jonesConfig_MessageDialog_HandleWM_COMMAND,func,Jones3D,0x00402a90,0x00402850,consensus,verified,,hook,strong,no
jonesConfig_LoadActiveControlScheme,func,Jones3D,0x00402ab0,0x00402870,consensus,verified,,hook,strong,no
jonesConfig_LoadControlScheme,func,Jones3D,0x00402d70,0x00402b30,consensus,verified,,hook,strong,no
jonesConfig_ParseArgumentIndex,func,Jones3D,0x004030b0,0x00402e70,consensus,verified,,hook,strong,no
jonesConfig_GetStringListIndex,func,Jones3D,0x00403110,0x00402ed0,consensus,verified,,hook,strong,no
jonesConfig_ParseJoystickControlId,func,Jones3D,0x00403210,0x00402fd0,consensus+review,verified,,hook,strong,no
jonesConfig_SetDefaultControlScheme,func,Jones3D,0x00403900,0x004036c0,consensus,verified,,hook,strong,no
jonesConfig_BindControls,func,Jones3D,0x00403a00,0x004037c0,consensus,verified,,hook,strong,no
jonesConfig_BindJoystickControl,func,Jones3D,0x00403f00,0x00403cc0,consensus,verified,,hook,strong,no
jonesConfig_InitDialog,func,Jones3D,0x00404040,0x00403e00,consensus,verified,,hook,strong,no
jonesConfig_CreateDialogFont,func,Jones3D,0x004040f0,0x00403eb0,consensus+review,verified,,hook,strong,no
jonesConfig_ResetDialogFont,func,Jones3D,0x00404450,0x00404210,consensus,verified,,hook,strong,no
jonesConfig_ResetWindowFontCallback,func,Jones3D,0x00404490,0x00404250,callers,verified,,hook,strong,yes
jonesConfig_SetPositionAndTextCallback,func,Jones3D,0x004044c0,0x00404280,callers+review,verified,,hook,strong,yes
jonesConfig_SetWindowFontAndPosition,func,Jones3D,0x004045e0,0x004043a0,consensus+review,verified,,hook,strong,no
jonesConfig_GetWindowScreenRect,func,Jones3D,0x00404a80,0x00404840,consensus,verified,,hook,strong,no
jonesConfig_SetDialogTitleAndPosition,func,Jones3D,0x00404af0,0x004048b0,consensus,verified,,hook,strong,no
jonesConfig_GetSaveGameFilePath,func,Jones3D,0x00404d60,0x00404b20,consensus+review,verified,,hook,strong,no
jonesConfig_SaveGameDialogHookProc,func,Jones3D,0x00405010,0x00404dd0,callers,verified,,hook,strong,yes
jonesConfig_SaveGameDialogInit,func,Jones3D,0x00405660,0x00405420,consensus,verified,,hook,strong,no
jonesConfig_SaveGameThumbnailPaintProc,func,Jones3D,0x004057a0,0x00405560,callers,verified,,hook,strong,yes
jonesConfig_ShowOverwriteSaveGameDlg,func,Jones3D,0x00405850,0x00405610,consensus,verified,,hook,strong,no
jonesConfig_ShowExitGameDialog,func,Jones3D,0x00405890,0x00405650,consensus,verified,,hook,strong,no
jonesConfig_ExitGameDlgProc,func,Jones3D,0x004058d0,0x00405690,callers,verified,,hook,strong,yes
jonesConfig_SaveGameMsgBoxProc,func,Jones3D,0x00405a80,0x00405840,callers,verified,,hook,strong,yes
jonesConfig_GameSaveSetData,func,Jones3D,0x00405b30,0x004058f0,consensus+review,verified,,hook,strong,no
jonesConfig_MsgBoxDlg_HandleWM_COMMAND,func,Jones3D,0x00405bf0,0x004059b0,consensus,verified,,hook,strong,no
jonesConfig_GetLoadGameFilePath,func,Jones3D,0x00405c50,0x00405a10,consensus+review,verified,,hook,strong,no
jonesConfig_sub_405F60,func,Jones3D,0x00405f60,0x00405d20,consensus,verified,,hook,strong,no
jonesConfig_LoadGameDialogHookProc,func,Jones3D,0x00405f70,0x00405d30,callers+review,verified,,hook,strong,yes
jonesConfig_ShowLoadGameWarningMsgBox,func,Jones3D,0x00406580,0x00406340,consensus,verified,,hook,strong,no
jonesConfig_LoadGameDialogInit,func,Jones3D,0x004065c0,0x00406380,consensus,verified,,hook,strong,no
jonesConfig_LoadGameThumbnailPaintProc,func,Jones3D,0x00406760,0x00406520,callers,verified,,hook,strong,yes
jonesConfig_ShowGamePlayOptions,func,Jones3D,0x00406840,0x00406600,consensus,verified,,hook,strong,no
jonesConfig_GamePlayOptionsProc,func,Jones3D,0x00406870,0x00406630,callers,verified,,hook,strong,yes
jonesConfig_HandleWM_HSCROLL,func,Jones3D,0x00406a00,0x004067c0,consensus,verified,,hook,strong,no
jonesConfig_GamePlayOptionsInitDlg,func,Jones3D,0x00406aa0,0x00406860,consensus,verified,,hook,strong,no
jonesConfig_GamePlayOptions_HandleWM_COMMAND,func,Jones3D,0x00406bf0,0x004069b0,consensus,verified,,hook,strong,no
jonesConfig_EnableMouseControl,func,Jones3D,0x00406d40,0x00406b00,consensus,verified,,hook,strong,no
jonesConfig_FreeControlScheme,func,Jones3D,0x00406d80,0x00406b40,consensus,verified,,hook,strong,no
jonesConfig_FreeControlConfigEntry,func,Jones3D,0x00406db0,0x00406b70,consensus,verified,,hook,strong,no
jonesConfig_ShowControlOptions,func,Jones3D,0x00406e30,0x00406bf0,consensus,verified,,hook,strong,no
jonesConfig_CopyControlConfig,func,Jones3D,0x00406f50,0x00406d10,consensus,verified,,hook,strong,no
jonesConfig_CloneControlSchemesList,func,Jones3D,0x00407060,0x00406e20,consensus,verified,,hook,strong,no
jonesConfig_ControlOptions_InitControlsConfig,func,Jones3D,0x004071c0,0x00406f80,consensus,verified,,hook,strong,no
jonesConfig_ControlOptions_LoadAllControlSchemes,func,Jones3D,0x00407260,0x00407020,consensus,verified,,hook,strong,no
jonesConfig_ControlOptions_SetAllDefaultControlSchemes,func,Jones3D,0x00407380,0x00407140,consensus,verified,,hook,strong,no
jonesConfig_ControlOptionsDialogProc,func,Jones3D,0x00407410,0x004071d0,callers,verified,,hook,strong,yes
jonesConfig_InitControlOptionsDialog,func,Jones3D,0x004074c0,0x00407280,consensus,verified,,hook,strong,no
jonesConfig_ControlOptions_HandleWM_COMMAND,func,Jones3D,0x00407780,0x00407540,consensus,verified,,hook,strong,no
jonesConfig_ControlOptions_WriteScheme,func,Jones3D,0x00407a10,0x004077d0,consensus+review,verified,,hook,strong,no
jonesConfig_ControlOptions_UpdateButtons,func,Jones3D,0x00407f60,0x00407d20,consensus+review,verified,,hook,strong,no
jonesConfig_ControlOptions_DeleteScheme,func,Jones3D,0x00408000,0x00407dc0,consensus,verified,,hook,strong,no
jonesConfig_ControlOptions_EditSelectedScheme,func,Jones3D,0x00408260,0x00408020,consensus,verified,,hook,strong,no
jonesConfig_GetDefaultControlScheme,func,Jones3D,0x00408400,0x004081c0,consensus,verified,,hook,strong,no
jonesConfig_ControlOptions_CreateNewScheme,func,Jones3D,0x004084b0,0x00408270,consensus,verified,,hook,strong,no
jonesConfig_ShowCreateControlSchemeDialog,func,Jones3D,0x004088b0,0x00408670,consensus,verified,,hook,strong,no
jonesConfig_CreateControlSchemeProc,func,Jones3D,0x004088e0,0x004086a0,callers,verified,,hook,strong,yes
jonesConfig_InitCreateControlScheme,func,Jones3D,0x00408990,0x00408750,consensus,verified,,hook,strong,no
jonesConfig_CreateControlScheme_Handle_WM_COMMAND,func,Jones3D,0x004089d0,0x00408790,consensus+review,verified,,hook,strong,no
jonesConfig_ShowEditControlShemeDialog,func,Jones3D,0x00408c40,0x00408a00,consensus,verified,,hook,strong,no
jonesConfig_EditControlSchemeProc,func,Jones3D,0x00408c70,0x00408a30,callers,verified,,hook,strong,yes
jonesConfig_InitEditControlSchemeDlg,func,Jones3D,0x00408da0,0x00408b60,consensus+review,verified,,hook,strong,no
jonesConfig_EditControlScheme_SetListColumn,func,Jones3D,0x00408ed0,0x00408c90,consensus+review,verified,,hook,strong,no
jonesConfig_EditControlScheme_SetListScheme,func,Jones3D,0x00408fc0,0x00408d80,consensus,verified,,hook,strong,no
jonesConfig_EditControlScheme_Handle_WM_COMMAND,func,Jones3D,0x00409200,0x00408fc0,consensus+review,verified,,hook,strong,no
jonesConfig_EditControlScheme_EditAssignment,func,Jones3D,0x00409530,0x004092f0,consensus,verified,,hook,strong,no
jonesConfig_EditControlScheme_GetSelectedListItemBinding,func,Jones3D,0x004096f0,0x004094b0,consensus,verified,,hook,strong,no
jonesConfig_EditControlScheme_AddAssignment,func,Jones3D,0x004097d0,0x00409590,consensus,verified,,hook,strong,no
jonesConfig_EditControlScheme_DeleteAssignment,func,Jones3D,0x00409bc0,0x00409980,consensus,verified,,hook,strong,no
jonesConfig_ShowAssignKeyDialog,func,Jones3D,0x00409d20,0x00409ae0,consensus+review,verified,,hook,strong,no
jonesConfig_AssignKey_CheckBindForKey,func,Jones3D,0x00409f70,0x00409d30,consensus+review,verified,,hook,strong,no
jonesConfig_AssignKeyDlgProc,func,Jones3D,0x0040a0a0,0x00409e60,callers,verified,,hook,strong,yes
jonesConfig_InitAssignKeyDlg,func,Jones3D,0x0040a1a0,0x00409f60,consensus+review,verified,,hook,strong,no
jonesConfig_AssignControlKey_ReadKey,func,Jones3D,0x0040a230,0x00409ff0,consensus+review,verified,,hook,strong,no
jonesConfig_AssignControlKey_ReadJoyAxisKey,func,Jones3D,0x0040a500,0x0040a2c0,consensus,verified,,hook,strong,no
jonesConfig_AssignKeyDlg_HandleWM_COMMAND,func,Jones3D,0x0040a650,0x0040a410,consensus,verified,,hook,strong,no
jonesConfig_ShowReassignKeyMsgBox,func,Jones3D,0x0040a670,0x0040a430,consensus,verified,,hook,strong,no
jonesConfig_ReassignKeyDialogProc,func,Jones3D,0x0040a6a0,0x0040a460,callers,verified,,hook,strong,yes
jonesConfig_InitReassignKeyDialog,func,Jones3D,0x0040a750,0x0040a510,consensus+review,verified,,hook,strong,no
jonesConfig_ReassignKeyDlg_HandleWM_COMMAND,func,Jones3D,0x0040aa10,0x0040a7d0,consensus,verified,,hook,strong,no
jonesConfig_ShowDisplaySettingsDialog,func,Jones3D,0x0040abb0,0x0040a970,consensus,verified,,hook,strong,no
jonesConfig_DisplaySettingsDialogProc,func,Jones3D,0x0040ad40,0x0040ab00,callers,verified,,hook,strong,yes
jonesConfig_InitDisplaySettingsDialog,func,Jones3D,0x0040ae90,0x0040ac50,consensus+review,verified,,hook,strong,no
jonesConfig_DisplaySettings_GetVideoModeNum,func,Jones3D,0x0040b530,0x0040b2f0,consensus,verified,,hook,strong,no
jonesConfig_DisplaySettings_HandleWM_COMMAND,func,Jones3D,0x0040b5a0,0x0040b360,consensus,verified,,hook,strong,no
jonesConfig_ShowAdvanceDisplaySettings,func,Jones3D,0x0040bb60,0x0040b920,consensus,verified,,hook,strong,no
jonesConfig_AdvanceDisplaySettingsDialogProc,func,Jones3D,0x0040bb80,0x0040b940,callers,verified,,hook,strong,yes
jonesConfig_DisplaySettings_Get3DDeviceSupportsBPP,func,Jones3D,0x0040bc40,0x0040ba00,consensus,verified,,hook,strong,no
jonesConfig_InitAdvanceDisplaySettingsDialog,func,Jones3D,0x0040bcd0,0x0040ba90,consensus,verified,,hook,strong,no
jonesConfig_AdvanceDisplaySettings_HandleWM_COMMAND,func,Jones3D,0x0040c090,0x0040be50,consensus+review,verified,,hook,strong,no
jonesConfig_ShowSoundSettingsDialog,func,Jones3D,0x0040c480,0x0040c240,consensus,verified,,hook,strong,no
jonesConfig_SoundSettingsDialogProc,func,Jones3D,0x0040c4b0,0x0040c270,callers,verified,,hook,strong,yes
jonesConfig_InitSoundSettingsDialog,func,Jones3D,0x0040c650,0x0040c410,consensus,verified,,hook,strong,no
jonesConfig_SoundSettings_HandleWM_COMMAND,func,Jones3D,0x0040c730,0x0040c4f0,consensus,verified,,hook,strong,no
jonesConfig_ShowGameOverDialog,func,Jones3D,0x0040c800,0x0040c5c0,consensus,verified,,hook,strong,no
jonesConfig_GameOverDialogProc,func,Jones3D,0x0040c860,0x0040c620,callers,verified,,hook,strong,yes
jonesConfig_LoadGameGetLastSavedGamePath,func,Jones3D,0x0040c920,0x0040c6e0,consensus,verified,,hook,strong,no
jonesConfig_GameOverDialogInit,func,Jones3D,0x0040ca90,0x0040c850,consensus,verified,,hook,strong,no
jonesConfig_GameOverDialog_HandleWM_COMMAND,func,Jones3D,0x0040cbb0,0x0040c970,consensus,verified,,hook,strong,no
jonesConfig_ShowStatisticsDialog,func,Jones3D,0x0040cc20,0x0040c9e0,consensus,verified,,hook,strong,no
jonesConfig_StatisticsDialogProc,func,Jones3D,0x0040cc80,0x0040ca40,callers,verified,,hook,strong,yes
jonesConfig_sub_40D100,func,Jones3D,0x0040d100,0x0040cec0,consensus,verified,,hook,strong,no
jonesConfig_UpdateCurrentLevelNum,func,Jones3D,0x0040d1d0,0x0040cf90,consensus,verified,,hook,strong,no
jonesConfig_DrawImageOnDialogItem,func,Jones3D,0x0040d1e0,0x0040cfa0,consensus,verified,,hook,strong,no
jonesConfig_SetStatisticsDialogForLevel,func,Jones3D,0x0040d300,0x0040d0c0,consensus,verified,,hook,strong,no
jonesConfig_DrawStatisticDialogIQPoints,func,Jones3D,0x0040d480,0x0040d240,consensus,verified,,hook,strong,no
jonesConfig_InitStatisticDialog,func,Jones3D,0x0040d720,0x0040d4e0,consensus,verified,,hook,strong,no
jonesConfig_StatisticProc_HandleWM_COMMAND,func,Jones3D,0x0040d820,0x0040d5e0,consensus,verified,,hook,strong,no
jonesConfig_ShowLevelCompletedDialog,func,Jones3D,0x0040d870,0x0040d630,consensus,verified,,hook,strong,no
jonesConfig_LevelCompletedDialogProc,func,Jones3D,0x0040d950,0x0040d710,callers,verified,,hook,strong,yes
jonesConfig_InitLevelCompletedDialog,func,Jones3D,0x0040daa0,0x0040d860,consensus,verified,,hook,strong,no
jonesConfig_ChapterCompleteDialog_HandleWM_COMMAND,func,Jones3D,0x0040dc80,0x0040da40,consensus,verified,,hook,strong,no
jonesConfig_ShowStoreDialog,func,Jones3D,0x0040dd10,0x0040dad0,consensus,verified,,hook,strong,no
jonesConfig_StoreDialogProc,func,Jones3D,0x0040dd70,0x0040db30,callers,verified,,hook,strong,yes
jonesConfig_StoreHandleDragEvent,func,Jones3D,0x0040e010,0x0040ddd0,consensus,verified,,hook,strong,no
jonesConfig_StoreDialog_HandleWM_MBUTTONUP,func,Jones3D,0x0040e1b0,0x0040df70,consensus,verified,,hook,strong,no
jonesConfig_StoreDialog_HandleWM_MOUSEFIRST,func,Jones3D,0x0040e290,0x0040e050,consensus,verified,,hook,strong,no
jonesConfig_InitStoreDialog,func,Jones3D,0x0040e2d0,0x0040e090,consensus+review,verified,,hook,strong,no
jonesConfig_StoreInitItemIcons,func,Jones3D,0x0040e480,0x0040e240,consensus,verified,,hook,strong,no
jonesConfig_StoreSetListColumns,func,Jones3D,0x0040e4f0,0x0040e2b0,consensus+review,verified,,hook,strong,no
jonesConfig_StoreInitItemList,func,Jones3D,0x0040e5d0,0x0040e390,consensus,verified,,hook,strong,no
jonesConfig_UpdateBalances,func,Jones3D,0x0040e780,0x0040e540,consensus,verified,,hook,strong,no
jonesConfig_AddStoreCartItem,func,Jones3D,0x0040e820,0x0040e5e0,consensus+review,verified,+0x20,hook,strong,no
jonesConfig_RemoveStoreCartItem,func,Jones3D,0x0040eb70,0x0040e950,consensus,verified,,hook,strong,no
jonesConfig_StoreDialog_HandleWM_COMMAND,func,Jones3D,0x0040eca0,0x0040ea80,consensus,verified,,hook,strong,no
jonesConfig_ClearStoreCart,func,Jones3D,0x0040ed30,0x0040eb10,consensus,verified,,hook,strong,no
jonesConfig_ShowPurchaseMessageBox,func,Jones3D,0x0040edf0,0x0040ebd0,consensus,verified,,hook,strong,no
jonesConfig_PurchaseMessageBoxProc,func,Jones3D,0x0040ee10,0x0040ebf0,callers,verified,,hook,strong,yes
jonesConfig_InitPurchaseMessageBox,func,Jones3D,0x0040eed0,0x0040ecb0,consensus+review,verified,,hook,strong,no
jonesConfig_ShowDialogInsertCD,func,Jones3D,0x0040f120,0x0040ef00,consensus,verified,-0x10,hook,strong,no
jonesConfig_DialogInsertCDProc,func,Jones3D,0x0040f160,0x0040ef30,callers,verified,,hook,strong,yes
jonesConfig_InitDialogInsertCD,func,Jones3D,0x0040f1f0,0x0040efc0,consensus+review,verified,,hook,strong,no
jonesConfig_InsertCD_HandleWM_COMMAND,func,Jones3D,0x0040f250,0x0040f020,consensus,verified,,hook,strong,no
JonesConsole_Startup,func,Jones3D,0x0040f290,0x0040f060,consensus,verified,,hook,strong,no
JonesConsole_Shutdown,func,Jones3D,0x0040f310,0x0040f0e0,consensus,verified,,hook,strong,no
JonesConsole_Open,func,Jones3D,0x0040f340,0x0040f110,consensus+review,verified,,hook,strong,no
JonesConsole_Close,func,Jones3D,0x0040f430,0x0040f200,consensus,verified,,hook,strong,no
JonesConsole_FlushToDisplay,func,Jones3D,0x0040f4a0,0x0040f270,interpolated,verified,,hook,weak,yes
JonesConsole_PrintText,func,Jones3D,0x0040f6a0,0x0040f470,consensus,verified,,hook,strong,yes
JonesConsole_PrintTextWithID,func,Jones3D,0x0040f7b0,0x0040f580,consensus,verified,,hook,strong,no
JonesConsole_ClearText,func,Jones3D,0x0040f8e0,0x0040f6b0,consensus,verified,,hook,strong,no
JonesConsole_ExeCommand,func,Jones3D,0x0040f960,0x0040f730,consensus,verified,,hook,strong,no
JonesConsole_ShowConsole,func,Jones3D,0x0040fa60,0x0040f830,consensus,verified,,hook,strong,no
JonesConsole_HandelChar,func,Jones3D,0x0040faa0,0x0040f870,consensus,verified,,hook,strong,no
JonesConsole_FlushCommandLine,func,Jones3D,0x0040fb50,0x0040f920,consensus,verified,,hook,strong,no
JonesConsole_HideConsole,func,Jones3D,0x0040fb70,0x0040f940,consensus,verified,,hook,strong,no
JonesConsole_PrintVersion,func,Jones3D,0x0040fba0,0x0040f970,manual,verified,,hook,strong,yes
JonesConsole_PrintFramerate,func,Jones3D,0x0040fbc0,0x0040f990,manual,verified,,hook,strong,yes
JonesConsole_PrintPolys,func,Jones3D,0x0040fbe0,0x0040f9b0,manual,verified,,hook,strong,yes
JonesConsole_ShowEndCredits,func,Jones3D,0x0040fc80,0x0040fa50,manual,verified,,hook,strong,yes
JonesConsole_RemoveExpired,func,Jones3D,0x0040fc90,0x0040fa60,consensus,verified,,hook,strong,no
JonesControl_Startup,func,Jones3D,0x0040fd80,0x0040fb50,consensus,verified,,hook,strong,no
JonesControl_Shutdown,func,Jones3D,0x0040fe90,0x0040fc60,consensus,verified,,hook,strong,no
JonesControl_ProcessControls,func,Jones3D,0x0040fea0,0x0040fc70,interpolated,verified,,hook,weak,yes
JonesControl_EnableJoystickAxes,func,Jones3D,0x0040fee0,0x0040fcb0,consensus,verified,,hook,strong,no
JonesDialog_InitCursorTracking,func,Jones3D,0x0040ff30,0x0040fd00,consensus+review,verified,,hook,strong,no
JonesDialog_TrackCursor,func,Jones3D,0x004102f0,0x004100c0,consensus+review,verified,,hook,strong,no
JonesDialog_ResetCursorTracking,func,Jones3D,0x004106d0,0x004104a0,consensus,verified,,hook,strong,no
JonesDialog_CopyRectToDrawBuffer,func,Jones3D,0x00410760,0x00410530,consensus+review,verified,,hook,strong,no
JonesDialog_RestoreBackground,func,Jones3D,0x00410990,0x00410760,consensus+review,verified,,hook,strong,no
JonesDialog_ShowDialog,func,Jones3D,0x00410a70,0x00410840,consensus,verified,,hook,strong,no
JonesDialog_SetGameState,func,Jones3D,0x00410b50,0x00410920,consensus,verified,,hook,strong,no
JonesDialog_ResetGameState,func,Jones3D,0x00410e40,0x00410c10,consensus,verified,,hook,strong,no
JonesDialog_DummyFlipGDI,func,Jones3D,0x00410f00,0x00410cd0,interpolated+review,verified,,hook,weak,yes
JonesDialog_SubclassDialogProc,func,Jones3D,0x00410f10,0x00410ce0,callers+review,verified,,hook,strong,yes
JonesDialog_SubclassDialogWindowProc,func,Jones3D,0x00411200,0x00410fd0,callers+review,verified,,hook,strong,yes
JonesDialog_HandleWM_ERASEBKGND,func,Jones3D,0x00411a30,0x00411800,consensus+review,verified,,hook,strong,no
JonesDialog_HandleWM_PAINT,func,Jones3D,0x00411af0,0x004118c0,consensus+review,verified,,hook,strong,no
JonesDialog_HandleWM_NCPAINT,func,Jones3D,0x00411ba0,0x00411970,consensus+review,verified,,hook,strong,no
JonesDialog_AllocScreenDBISection,func,Jones3D,0x00411c80,0x00411a50,consensus,verified,,hook,strong,no
JonesDialog_AllocOffScreenGDISection,func,Jones3D,0x00411d90,0x00411b60,consensus+review,verified,,hook,strong,no
JonesDialog_FreeScreenDIBSection,func,Jones3D,0x00411f10,0x00411ce0,consensus,verified,,hook,strong,no
JonesDialog_AllocOffScreenDIBSection,func,Jones3D,0x00411f80,0x00411d50,consensus+review,verified,,hook,strong,no
JonesDialog_FreeOffScreenDIBSection,func,Jones3D,0x00412080,0x00411e50,consensus,verified,,hook,strong,no
JonesDialog_ShowFileSelectDialog,func,Jones3D,0x004120d0,0x00411ea0,consensus,verified,,hook,strong,no
JonesDialog_SubclassFileDialogProc,func,Jones3D,0x004121c0,0x00411f90,callers+review,verified,,hook,strong,yes
JonesDisplay_Startup,func,Jones3D,0x00412490,0x00412260,consensus,verified,,hook,strong,no
JonesDisplay_Shutdown,func,Jones3D,0x004126f0,0x004124c0,consensus,verified,,hook,strong,no
JonesDisplay_Restart,func,Jones3D,0x00412720,0x004124f0,consensus,verified,,hook,strong,no
JonesDisplay_SetDefaultVideoMode,func,Jones3D,0x00412750,0x00412520,consensus,verified,,hook,strong,no
JonesDisplay_Open,func,Jones3D,0x004129c0,0x00412790,consensus,verified,,hook,strong,no
JonesDisplay_Close,func,Jones3D,0x00412a80,0x00412850,consensus,verified,,hook,strong,no
JonesDisplay_EnableDualMonitor,func,Jones3D,0x00412ab0,0x00412880,consensus,verified,,hook,strong,no
JonesDisplay_UpdateDualScreenWindowSize,func,Jones3D,0x00412ac0,0x00412890,consensus,verified,,hook,strong,no
JonesDisplay_OpenLoadScreen,func,Jones3D,0x00412b00,0x004128d0,consensus,verified,,hook,strong,no
JonesDisplay_CloseLoadScreen,func,Jones3D,0x00412b80,0x00412950,consensus,verified,,hook,strong,no
JonesDisplay_UpdateLoadProgress,func,Jones3D,0x00412bc0,0x00412990,consensus,verified,,hook,strong,yes
JonesFile_Startup,func,Jones3D,0x00412e70,0x00412c40,consensus,verified,,hook,strong,no
JonesFile_Shutdown,func,Jones3D,0x00412ea0,0x00412c70,consensus,verified,,hook,strong,no
JonesFile_Open,func,Jones3D,0x00412ed0,0x00412ca0,consensus,verified,,hook,strong,no
JonesFile_Close,func,Jones3D,0x00412fa0,0x00412d70,consensus,verified,,hook,strong,no
JonesFile_GetCurrentCDNum,func,Jones3D,0x00413060,0x00412e30,consensus+review,verified,,hook,strong,no
JonesFile_FileExists,func,Jones3D,0x004130e0,0x00412eb0,consensus+review,verified,,hook,weak,no
JonesFile_SetInstallPath,func,Jones3D,0x00413110,0x00412ee0,consensus,verified,,hook,strong,no
JonesFile_SetCDPath,func,Jones3D,0x00413140,0x00412f10,consensus+review,verified,,hook,strong,no
JonesFile_InitServices,func,Jones3D,0x004131c0,0x00412f90,consensus,verified,,hook,strong,no
JonesFile_ResetServices,func,Jones3D,0x00413250,0x00413020,consensus,verified,,hook,strong,no
JonesFile_OpenResource,func,Jones3D,0x00413300,0x004130d0,consensus+review,verified,,hook,strong,no
JonesFile_CloseResource,func,Jones3D,0x00413410,0x004131e0,consensus,verified,,hook,strong,no
JonesFile_OpenFile,func,Jones3D,0x00413450,0x00413220,interpolated+review,verified,,hook,strong,yes
JonesFile_CloseFile,func,Jones3D,0x00413660,0x00413430,consensus,verified,,hook,strong,yes
JonesFile_FileRead,func,Jones3D,0x00413700,0x004134d0,interpolated,verified,,hook,weak,yes
JonesFile_FileWrite,func,Jones3D,0x00413790,0x00413560,interpolated+review,verified,,hook,strong,yes
JonesFile_FileGets,func,Jones3D,0x00413830,0x00413600,interpolated,verified,,hook,weak,yes
JonesFile_FileEOF,func,Jones3D,0x004138c0,0x00413690,interpolated,verified,,hook,weak,yes
JonesFile_FileTell,func,Jones3D,0x00413930,0x00413700,interpolated,verified,,hook,weak,yes
JonesFile_FileSeek,func,Jones3D,0x004139a0,0x00413770,interpolated,verified,,hook,weak,yes
JonesFile_FileSize,func,Jones3D,0x00413a30,0x00413800,interpolated,verified,,hook,weak,yes
JonesFile_FilePrintf,func,Jones3D,0x00413a50,0x00413820,interpolated+review,verified,,hook,strong,yes
JonesHud_Startup,func,Jones3D,0x00413b00,0x004138d0,consensus,verified,,hook,strong,no
JonesHud_Shutdown,func,Jones3D,0x00413c30,0x00413a00,consensus,verified,,hook,strong,no
JonesHud_Open,func,Jones3D,0x00413da0,0x00413b70,consensus+review,verified,,hook,strong,no
JonesHud_Close,func,Jones3D,0x00414240,0x00414010,consensus,verified,,hook,strong,no
JonesHud_ToggleMenu,func,Jones3D,0x004143e0,0x004141b0,consensus,verified,,hook,strong,no
JonesHud_EnableMenu,func,Jones3D,0x004144e0,0x004142b0,consensus,verified,,hook,strong,no
JonesHud_IsMenuEnabled,func,Jones3D,0x004144f0,0x004142c0,consensus,verified,,hook,strong,no
JonesHud_Process,func,Jones3D,0x00414500,0x004142d0,consensus,verified,,hook,strong,no
JonesHud_Update,func,Jones3D,0x004149f0,0x004147c0,consensus,verified,,hook,strong,no
JonesHud_SetCanvasSize,func,Jones3D,0x00414b80,0x00414950,consensus,verified,,hook,strong,no
JonesHud_UpdateSinCosTable,func,Jones3D,0x00414c60,0x00414a30,consensus,verified,,hook,strong,no
JonesHud_UpdateHUDLayout,func,Jones3D,0x00414cc0,0x00414a90,consensus,verified,,hook,strong,no
JonesHud_MenuOpen,func,Jones3D,0x00414e90,0x00414c60,consensus,verified,,hook,strong,no
JonesHud_MenuClose,func,Jones3D,0x00414ff0,0x00414dc0,consensus,verified,,hook,strong,no
JonesHud_StartItemTranslation,func,Jones3D,0x004152b0,0x00415080,consensus,verified,,hook,strong,no
JonesHud_HasTimeElapsed,func,Jones3D,0x00415330,0x00415100,consensus,verified,,hook,strong,no
JonesHud_RenderEnduranceIndicator,func,Jones3D,0x00415370,0x00415140,consensus,verified,,hook,strong,no
JonesHud_DrawEnduranceIndicator,func,Jones3D,0x00415550,0x00415320,consensus,verified,,hook,strong,no
JonesHud_SetFadeHealthHUD,func,Jones3D,0x00415750,0x00415520,consensus,verified,,hook,strong,no
JonesHud_RenderHealthIndicator,func,Jones3D,0x00415780,0x00415550,consensus,verified,,hook,strong,no
JonesHud_DrawHealthIndicator,func,Jones3D,0x00415980,0x00415750,consensus,verified,,hook,strong,no
JonesHud_DrawHealthHitOverlay,func,Jones3D,0x00415a80,0x00415850,consensus,verified,,hook,strong,no
JonesHud_RenderHealthIndicatorHit,func,Jones3D,0x00415be0,0x004159b0,consensus,verified,,hook,strong,no
JonesHud_DrawHealthIndicatorBase,func,Jones3D,0x00415d50,0x00415b20,consensus,verified,,hook,strong,no
JonesHud_DrawHealthIndicatorBar,func,Jones3D,0x00415e80,0x00415c50,consensus,verified,,hook,strong,no
JonesHud_DrawIndicatorBar,func,Jones3D,0x00415fb0,0x00415d80,consensus,verified,,hook,strong,no
JonesHud_Draw,func,Jones3D,0x00416380,0x00416150,consensus,verified,,hook,strong,no
JonesHud_ProcessInventoryMenu,func,Jones3D,0x00416570,0x00416340,consensus,verified,,hook,strong,no
JonesHud_MenuMoveLeft,func,Jones3D,0x004166a0,0x00416470,consensus,verified,,hook,strong,no
JonesHud_MenuMoveRight,func,Jones3D,0x00416790,0x00416560,consensus,verified,,hook,strong,no
JonesHud_MenuMoveDown,func,Jones3D,0x00416900,0x004166d0,consensus,verified,,hook,strong,no
JonesHud_SetSelectedMenuItem,func,Jones3D,0x00416c60,0x00416a30,consensus,verified,,hook,strong,no
JonesHud_MenuMoveUp,func,Jones3D,0x00416cf0,0x00416ac0,consensus,verified,,hook,strong,no
JonesHud_BindActivateControlKeys,func,Jones3D,0x00417100,0x00416ed0,consensus,verified,,hook,strong,no
JonesHud_GetKey,func,Jones3D,0x00417150,0x00416f20,consensus,verified,,hook,strong,no
JonesHud_InitializeMenu,func,Jones3D,0x00417330,0x00417100,consensus+review,verified,,hook,strong,no
JonesHud_InitializeMenuSounds,func,Jones3D,0x00417510,0x004172e0,consensus,verified,,hook,strong,no
JonesHud_NewMenuItem,func,Jones3D,0x00417560,0x00417330,consensus,verified,,hook,strong,no
JonesHud_FreeMenuItem,func,Jones3D,0x00417660,0x00417430,consensus,verified,,hook,strong,no
JonesHud_UpdateItem,func,Jones3D,0x00417680,0x00417450,consensus,verified,,hook,strong,no
JonesHud_RenderMenuItems,func,Jones3D,0x00417f50,0x00417d20,consensus,verified,,hook,strong,no
JonesHud_RenderMenuItem,func,Jones3D,0x00418050,0x00417e20,consensus+review,verified,,hook,strong,no
JonesHud_MenuActivateItem,func,Jones3D,0x00418b80,0x00418950,consensus+review,verified,,hook,strong,no
JonesHud_ResetMenuItems,func,Jones3D,0x00419200,0x00418fd0,consensus,verified,,hook,strong,no
JonesHud_SetLeftRightItems,func,Jones3D,0x004198a0,0x00419670,consensus,verified,,hook,strong,no
JonesHud_SetDownUpItems,func,Jones3D,0x004198c0,0x00419690,consensus,verified,,hook,strong,no
JonesHud_MenuExpandColumn,func,Jones3D,0x004198e0,0x004196b0,consensus,verified,,hook,strong,no
JonesHud_MenuCollapseColumn,func,Jones3D,0x00419b50,0x00419920,consensus,verified,,hook,strong,no
JonesHud_InventoryItemChanged,func,Jones3D,0x00419de0,0x00419bb0,consensus,verified,,hook,strong,no
JonesHud_RenderInventoryItemChange,func,Jones3D,0x0041a190,0x00419f60,consensus,verified,,hook,strong,no
JonesHud_RenderChangedItem,func,Jones3D,0x0041a630,0x0041a400,consensus,verified,,hook,strong,no
JonesHud_ShowLevelCompleted,func,Jones3D,0x0041a810,0x0041a5e0,consensus,verified,,hook,strong,no
JonesHud_OpenHelp,func,Jones3D,0x0041ad20,0x0041aaf0,consensus+review,verified,,hook,strong,no
JonesHud_ShowGameOverDialog,func,Jones3D,0x0041ae30,0x0041ac00,consensus,verified,,hook,strong,no
JonesHud_GetHealthBarAlpha,func,Jones3D,0x0041afc0,0x0041ad90,consensus,verified,,hook,strong,no
JonesHud_SetHealthBarAlpha,func,Jones3D,0x0041afd0,0x0041ada0,consensus,verified,,hook,strong,no
JonesHud_CutsceneStart,func,Jones3D,0x0041afe0,0x0041adb0,consensus,verified,,hook,strong,no
JonesHud_EnableInterface,func,Jones3D,0x0041aff0,0x0041adc0,consensus,verified,,hook,strong,no
JonesHud_DrawCredits,func,Jones3D,0x0041b000,0x0041add0,consensus,verified,,hook,strong,no
JonesHud_InitializeGameStatistics,func,Jones3D,0x0041c1a0,0x0041bf70,consensus,verified,,hook,strong,no
JonesHud_RestoreGameStatistics,func,Jones3D,0x0041c2a0,0x0041c070,consensus,verified,,hook,strong,no
JonesHud_RestoreTreasuresStatistics,func,Jones3D,0x0041c2b0,0x0041c080,consensus,verified,,hook,strong,no
jonesInventory_Open,func,Jones3D,0x0041c2f0,0x0041c0c0,consensus,verified,,hook,strong,no
jonesInventory_Load,func,Jones3D,0x0041c320,0x0041c0f0,consensus,verified,,hook,strong,no
jonesInventory_Close,func,Jones3D,0x0041c670,0x0041c440,consensus,verified,,hook,strong,no
jonesInventory_ActivateItem,func,Jones3D,0x0041c680,0x0041c450,consensus,verified,,hook,strong,no
jonesInventory_UseItem,func,Jones3D,0x0041c6a0,0x0041c470,consensus,verified,,hook,strong,no
jonesInventory_ResetGameStatistics,func,Jones3D,0x0041c740,0x0041c510,consensus,verified,,hook,strong,no
jonesInventory_GetMaxDifficultyLevel,func,Jones3D,0x0041c7b0,0x0041c580,consensus,verified,,hook,strong,no
jonesInventory_UpdateSolvedHintsStatistics,func,Jones3D,0x0041c7c0,0x0041c590,consensus,verified,,hook,strong,no
jonesInventory_UpdateIQPoints,func,Jones3D,0x0041c830,0x0041c600,consensus,verified,,hook,strong,yes
jonesInventory_GetTotalIQPoints,func,Jones3D,0x0041c8e0,0x0041c6b0,consensus,verified,,hook,strong,no
jonesInventory_AdvanceStatistics,func,Jones3D,0x0041c980,0x0041c750,consensus,verified,,hook,strong,no
jonesInventory_AdvanceFoundTreasuresStatistics,func,Jones3D,0x0041cab0,0x0041c880,consensus,verified,,hook,strong,no
jonesInventory_UpdateGameTimeStatistics,func,Jones3D,0x0041cae0,0x0041c8b0,consensus,verified,,hook,strong,no
jonesInventory_UpdateLevelStatisticTime,func,Jones3D,0x0041cb50,0x0041c920,consensus,verified,,hook,strong,no
jonesInventory_ResetStatisticsGameTime,func,Jones3D,0x0041cc00,0x0041c9d0,consensus,verified,,hook,strong,no
Indy3D_WinMain,func,Jones3D,0x0041cc10,0x0041c9e0,consensus+review,verified,,hook,strong,no
JonesMain_Startup,func,Jones3D,0x0041cc70,0x0041ca40,consensus+review,verified,,hook,strong,no
JonesMain_GameWndProc,func,Jones3D,0x0041d3d0,0x0041d1a0,callers,verified,,hook,strong,yes
JonesMain_HandleWMGetMinMaxInfo,func,Jones3D,0x0041d520,0x0041d2f0,consensus,verified,,hook,strong,no
JonesMain_HandleWMPaint,func,Jones3D,0x0041d5c0,0x0041d390,consensus,verified,,hook,strong,no
JonesMain_HandleWMTimer,func,Jones3D,0x0041d630,0x0041d400,consensus,verified,,hook,strong,no
JonesMain_HandleWMKeydown,func,Jones3D,0x0041d650,0x0041d420,consensus,verified,,hook,strong,no
JonesMain_PrintQuickSave,func,Jones3D,0x0041d990,0x0041d760,consensus+review,verified,,hook,strong,no
JonesMain_HandleWMActivateApp,func,Jones3D,0x0041dae0,0x0041d8b0,consensus,verified,,hook,strong,no
JonesMain_HandleWMActivate,func,Jones3D,0x0041db10,0x0041d8e0,consensus,verified,,hook,strong,no
JonesMain_OnAppActivate,func,Jones3D,0x0041db60,0x0041d930,consensus,verified,,hook,strong,no
JonesMain_HandleWMChar,func,Jones3D,0x0041dc40,0x0041da10,consensus,verified,,hook,strong,no
JonesMain_HandleWMSysCommand,func,Jones3D,0x0041dc60,0x0041da30,consensus,verified,,hook,strong,no
JonesMain_HandleWMPowerBroadcast,func,Jones3D,0x0041dc80,0x0041da50,consensus+review,verified,,hook,strong,no
JonesMain_Shutdown,func,Jones3D,0x0041dd50,0x0041db20,consensus,verified,,hook,strong,no
JonesMain_PauseGame,func,Jones3D,0x0041de60,0x0041dc30,consensus,verified,,hook,strong,no
JonesMain_ResumeGame,func,Jones3D,0x0041de80,0x0041dc50,consensus,verified,,hook,strong,no
JonesMain_IsGamePaused,func,Jones3D,0x0041dea0,0x0041dc70,consensus+review,verified,,hook,strong,no
JonesMain_Process,func,Jones3D,0x0041deb0,0x0041dc80,consensus+review,verified,,hook,weak,no
JonesMain_ProcessWindowEvents,func,Jones3D,0x0041dec0,0x0041dc90,callers,verified,,hook,strong,yes
JonesMain_ProcessGame,func,Jones3D,0x0041ded0,0x0041dca0,callers+review,verified,,hook,strong,yes
JonesMain_ProcessMenu,func,Jones3D,0x0041e120,0x0041def0,consensus,verified,,hook,strong,no
JonesMain_PrintFramerate,func,Jones3D,0x0041e1e0,0x0041dfb0,consensus,verified,,hook,strong,no
JonesMain_TogglePrintFramerate,func,Jones3D,0x0041e300,0x0041e0d0,consensus,verified,,hook,strong,no
JonesMain_Open,func,Jones3D,0x0041e320,0x0041e0f0,consensus,verified,,hook,strong,no
JonesMain_EnsureLevelFile,func,Jones3D,0x0041e520,0x0041e2f0,consensus,verified,,hook,strong,no
JonesMain_Close,func,Jones3D,0x0041e5b0,0x0041e380,consensus,verified,,hook,strong,no
JonesMain_Restore,func,Jones3D,0x0041e5c0,0x0041e390,consensus+review,verified,,hook,strong,no
JonesMain_ProcessGamesaveState,func,Jones3D,0x0041e730,0x0041e500,consensus+review,verified,,hook,strong,no
JonesMain_UpdateLevelNum,func,Jones3D,0x0041e8b0,0x0041e680,consensus,verified,,hook,strong,no
JonesMain_ProcessStartGame,func,Jones3D,0x0041e9c0,0x0041e790,callers+review,verified,,hook,strong,yes
JonesMain_SetBonusLevel,func,Jones3D,0x0041ea90,0x0041e860,consensus,verified,,hook,strong,no
JonesMain_ShowEndCredits,func,Jones3D,0x0041ead0,0x0041e8a0,consensus,verified,,hook,strong,no
JonesMain_ProcessCredits,func,Jones3D,0x0041eae0,0x0041e8b0,callers,verified,,hook,strong,yes
JonesMain_HasStarted,func,Jones3D,0x0041ec10,0x0041e9e0,consensus,verified,,hook,strong,no
JonesMain_GetDisplayEnvironment,func,Jones3D,0x0041ec20,0x0041e9f0,consensus,verified,,hook,strong,no
JonesMain_GetDisplaySettings,func,Jones3D,0x0041ec30,0x0041ea00,consensus,verified,,hook,strong,no
JonesMain_CloseWindow,func,Jones3D,0x0041ec40,0x0041ea10,consensus,verified,,hook,strong,no
JonesMain_FilePrintf,func,Jones3D,0x0041ec60,0x0041ea30,consensus+review,verified,,hook,weak,yes
JonesMain_LogError,func,Jones3D,0x0041ecb0,0x0041ea80,interpolated,verified,,hook,weak,yes
JonesMain_RefreshDisplayDevice,func,Jones3D,0x0041ed50,0x0041eb20,consensus,verified,,hook,strong,no
JonesMain_PlayIntroMovie,func,Jones3D,0x0041ed60,0x0041eb30,consensus+review,verified,,hook,strong,no
JonesMain_IntroWndProc,func,Jones3D,0x0041f4d0,0x0041f2a0,interpolated,verified,,hook,weak,yes
JonesMain_IntroHandleWMLButtonUp,func,Jones3D,0x0041f5d0,0x0041f3a0,consensus,verified,,hook,strong,no
JonesMain_IntroHandleWMKeydown,func,Jones3D,0x0041f5e0,0x0041f3b0,consensus,verified,,hook,strong,no
JonesMain_IntroMovieBlt565,func,Jones3D,0x0041f6a0,0x0041f470,interpolated,verified,,hook,weak,yes
JonesMain_IntroMovieBlt555,func,Jones3D,0x0041f7c0,0x0041f590,interpolated,verified,,hook,weak,yes
JonesMain_IntroMovieBlt32,func,Jones3D,0x0041f900,0x0041f6d0,interpolated,verified,,hook,weak,yes
JonesMain_Assert,func,Jones3D,0x0041fa30,0x0041f800,interpolated,verified,,hook,weak,yes
JonesMain_BindToggleMenuControlKeys,func,Jones3D,0x0041faf0,0x0041f8c0,consensus,verified,,hook,strong,no
JonesMain_InitializeHUD,func,Jones3D,0x0041fb20,0x0041f8f0,interpolated,verified,,hook,weak,yes
JonesMain_SaveHUD,func,Jones3D,0x0041fb50,0x0041f920,interpolated,verified,,hook,weak,yes
JonesMain_RestoreHUD,func,Jones3D,0x0041fba0,0x0041f970,manual,verified,,hook,strong,yes
JonesMain_GetCurrentLevelNum,func,Jones3D,0x0041fc00,0x0041f9d0,consensus,verified,,hook,strong,no
JonesMain_LogErrorToFile,func,Jones3D,0x0041fc10,0x0041f9e0,consensus+review,verified,,hook,strong,no
JonesMain_LoadSettings,func,Jones3D,0x0041fd50,0x0041fb20,consensus+review,verified,,hook,strong,no
JonesMain_ShowDevDialog,func,Jones3D,0x004203a0,0x00420170,consensus,verified,,hook,strong,no
JonesMain_DevDialogProc,func,Jones3D,0x004203e0,0x004201b0,callers,verified,,hook,strong,yes
JonesMain_InitDevDialog,func,Jones3D,0x00420460,0x00420230,consensus+review,verified,,hook,strong,no
JonesMain_DevDialogHandleCommand,func,Jones3D,0x00420b90,0x00420960,consensus,verified,,hook,strong,no
JonesMain_DevDialogInitDisplayDevices,func,Jones3D,0x004213d0,0x004211a0,consensus+review,verified,,hook,strong,no
JonesMain_DevDialogUpdateRadioButtons,func,Jones3D,0x004218f0,0x004216c0,consensus,verified,,hook,strong,no
JonesMain_FindClosestVideoMode,func,Jones3D,0x00421a90,0x00421860,consensus,verified,,hook,strong,no
JonesMain_CurDisplaySupportsBPP,func,Jones3D,0x00421b50,0x00421920,consensus,verified,,hook,strong,no
jonesString_GetString,func,Jones3D,0x00421c60,0x00421a30,consensus,verified,,hook,strong,no
jonesString_Startup,func,Jones3D,0x00421d00,0x00421ad0,consensus+review,verified,,hook,strong,no
jonesString_Shutdown,func,Jones3D,0x00421d60,0x00421b30,consensus,verified,,hook,strong,no
sithCog_Startup,func,sith,0x00421da0,0x00421b70,consensus+review,verified,,hook,strong,no
sithCog_Shutdown,func,sith,0x00421e70,0x00421c40,consensus,verified,,hook,strong,no
sithCog_Open,func,sith,0x00421ec0,0x00421c90,consensus+review,verified,,hook,strong,no
sithCog_Close,func,sith,0x004222d0,0x004220a0,consensus,verified,,hook,strong,no
sithCog_FreeWorldCogs,func,sith,0x00422310,0x004220e0,consensus,verified,,hook,strong,no
sithCog_FreeScriptEntry,func,sith,0x004223f0,0x004221c0,consensus,verified,,hook,strong,no
sithCog_FreeEntry,func,sith,0x00422480,0x00422250,consensus,verified,,hook,strong,no
sithCog_UpdateThingTimer,func,sith,0x004224c0,0x00422290,consensus,verified,,hook,strong,no
sithCog_BroadcastMessage,func,sith,0x00422520,0x004222f0,consensus,verified,,hook,strong,no
sithCog_BroadcastMessageEx,func,sith,0x00422550,0x00422320,consensus,verified,,hook,strong,no
sithCog_SendMessage,func,sith,0x00422620,0x004223f0,consensus+review,verified,,hook,strong,no
sithCog_SendMessageEx,func,sith,0x00422840,0x00422610,consensus+review,verified,,hook,strong,no
sithCog_AllocWorldCogScripts,func,sith,0x00422aa0,0x00422870,consensus+review,verified,,hook,strong,no
sithCog_AllocWorldCogs,func,sith,0x00422b80,0x00422950,consensus+review,verified,,hook,strong,no
sithCog_GetSymbolRefInitializer,func,sith,0x00422c60,0x00422a30,consensus+review,verified,,hook,strong,no
sithCog_ReadCogsListText,func,sith,0x00423090,0x00422e60,callers+review,verified,,hook,strong,yes
sithCog_WriteCogsListBinary,func,sith,0x00423390,0x00423160,interpolated,verified,,hook,weak,yes
sithCog_ReadCogsListBinary,func,sith,0x004235c0,0x00423390,interpolated,verified,,hook,weak,yes
sithCog_ParseSymbolRef,func,sith,0x004237d0,0x004235a0,consensus+review,verified,,hook,strong,no
sithCog_LinkCog,func,sith,0x00423b40,0x00423910,consensus+review,verified,,hook,strong,no
sithCog_Load,func,sith,0x00423ce0,0x00423ab0,consensus+review,verified,,hook,strong,no
sithCog_GetCogByIndex,func,sith,0x00423e30,0x00423c00,consensus,verified,,hook,strong,no
sithCog_GetCog,func,sith,0x00423e80,0x00423c50,consensus+review,verified,,hook,strong,no
sithCog_LinkCogToThing,func,sith,0x00423f20,0x00423cf0,consensus,verified,,hook,strong,no
sithCog_LinkCogToSurface,func,sith,0x00423ff0,0x00423dc0,consensus,verified,,hook,strong,no
sithCog_LinkCogToSector,func,sith,0x004240a0,0x00423e70,consensus,verified,,hook,strong,no
sithCog_FixupLinksToThings,func,sith,0x00424160,0x00423f30,consensus,verified,,hook,strong,no
sithCog_ThingSendMessage,func,sith,0x00424190,0x00423f60,consensus,verified,,hook,strong,no
sithCog_ThingSendMessageEx,func,sith,0x004241b0,0x00423f80,consensus,verified,,hook,strong,no
sithCog_SectorSendMessage,func,sith,0x004243f0,0x004241c0,consensus,verified,,hook,strong,no
sithCog_SectorSendMessageEx,func,sith,0x00424410,0x004241e0,consensus,verified,,hook,strong,no
sithCog_SurfaceSendMessage,func,sith,0x00424550,0x00424320,consensus,verified,,hook,strong,no
sithCog_SurfaceSendMessageEx,func,sith,0x00424570,0x00424340,consensus,verified,,hook,strong,no
sithCog_ReadCogScriptsListText,func,sith,0x004246b0,0x00424480,callers+review,verified,,hook,strong,yes
sithCog_WriteCogScriptsListBinary,func,sith,0x004248e0,0x004246b0,interpolated+review,verified,,hook,weak,yes
sithCog_ReadCogScriptsListBinary,func,sith,0x00424950,0x00424720,interpolated,verified,,hook,weak,yes
sithCog_LoadScript,func,sith,0x004249d0,0x004247a0,consensus+review,verified,,hook,strong,no
sithCog_ProcessCog,func,sith,0x00424b30,0x00424900,consensus+review,verified,,hook,strong,no
sithCog_ProcessCogs,func,sith,0x00424f70,0x00424d40,consensus,verified,,hook,strong,no
sithCog_AddIntSymbol,func,sith,0x00425010,0x00424de0,consensus,verified,,hook,strong,no
sithCog_TimerEventTask,func,sith,0x00425080,0x00424e50,callers,verified,,hook,strong,yes
sithCog_GetScript,func,sith,0x004250e0,0x00424eb0,consensus,verified,,hook,strong,no
sithCog_AddScript,func,sith,0x00425140,0x00424f10,consensus,verified,,hook,strong,no
sithCog_RemoveScript,func,sith,0x004251d0,0x00424fa0,consensus,verified,,hook,strong,no
sithCog_Initialize,func,sith,0x00425260,0x00425030,consensus+review,verified,,hook,strong,no
sithCog_AddFloatSymbol,func,sith,0x004256c0,0x00425490,consensus,verified,,hook,strong,no
sithCog_RegisterFunction,func,sith,0x00425730,0x00425500,consensus,verified,,hook,strong,no
sithCog_IsThingLinked,func,sith,0x004257a0,0x00425570,consensus,verified,,hook,strong,no
sithCogExec_Execute,func,sith,0x004257e0,0x004255b0,consensus,verified,,hook,strong,no
sithCogExec_ExecuteMessage,func,sith,0x00425960,0x00425730,consensus+review,verified,,hook,strong,no
sithCogExec_PopSymbol,func,sith,0x00425a50,0x00425820,consensus,verified,,hook,strong,no
sithCogExec_PopFlex,func,sith,0x00425ae0,0x004258b0,consensus+review,verified,,hook,strong,no
sithCogExec_PopInt,func,sith,0x00425bb0,0x00425980,consensus+review,verified,,hook,strong,no
sithCogExec_PopArray,func,sith,0x00425c70,0x00425a40,consensus,verified,,hook,strong,no
sithCogExec_PopVector,func,sith,0x00425cd0,0x00425aa0,consensus+review,verified,,hook,strong,no
sithCogExec_PopCog,func,sith,0x00425dd0,0x00425ba0,consensus+review,verified,,hook,strong,no
sithCogExec_PopThing,func,sith,0x00425e80,0x00425c50,consensus,verified,,hook,strong,no
sithCogExec_TryPopThing,func,sith,0x00425f20,0x00425cf0,consensus,verified,,hook,strong,no
sithCogExec_PopTemplate,func,sith,0x00425fc0,0x00425d90,consensus+review,verified,,hook,strong,no
sithCogExec_PopSound,func,sith,0x004260a0,0x00425e70,consensus,verified,,hook,strong,no
sithCogExec_PopSector,func,sith,0x004260e0,0x00425eb0,consensus+review,verified,,hook,strong,no
sithCogExec_PopSurface,func,sith,0x00426170,0x00425f40,consensus+review,verified,,hook,strong,no
sithCogExec_PopMaterial,func,sith,0x00426200,0x00425fd0,consensus+review,verified,,hook,strong,no
sithCogExec_PopModel3,func,sith,0x004262e0,0x004260b0,consensus,verified,,hook,strong,no
sithCogExec_PopKeyframe,func,sith,0x004263b0,0x00426180,consensus,verified,,hook,strong,no
sithCogExec_PopAIClass,func,sith,0x00426480,0x00426250,consensus+review,verified,,hook,strong,no
sithCogExec_PopString,func,sith,0x00426510,0x004262e0,consensus,verified,,hook,strong,no
sithCogExec_PushStack,func,sith,0x004265a0,0x00426370,consensus+review,verified,,hook,strong,no
sithCogExec_PushInt,func,sith,0x004266b0,0x00426480,consensus,verified,,hook,strong,no
sithCogExec_PushFlex,func,sith,0x004266e0,0x004264b0,consensus,verified,,hook,strong,no
sithCogExec_PushVector,func,sith,0x00426710,0x004264e0,consensus,verified,,hook,strong,no
sithCogExec_GetOpCode,func,sith,0x00426750,0x00426520,consensus+review,verified,,hook,strong,no
sithCogExec_ResetStack,func,sith,0x004267e0,0x004265b0,consensus,verified,,hook,strong,no
sithCogExec_PushCallstack,func,sith,0x00426820,0x004265f0,consensus+review,verified,,hook,strong,no
sithCogExec_PopCallstack,func,sith,0x004268d0,0x004266a0,consensus,verified,,hook,strong,no
sithCogExec_PopStack,func,sith,0x00426930,0x00426700,consensus+review,verified,,hook,strong,no
sithCogExec_FunctionCallOp,func,sith,0x004269f0,0x004267c0,consensus+review,verified,,hook,strong,no
sithCogExec_RetOp,func,sith,0x00426ac0,0x00426890,consensus+review,verified,,hook,strong,no
sithCogExec_PushNumberOp,func,sith,0x00426b10,0x004268e0,consensus,verified,,hook,strong,no
sithCogExec_PushVectorOp,func,sith,0x00426b80,0x00426950,consensus,verified,,hook,strong,no
sithCogExec_CallOp,func,sith,0x00426bf0,0x004269c0,consensus+review,verified,,hook,strong,no
sithCogExec_JmpnzOp,func,sith,0x00426c90,0x00426a60,consensus,verified,,hook,strong,no
sithCogExec_JmpzOp,func,sith,0x00426ce0,0x00426ab0,consensus,verified,,hook,strong,no
sithCogExec_JmpOp,func,sith,0x00426d30,0x00426b00,consensus,verified,,hook,strong,no
sithCogExec_ArrayOp,func,sith,0x00426d70,0x00426b40,consensus,verified,,hook,strong,no
sithCogExec_NegFalseOps,func,sith,0x00426db0,0x00426b80,consensus,verified,,hook,strong,no
sithCogExec_AssignOp,func,sith,0x00426e30,0x00426c00,consensus+review,verified,,hook,strong,no
sithCogExec_IntererOps,func,sith,0x00426f00,0x00426cd0,consensus+review,verified,,hook,strong,no
sithCogExec_FloatOps,func,sith,0x00426fe0,0x00426db0,consensus,verified,,hook,strong,no
sithCogExec_GetSymbolValue,func,sith,0x004271c0,0x00426f90,consensus,verified,,hook,strong,no
sithPlayer_Open,func,sith,0x00427290,0x00427060,consensus,verified,,hook,strong,no
sithPlayer_Close,func,sith,0x004272c0,0x00427090,consensus,verified,,hook,strong,no
sithPlayer_GetLocalPlayerName,func,sith,0x004272d0,0x004270a0,consensus,verified,,hook,strong,no
sithPlayer_PlacePlayers,func,sith,0x004272e0,0x004270b0,consensus+review,verified,,hook,strong,no
sithPlayer_HidePlayer,func,sith,0x00427440,0x00427210,consensus,verified,,hook,strong,no
sithPlayer_ShowPlayer,func,sith,0x004274d0,0x004272a0,consensus,verified,,hook,strong,no
sithPlayer_SetLocalPlayer,func,sith,0x00427550,0x00427320,consensus,verified,,hook,strong,no
sithPlayer_Reset,func,sith,0x00427670,0x00427440,consensus+review,verified,,hook,strong,no
sithPlayer_Update,func,sith,0x00427700,0x004274d0,consensus,verified,,hook,strong,no
sithPlayer_NewPlayer,func,sith,0x00427980,0x00427750,consensus,verified,,hook,strong,no
sithPlayer_GetPlayerNum,func,sith,0x00427bb0,0x00427980,consensus,verified,,hook,strong,no
sithPlayer_PlayerKilledAction,func,sith,0x00427be0,0x004279b0,consensus,verified,,hook,strong,no
sithPlayer_KillPlayer,func,sith,0x00427c90,0x00427a60,consensus,verified,,hook,strong,no
sithPlayer_GetThingPlayerNum,func,sith,0x00427d50,0x00427b20,consensus,verified,,hook,strong,no
sithPlayer_ToggleGuybrush,func,sith,0x00427da0,0x00427b70,consensus,verified,,hook,strong,no
sithPlayer_IMPStartFiring,func,sith,0x00427e60,0x00427c30,consensus,verified,,hook,strong,no
sithPlayer_IMPEndFiring,func,sith,0x00427e70,0x00427c40,consensus,verified,,hook,strong,no
sithSoundMixer_Startup,func,sith,0x00427e90,0x00427c60,consensus,verified,,hook,strong,no
sithSoundMixer_Shutdown,func,sith,0x00427ee0,0x00427cb0,consensus,verified,,hook,strong,no
sithSoundMixer_ClearAmbientSector,func,sith,0x00427f00,0x00427cd0,consensus,verified,,hook,strong,no
sithSoundMixer_PlaySound,func,sith,0x00427f10,0x00427ce0,consensus,verified,,hook,strong,no
sithSoundMixer_PlaySoundPos,func,sith,0x00427f60,0x00427d30,consensus,verified,,hook,strong,no
sithSoundMixer_PlaySoundThing,func,sith,0x00428030,0x00427e00,consensus,verified,,hook,strong,no
sithSoundMixer_StopSound,func,sith,0x00428120,0x00427ef0,consensus,verified,,hook,strong,no
sithSoundMixer_StopAll,func,sith,0x00428130,0x00427f00,consensus,verified,,hook,strong,no
sithSoundMixer_FadeVolume,func,sith,0x00428140,0x00427f10,consensus,verified,,hook,strong,no
sithSoundMixer_FadePitch,func,sith,0x00428160,0x00427f30,consensus,verified,,hook,strong,no
sithSoundMixer_SetPitchThing,func,sith,0x00428180,0x00427f50,consensus,verified,,hook,strong,no
sithSoundMixer_SetVolumeThing,func,sith,0x004281b0,0x00427f80,consensus,verified,,hook,strong,no
sithSoundMixer_FadeVolumeThing,func,sith,0x004281e0,0x00427fb0,consensus,verified,,hook,strong,no
sithSoundMixer_IsThingFadingVol,func,sith,0x00428210,0x00427fe0,consensus,verified,,hook,strong,no
sithSoundMixer_Update,func,sith,0x00428230,0x00428000,consensus,verified,,hook,strong,no
sithSoundMixer_GetThingInfo,func,sith,0x00428360,0x00428130,interpolated,verified,,hook,weak,yes
sithSoundMixer_CalcCameraRelativeSoundMix,func,sith,0x00428400,0x004281d0,interpolated,verified,,hook,weak,yes
sithSoundMixer_StopAllSoundsThing,func,sith,0x004285d0,0x004283a0,consensus,verified,,hook,strong,no
sithSoundMixer_GetChannelHandle,func,sith,0x004285f0,0x004283c0,consensus,verified,,hook,strong,no
sithSoundMixer_StopSoundThing,func,sith,0x00428610,0x004283e0,consensus,verified,,hook,strong,no
sithSoundMixer_SetSectorAmbientSound,func,sith,0x00428630,0x00428400,consensus,verified,,hook,strong,no
sithSoundMixer_GameSave,func,sith,0x00428680,0x00428450,consensus,verified,,hook,strong,no
sithSoundMixer_GameRestore,func,sith,0x004286c0,0x00428490,consensus,verified,,hook,strong,no
sithSoundMixer_GetNextChannelGUID,func,sith,0x00428720,0x004284f0,consensus,verified,,hook,strong,no
sithSoundMixer_PlayFlagsToChannelFlags,func,sith,0x00428760,0x00428530,consensus,verified,,hook,strong,no
sithSoundMixer_GetPlayPriority,func,sith,0x00428780,0x00428550,consensus,verified,,hook,strong,no
sithSoundMixer_GetThingID,func,sith,0x004287c0,0x00428590,consensus,verified,,hook,strong,no
sithSoundMixer_GetThingIndex,func,sith,0x004287d0,0x004285a0,consensus,verified,,hook,strong,no
sithOverlayMap_EasterEggConsoleCallback,func,sith,0x004287e0,0x004285b0,callers,verified,,hook,strong,yes
sithOverlayMap_Open,func,sith,0x00428860,0x00428630,consensus,verified,,hook,strong,no
sithOverlayMap_Close,func,sith,0x00428b60,0x00428930,consensus,verified,,hook,strong,no
sithOverlayMap_IsMapVisible,func,sith,0x00428bd0,0x004289a0,consensus,verified,,hook,strong,no
sithOverlayMap_ToggleMap,func,sith,0x00428be0,0x004289b0,consensus,verified,,hook,strong,no
sithOverlayMap_ZoomIn,func,sith,0x00428c00,0x004289d0,consensus,verified,,hook,strong,no
sithOverlayMap_ZoomOut,func,sith,0x00428c90,0x00428a60,consensus,verified,,hook,strong,no
sithOverlayMap_Draw,func,sith,0x00428d20,0x00428af0,consensus,verified,,hook,strong,no
sithOverlayMap_SetShowHints,func,sith,0x00428ee0,0x00428cb0,consensus,verified,,hook,strong,no
sithOverlayMap_EnableMapRotation,func,sith,0x00428ef0,0x00428cc0,consensus,verified,,hook,strong,no
sithOverlayMap_GetMapRotation,func,sith,0x00428f00,0x00428cd0,consensus,verified,,hook,strong,no
sithOverlayMap_GetShowHints,func,sith,0x00428f10,0x00428ce0,consensus,verified,,hook,strong,no
sithOverlayMap_UpdateHints,func,sith,0x00428f20,0x00428cf0,consensus,verified,,hook,strong,no
sithOverlayMap_SetHintSolved,func,sith,0x00428fa0,0x00428d70,consensus,verified,,hook,strong,no
sithOverlayMap_SetHintUnsolved,func,sith,0x00428ff0,0x00428dc0,consensus,verified,,hook,strong,no
sithOverlayMap_GetNumSeenHints,func,sith,0x00429040,0x00428e10,consensus,verified,,hook,strong,no
sithOverlayMap_DrawSectors,func,sith,0x004290c0,0x00428e90,consensus,verified,,hook,strong,no
sithOverlayMap_DrawSector,func,sith,0x00429120,0x00428ef0,consensus,verified,,hook,strong,no
sithOverlayMap_DrawPlayerIcon,func,sith,0x00429780,0x00429550,consensus,verified,,hook,strong,no
sithOverlayMap_DrawThingIcon,func,sith,0x00429910,0x004296e0,consensus,verified,,hook,strong,no
sithOverlayMap_CanDrawSurfaceEdge,func,sith,0x00429c80,0x00429a50,consensus,verified,,hook,strong,no
sithAI_Startup,func,sith,0x00429e90,0x00429c60,consensus,verified,,hook,strong,no
sithAI_Shutdown,func,sith,0x00429ef0,0x00429cc0,consensus,verified,,hook,strong,no
sithAI_Open,func,sith,0x00429f80,0x00429d50,consensus+review,verified,,hook,strong,no
sithAI_Close,func,sith,0x00429ff0,0x00429dc0,consensus,verified,,hook,strong,no
sithAI_Create,func,sith,0x0042a040,0x00429e10,consensus+review,verified,,hook,strong,no
sithAI_Free,func,sith,0x0042a180,0x00429f50,consensus,verified,,hook,strong,no
sithAI_Process,func,sith,0x0042a230,0x0042a000,consensus,verified,,hook,strong,no
sithAI_ProcessAIStateChange,func,sith,0x0042a2e0,0x0042a0b0,consensus,verified,,hook,strong,no
sithAI_InstinctUpdate,func,sith,0x0042a3b0,0x0042a180,consensus,verified,,hook,strong,no
sithAI_ForceInstinctUpdate,func,sith,0x0042a4a0,0x0042a270,consensus+review,verified,,hook,strong,no
sithAI_EmitEvent,func,sith,0x0042a5a0,0x0042a370,consensus,verified,,hook,strong,no
sithAI_ProcessBlockedEvent,func,sith,0x0042a7e0,0x0042a5b0,consensus,verified,,hook,strong,no
sithAI_ProcessUnhandledEvent,func,sith,0x0042a860,0x0042a630,consensus,verified,,hook,strong,no
sithAI_ProcessUnhandledWpntEvent,func,sith,0x0042ac50,0x0042aa20,consensus,verified,,hook,strong,no
sithAI_Stop,func,sith,0x0042aca0,0x0042aa70,consensus,verified,,hook,strong,no
sithAI_StopAllAttackingAIs,func,sith,0x0042ace0,0x0042aab0,consensus,verified,,hook,strong,no
sithAI_RegisterInstinct,func,sith,0x0042ad40,0x0042ab10,consensus+review,verified,,hook,weak,no
sithAI_FindInstinct,func,sith,0x0042ae40,0x0042ac10,consensus+review,verified,,hook,strong,no
sithAI_GetInstinctIndex,func,sith,0x0042aed0,0x0042aca0,consensus,verified,,hook,strong,no
sithAI_HasInstinct,func,sith,0x0042af10,0x0042ace0,consensus,verified,,hook,strong,no
sithAI_EnableInstinct,func,sith,0x0042af60,0x0042ad30,consensus+review,verified,,hook,strong,no
sithAI_ParseArg,func,sith,0x0042b040,0x0042ae10,consensus+review,verified,,hook,strong,no
sithAI_AllocAIFrames,func,sith,0x0042b200,0x0042afd0,consensus,verified,,hook,strong,no
sithAI_CreateInstinctRegistry,func,sith,0x0042b260,0x0042b030,consensus+review,verified,,hook,strong,no
sithAI_FreeAI,func,sith,0x0042b330,0x0042b100,consensus,verified,,hook,strong,no
sithAI_CreateAI,func,sith,0x0042b3f0,0x0042b1c0,consensus,verified,,hook,strong,no
sithAI_ResetAllAIs,func,sith,0x0042b470,0x0042b240,consensus,verified,,hook,strong,no
sithPlayerControls_PuppetCallback,func,sith,0x0042b4a0,0x0042b270,callers,verified,,hook,strong,yes
sithPlayerControls_Process,func,sith,0x0042b880,0x0042b650,interpolated,verified,,hook,weak,yes
sithPlayerControls_ProcessPlayerDebugControls,func,sith,0x0042bec0,0x0042bc90,consensus,verified,,hook,strong,no
sithPlayerControls_ProcessLookControls,func,sith,0x0042bfc0,0x0042bd90,consensus,verified,,hook,strong,no
sithPlayerControls_ProcessGeneralMove,func,sith,0x0042c1b0,0x0042bf80,consensus,verified,+0x110,hook,strong,no
sithPlayerControls_ProcessClimbMove,func,sith,0x0042e650,0x0042e530,consensus,verified,,hook,strong,no
sithPlayerControls_ProcessJewelFlyMove,func,sith,0x0042e9f0,0x0042e8d0,consensus,verified,,hook,strong,no
sithPlayerControls_ProcessFlyMove,func,sith,0x0042ed70,0x0042ec50,consensus,verified,,hook,strong,no
sithPlayerControls_ProcessHUDControls,func,sith,0x0042f2f0,0x0042f1d0,consensus,verified,,hook,strong,no
sithPlayerControls_ProcessEditorDebugControls,func,sith,0x0042f460,0x0042f340,consensus,verified,,hook,strong,no
sithPlayerControls_ProcessDeadPlayer,func,sith,0x0042f940,0x0042f820,consensus,verified,,hook,strong,no
sithPlayerControls_ProcessFallingMove,func,sith,0x0042f950,0x0042f830,consensus+review,verified,,hook,strong,no
sithPlayerControls_ProcessSwimMove,func,sith,0x0042fcc0,0x0042fba0,consensus,verified,,hook,strong,no
sithPlayerControls_ProcessHangMove,func,sith,0x00430300,0x004301e0,consensus,verified,,hook,strong,no
sithPlayerControls_ProcessWeaponAim,func,sith,0x004306f0,0x004305d0,consensus,verified,,hook,strong,no
sithPlayerControls_CheckAimRange,func,sith,0x00430fc0,0x00430ea0,consensus,verified,,hook,strong,no
sithPlayerControls_GetPushPullMoveNorm,func,sith,0x00431170,0x00431050,consensus,verified,,hook,strong,no
sithPlayerControls_CheckWaterLedge,func,sith,0x004312f0,0x004311d0,consensus,verified,,hook,strong,no
sithPlayerControls_FindLedgeInDirection,func,sith,0x004315f0,0x004314d0,consensus,verified,,hook,strong,no
sithPlayerControls_FindClimbSurface,func,sith,0x004318b0,0x00431790,consensus,verified,,hook,strong,no
sithPlayerControls_BoardVehicle,func,sith,0x00431b00,0x004319e0,consensus+review,verified,,hook,strong,no
sithPlayerControls_ExitVehicle,func,sith,0x00432580,0x00432460,consensus,verified,,hook,strong,no
sithPlayerControls_RotateAimJoints,func,sith,0x00432b10,0x004329f0,consensus+review,verified,,hook,weak,no
sithPlayerControls_ResetAimJoints,func,sith,0x00432e80,0x00432d60,consensus,verified,,hook,strong,no
sithPlayerControls_GetTargetThing,func,sith,0x00432f30,0x00432e10,consensus,verified,,hook,strong,no
sithPlayerControls_GetVehicleBoardedThing,func,sith,0x00432f40,0x00432e20,consensus+review,verified,,hook,weak,no
sithPlayerControls_SetVehicleBoardedThing,func,sith,0x00432f50,0x00432e30,consensus+review,verified,,hook,weak,no
sithPlayerControls_CanStrafeMove,func,sith,0x00432f60,0x00432e40,consensus,verified,,hook,strong,no
sithThing_Startup,func,sith,0x00433360,0x00433240,consensus+review,verified,,hook,strong,no
sithThing_Shutdown,func,sith,0x00433420,0x00433300,consensus+review,verified,,hook,strong,no
sithThing_Draw,func,sith,0x004334b0,0x00433390,consensus+review,verified,,hook,strong,no
sithThing_AddSwapEntry,func,sith,0x004336c0,0x004335a0,consensus+review,verified,,hook,strong,no
sithThing_RemoveSwapEntry,func,sith,0x00433800,0x004336e0,consensus+review,verified,,hook,strong,no
sithThing_ResetSwapList,func,sith,0x004338a0,0x00433780,consensus,verified,,hook,strong,no
sithThing_Update,func,sith,0x004338d0,0x004337b0,consensus,verified,,hook,strong,no
sithThing_UpdateMove,func,sith,0x00433af0,0x004339d0,consensus,verified,,hook,strong,no
sithThing_DestroyDyingThing,func,sith,0x004341d0,0x004340b0,consensus,verified,,hook,strong,no
sithThing_GetThingParent,func,sith,0x00434270,0x00434150,consensus,verified,,hook,strong,no
sithThing_GetThingByIndex,func,sith,0x004342a0,0x00434180,consensus,verified,,hook,strong,no
sithThing_GetThingIndex,func,sith,0x004342e0,0x004341c0,consensus,verified,,hook,strong,no
sithThing_GetGuidThing,func,sith,0x00434330,0x00434210,consensus,verified,,hook,strong,no
sithThing_DestroyThing,func,sith,0x004343c0,0x004342a0,consensus,verified,,hook,strong,no
sithThing_DamageThing,func,sith,0x00434400,0x004342e0,consensus,verified,,hook,strong,no
sithThing_ScaleCombatDamage,func,sith,0x00434570,0x00434450,consensus+review,verified,,hook,strong,no
sithThing_PlayCogDamageSound,func,sith,0x00434860,0x00434740,consensus,verified,,hook,strong,no
sithThing_AllocWorldThings,func,sith,0x00434920,0x00434800,consensus+review,verified,,hook,strong,no
sithThing_FreeWorldThings,func,sith,0x00434a20,0x00434900,consensus,verified,,hook,strong,no
sithThing_RemoveWorldThings,func,sith,0x00434a90,0x00434970,consensus,verified,,hook,strong,no
sithThing_InitializeWorldThings,func,sith,0x00434b00,0x004349e0,consensus,verified,,hook,strong,no
sithThing_LoadPostProcess,func,sith,0x00434b70,0x00434a50,consensus,verified,,hook,strong,no
sithThing_RemoveThing,func,sith,0x00434be0,0x00434ac0,consensus,verified,,hook,strong,no
sithThing_FreeThing,func,sith,0x00434c30,0x00434b10,consensus,verified,,hook,strong,no
sithThing_Initialize,func,sith,0x00434d70,0x00434c50,consensus,verified,,hook,strong,no
sithThing_Reset,func,sith,0x00434fc0,0x00434ea0,consensus,verified,,hook,strong,no
sithThing_SetSector,func,sith,0x00435020,0x00434f00,consensus,verified,,hook,strong,no
sithThing_ExitSector,func,sith,0x004350b0,0x00434f90,consensus,verified,,hook,strong,no
sithThing_EnterSector,func,sith,0x004351e0,0x004350c0,consensus,verified,,hook,strong,no
sithThing_EnterWater,func,sith,0x00435370,0x00435250,consensus,verified,,hook,strong,no
sithThing_ExitWater,func,sith,0x004354d0,0x004353b0,consensus,verified,,hook,strong,no
sithThing_Create,func,sith,0x004355f0,0x004354d0,consensus+review,verified,,hook,strong,no
sithThing_SetPositionAndOrient,func,sith,0x00435730,0x00435610,consensus,verified,,hook,strong,no
sithThing_SetThingModel,func,sith,0x004357a0,0x00435680,consensus,verified,,hook,strong,no
sithThing_SetThingBasedOn,func,sith,0x00435830,0x00435710,consensus,verified,,hook,strong,no
sithThing_CreateThingAtPos,func,sith,0x004359c0,0x004358a0,consensus+review,verified,,hook,strong,no
sithThing_CreateThing,func,sith,0x00435bb0,0x00435a90,consensus,verified,,hook,strong,no
sithThing_AttachThingToSurface,func,sith,0x00435d70,0x00435c50,consensus,verified,,hook,strong,no
sithThing_AttachThingToClimbSurface,func,sith,0x00436570,0x00436450,consensus,verified,,hook,strong,no
sithThing_AttachThingToThingFace,func,sith,0x004367c0,0x004366a0,consensus,verified,,hook,strong,no
sithThing_AddThingToAttachedThings,func,sith,0x00436c40,0x00436b20,consensus,verified,,hook,strong,no
sithThing_AttachThingToThing,func,sith,0x00436ca0,0x00436b80,consensus,verified,,hook,strong,no
sithThing_AttachThingToThingMesh,func,sith,0x00436e30,0x00436d10,consensus+review,verified,,hook,strong,no
sithThing_DetachThing,func,sith,0x00436f00,0x00436de0,consensus,verified,,hook,strong,no
sithThing_DetachAttachedThings,func,sith,0x004371a0,0x00437080,consensus,verified,,hook,strong,no
sithThing_PurgeGarbageThings,func,sith,0x004371f0,0x004370d0,consensus+review,verified,,hook,strong,no
sithThing_ReadStaticThingsListText,func,sith,0x004372a0,0x00437180,callers+review,verified,,hook,strong,yes
sithThing_WriteStaticThingsListBinary,func,sith,0x004374d0,0x004373b0,interpolated,verified,,hook,weak,yes
sithThing_ReadStaticThingsListBinary,func,sith,0x00437500,0x004373e0,interpolated,verified,,hook,weak,yes
sithThing_WriteThingsListBinary,func,sith,0x004375a0,0x00437480,consensus,verified,,hook+trampoline,strong,no
sithThing_ReadThingsListBinary,func,sith,0x00438550,0x00438430,consensus,verified,,hook+trampoline,strong,no
sithThing_ParseArg,func,sith,0x00439400,0x004392e0,consensus+review,verified,,hook,strong,no
sithThing_ParseThingArg,func,sith,0x00439590,0x00439470,consensus+review,verified,,hook,strong,no
sithThing_ParseType,func,sith,0x00439e90,0x00439d70,consensus,verified,,hook,strong,no
sithThing_ValidateThingPointer,func,sith,0x00439ef0,0x00439dd0,consensus,verified,,hook,strong,no
sithThing_SyncThing,func,sith,0x00439f40,0x00439e20,consensus+review,verified,,hook,strong,no
sithThing_SyncThings,func,sith,0x00439fd0,0x00439eb0,consensus,verified,,hook,strong,no
sithThing_CanSyncThing,func,sith,0x0043a090,0x00439f70,consensus,verified,,hook,strong,no
sithThing_GetThingMeshIndex,func,sith,0x0043a0c0,0x00439fa0,consensus,verified,,hook,strong,no
sithThing_GetThingJointIndex,func,sith,0x0043a150,0x0043a030,consensus,verified,,hook,strong,no
sithThing_FreeThingIndex,func,sith,0x0043a1d0,0x0043a0b0,consensus,verified,,hook,strong,no
sithThing_GetFreeThingIndex,func,sith,0x0043a280,0x0043a160,consensus,verified,,hook,strong,no
sithThing_ParseThingPlacement,func,sith,0x0043a300,0x0043a1e0,consensus+review,verified,,hook,strong,no
sithThing_CreateQuetzUserBlock,func,sith,0x0043a670,0x0043a550,consensus+review,verified,,hook,strong,no
sithThing_UpdateQuetzUserBlock,func,sith,0x0043a840,0x0043a720,consensus,verified,,hook+trampoline,strong,no
sithCamera_Startup,func,sith,0x0043b040,0x0043af20,consensus,verified,,hook,strong,no
sithCamera_Shutdown,func,sith,0x0043b180,0x0043b060,consensus,verified,,hook,strong,no
sithCamera_Open,func,sith,0x0043b1c0,0x0043b0a0,consensus,verified,,hook,strong,no
sithCamera_Close,func,sith,0x0043b280,0x0043b160,consensus,verified,,hook,strong,no
sithCamera_ResetAllCameras,func,sith,0x0043b2a0,0x0043b180,consensus,verified,,hook,strong,no
sithCamera_NewEntry,func,sith,0x0043b3e0,0x0043b2c0,consensus,verified,,hook,strong,no
sithCamera_FreeEntry,func,sith,0x0043b4d0,0x0043b3b0,consensus,verified,,hook,strong,no
sithCamera_SetCameraCanvas,func,sith,0x0043b510,0x0043b3f0,consensus,verified,+0x10,hook,strong,no
sithCamera_SetCurrentCamera,func,sith,0x0043b550,0x0043b440,consensus,verified,,hook,strong,no
sithCamera_CycleCamera,func,sith,0x0043b6c0,0x0043b5b0,consensus,verified,,hook,strong,no
sithCamera_SetCurrentToCycleCamera,func,sith,0x0043b700,0x0043b5f0,consensus,verified,,hook,strong,no
sithCamera_SetCameraFocus,func,sith,0x0043b730,0x0043b620,consensus,verified,,hook,strong,no
sithCamera_SetCameraFOV,func,sith,0x0043b780,0x0043b670,consensus,verified,,hook,strong,no
sithCamera_SetCameraPosition,func,sith,0x0043b7e0,0x0043b6d0,consensus,verified,,hook,strong,no
sithCamera_GetCameraPosition,func,sith,0x0043b840,0x0043b730,consensus,verified,,hook,strong,no
sithCamera_SetExtCameraOffset,func,sith,0x0043b880,0x0043b770,consensus,verified,,hook,strong,no
sithCamera_SetExtCameraLookOffset,func,sith,0x0043b8c0,0x0043b7b0,consensus,verified,,hook,strong,no
sithCamera_RestoreExtCamera,func,sith,0x0043b920,0x0043b810,consensus,verified,,hook,strong,no
sithCamera_GetPrimaryFocus,func,sith,0x0043b9a0,0x0043b890,consensus,verified,,hook,strong,no
sithCamera_GetSecondaryFocus,func,sith,0x0043b9d0,0x0043b8c0,consensus,verified,,hook,strong,no
sithCamera_Update,func,sith,0x0043ba00,0x0043b8f0,consensus,verified,,hook,strong,no
sithCamera_RenderScene,func,sith,0x0043d5b0,0x0043d4a0,consensus,verified,,hook,strong,no
sithCamera_SetPOVShake,func,sith,0x0043d5e0,0x0043d4d0,consensus,verified,,hook,strong,no
sithCamera_SearchSectorInRadius,func,sith,0x0043d630,0x0043d520,consensus,verified,,hook,strong,no
sithCamera_SetCameraStateFlags,func,sith,0x0043d770,0x0043d660,consensus,verified,,hook,strong,no
sithCamera_GetCameraStateFlags,func,sith,0x0043d780,0x0043d670,consensus,verified,,hook,strong,no
sithWorld_Startup,func,sith,0x0043d790,0x0043d680,consensus+review,verified,,hook,strong,no
sithWorld_Shutdown,func,sith,0x0043d970,0x0043d860,consensus,verified,,hook,strong,no
sithWorld_SetLoadProgressCallback,func,sith,0x0043d9e0,0x0043d8d0,consensus,verified,,hook,strong,no
sithWorld_UpdateLoadProgress,func,sith,0x0043d9f0,0x0043d8e0,consensus,verified,,hook,strong,no
sithWorld_Load,func,sith,0x0043da10,0x0043d900,consensus+review,verified,,hook,strong,no
sithWorld_LoadPostProcess,func,sith,0x0043db80,0x0043da70,consensus+review,verified,,hook,strong,no
sithWorld_LoadEntryText,func,sith,0x0043de10,0x0043dd00,consensus+review,verified,,hook,strong,no
sithWorld_Close,func,sith,0x0043e020,0x0043df10,consensus,verified,,hook,strong,no
sithWorld_NewEntry,func,sith,0x0043e060,0x0043df50,consensus,verified,,hook,strong,no
sithWorld_Free,func,sith,0x0043e090,0x0043df80,consensus,verified,,hook,strong,no
sithWorld_ReadHeaderText,func,sith,0x0043e270,0x0043e160,interpolated+review,verified,,hook,strong,yes
sithWorld_ReadCopyrightText,func,sith,0x0043e4f0,0x0043e3e0,interpolated+review,verified,,hook,strong,yes
sithWorld_GetMemoryUsage,func,sith,0x0043e5d0,0x0043e4c0,consensus,verified,,hook,strong,no
sithWorld_RegisterTextSectionParser,func,sith,0x0043e9a0,0x0043e890,consensus,verified,,hook,strong,no
sithWorld_ResetRenderState,func,sith,0x0043ea10,0x0043e900,consensus,verified,,hook,strong,no
sithWorld_ValidateWorld,func,sith,0x0043eae0,0x0043e9d0,consensus+review,verified,,hook,strong,no
sithWorld_InitPlayers,func,sith,0x0043ec20,0x0043eb10,consensus,verified,,hook,strong,no
sithWorld_ReadTextSection,func,sith,0x0043ec60,0x0043eb50,consensus+review,verified,,hook,strong,no
sithWorld_GetTextSectionParserIndex,func,sith,0x0043ed30,0x0043ec20,consensus,verified,,hook,strong,no
sithWorld_ReadGeoresourceText,func,sith,0x0043ed80,0x0043ec70,callers+review,verified,,hook,strong,yes
sithWorld_WriteGeoresourceBinary,func,sith,0x0043efd0,0x0043eec0,interpolated+review,verified,,hook,weak,yes
sithWorld_ReadGeoresourceBinary,func,sith,0x0043f040,0x0043ef30,interpolated+review,verified,,hook,weak,yes
sithWorld_LoadEntryBinary,func,sith,0x0043f0f0,0x0043efe0,consensus,verified,,hook,strong,no
sithString_Startup,func,sith,0x0043f380,0x0043f270,consensus+review,verified,,hook,strong,no
sithString_Shutdown,func,sith,0x0043f470,0x0043f360,consensus,verified,,hook,strong,no
sithString_GetString,func,sith,0x0043f4a0,0x0043f390,consensus,verified,,hook,strong,no
sithControl_Startup,func,sith,0x0043f520,0x0043f410,consensus+review,verified,,hook,strong,no
sithControl_Shutdown,func,sith,0x0043f5e0,0x0043f4d0,consensus,verified,,hook,strong,no
sithControl_Open,func,sith,0x0043f5f0,0x0043f4e0,consensus,verified,,hook,strong,no
sithControl_Close,func,sith,0x0043f640,0x0043f530,consensus+review,verified,,hook,strong,no
sithControl_RegisterAxisFunction,func,sith,0x0043f690,0x0043f580,consensus+review,verified,,hook,weak,no
sithControl_RegisterKeyFunction,func,sith,0x0043f6f0,0x0043f5e0,consensus,verified,,hook,strong,no
sithControl_BindControl,func,sith,0x0043f750,0x0043f640,consensus,verified,,hook,strong,no
sithControl_BindAxis,func,sith,0x0043f820,0x0043f710,consensus+review,verified,,hook,strong,no
sithControl_UnbindFunction,func,sith,0x0043f9c0,0x0043f8b0,consensus,verified,,hook,strong,no
sithControl_UnbindFunctionIndex,func,sith,0x0043fa20,0x0043f910,consensus,verified,,hook,strong,no
sithControl_UnbindControl,func,sith,0x0043fad0,0x0043f9c0,consensus,verified,,hook,strong,no
sithControl_RegisterControlCallback,func,sith,0x0043fb20,0x0043fa10,consensus+review,verified,,hook,strong,no
sithControl_Update,func,sith,0x0043fb70,0x0043fa60,consensus+review,verified,,hook,strong,no
sithControl_GetKeyAsAxis,func,sith,0x0043fda0,0x0043fc90,consensus,verified,,hook,strong,no
sithControl_GetAxis,func,sith,0x0043fea0,0x0043fd90,consensus,verified,,hook,strong,no
sithControl_GetKey,func,sith,0x0043ff80,0x0043fe70,consensus,verified,,hook,strong,no
sithControl_ReadControls,func,sith,0x00440060,0x0043ff50,consensus,verified,,hook,strong,no
sithControl_FinishRead,func,sith,0x004400a0,0x0043ff90,consensus,verified,,hook,strong,no
sithControl_UnbindJoystickAxes,func,sith,0x004400b0,0x0043ffa0,consensus,verified,,hook,strong,no
sithControl_UnbindMouseAxes,func,sith,0x00440130,0x00440020,consensus,verified,,hook,strong,no
sithControl_Reset,func,sith,0x004401b0,0x004400a0,consensus,verified,,hook,strong,no
sithControl_RegisterControlFunctions,func,sith,0x004401d0,0x004400c0,consensus,verified,,hook,strong,no
sithControl_RegisterKeyboardBindings,func,sith,0x00440420,0x00440310,consensus,verified,,hook,strong,no
sithControl_RegisterJoystickBindings,func,sith,0x00440720,0x00440610,consensus,verified,,hook,strong,no
sithSetServices,func,sith,0x00440840,0x00440730,consensus,verified,,hook,strong,no
sithClearServices,func,sith,0x00440850,0x00440740,consensus,verified,,hook,strong,no
sithStartup,func,sith,0x00440860,0x00440750,interpolated+review,verified,,hook,strong,no
sithShutdown,func,sith,0x004409c0,0x004408b0,consensus,verified,,hook,strong,no
sithSetPerformanceLevel,func,sith,0x00440a70,0x00440960,consensus,verified,,hook,strong,no
sithGetPerformanceLevel,func,sith,0x00440a80,0x00440970,consensus,verified,,hook,strong,no
sithOpenStatic,func,sith,0x00440a90,0x00440980,consensus+review,verified,,hook,strong,no
sithCloseStatic,func,sith,0x00440b90,0x00440a80,consensus,verified,,hook,strong,no
sithOpenNormal,func,sith,0x00440bb0,0x00440aa0,callers+review,verified,,hook,strong,no
sithOpenPostProcess,func,sith,0x00440cb0,0x00440ba0,consensus,verified,,hook,strong,no
sithOpen,func,sith,0x00440e30,0x00440d20,consensus,verified,,hook,strong,no
sithClose,func,sith,0x00440ee0,0x00440dd0,consensus,verified,,hook,strong,no
sithUpdate,func,sith,0x00440f90,0x00440e80,interpolated,verified,,hook,weak,no
sithDrawScene,func,sith,0x004410b0,0x00440fa0,consensus,verified,,hook,strong,no
sithSetGameDifficulty,func,sith,0x004411d0,0x004410c0,consensus,verified,,hook,strong,no
sithGetGameDifficulty,func,sith,0x00441230,0x00441120,consensus,verified,,hook,strong,no
sithGetHitAccuarancyScalar,func,sith,0x00441240,0x00441130,consensus,verified,,hook,strong,no
sithGetCombatDamageScalar,func,sith,0x004412b0,0x004411a0,consensus,verified,,hook,strong,no
sithGetIMPDamageScalar,func,sith,0x00441320,0x00441210,consensus,verified,,hook,strong,no
sithAdvanceRenderTick,func,sith,0x00441390,0x00441280,consensus,verified,,hook,strong,no
sithMakeDirs,func,sith,0x004413c0,0x004412b0,consensus,verified,,hook,strong,no
sithGetAutoSaveFilePrefix,func,sith,0x004413e0,0x004412d0,consensus+review,verified,,hook,strong,no
sithGetPath,func,sith,0x00441400,0x004412f0,consensus,verified,,hook,strong,no
sithGetSaveGamesDir,func,sith,0x00441500,0x004413f0,consensus+review,verified,,hook,strong,no
sithGetQuickSaveFilePrefix,func,sith,0x00441520,0x00441410,consensus+review,verified,,hook,strong,no
sithGetScreenShotsDir,func,sith,0x00441540,0x00441430,consensus+review,verified,,hook,strong,no
sithGetScreenShotFileTemplate,func,sith,0x00441560,0x00441450,consensus+review,verified,,hook,strong,no
sithSetOpenCallback,func,sith,0x00441580,0x00441470,consensus,verified,,hook,strong,no
sithGetCurrentWorldSaveName,func,sith,0x00441590,0x00441480,consensus,verified,,hook,strong,no
sithGetLevelSaveFilename,func,sith,0x00441660,0x00441550,consensus,verified,,hook,strong,no
sithGamesave_GetGameStatistics,func,sith,0x004416d0,0x004415c0,consensus,verified,,hook,strong,no
sithGamesave_LockGameStatistics,func,sith,0x004416f0,0x004415e0,consensus,verified,,hook,strong,no
sithGamesave_UnlockGameStatistics,func,sith,0x00441710,0x00441600,consensus,verified,,hook,strong,no
sithGamesave_Save,func,sith,0x00441720,0x00441610,consensus+review,verified,,hook,strong,no
sithGamesave_Restore,func,sith,0x00441810,0x00441700,consensus+review,verified,,hook,strong,no
sithGamesave_SaveCurrentWorld,func,sith,0x004418c0,0x004417b0,consensus,verified,,hook,strong,no
sithGamesave_Process,func,sith,0x00441d60,0x00441c50,consensus,verified,,hook,strong,no
sithGamesave_RestoreFile,func,sith,0x00441e50,0x00441d40,consensus+review,verified,,hook,strong,no
sithGamesave_NotifyRestored,func,sith,0x00442340,0x00442230,consensus,verified,,hook,strong,no
sithGamesave_ReadBlockTypeLength,func,sith,0x004423a0,0x00442290,consensus,verified,,hook,strong,no
sithGamesave_SaveFile,func,sith,0x004423f0,0x004422e0,consensus+review,verified,,hook,strong,no
sithGamesave_SetThumbnailImage,func,sith,0x004426f0,0x004425e0,consensus,verified,,hook,strong,no
sithGamesave_CreateThumbnail,func,sith,0x004427f0,0x004426e0,consensus,verified,,hook,strong,no
sithGamesave_WriteThumbnail,func,sith,0x00442a50,0x00442940,consensus,verified,,hook,strong,no
sithGamesave_SeekThumbnail,func,sith,0x00442ad0,0x004429c0,consensus,verified,,hook,strong,no
sithGamesave_LoadThumbnail,func,sith,0x00442b00,0x004429f0,consensus,verified,,hook,strong,no
sithGamesave_Startup,func,sith,0x00442c10,0x00442b00,consensus,verified,,hook,strong,no
sithGamesave_Shutdown,func,sith,0x00442c30,0x00442b20,consensus,verified,,hook,strong,no
sithGamesave_Open,func,sith,0x00442c50,0x00442b40,consensus,verified,,hook,strong,no
sithGamesave_CloseRestore,func,sith,0x00442c60,0x00442b50,consensus,verified,,hook,strong,no
sithGamesave_Close,func,sith,0x00442c70,0x00442b60,consensus,verified,,hook,strong,no
sithGamesave_SetPreviousLevelFilename,func,sith,0x00442cc0,0x00442bb0,consensus,verified,,hook,strong,no
sithGamesave_GetPreviousLevelFilename,func,sith,0x00442ce0,0x00442bd0,consensus+review,verified,,hook,weak,no
sithGamesave_GetLastFilename,func,sith,0x00442cf0,0x00442be0,consensus,verified,,hook,strong,no
sithGamesave_LoadLevelFilename,func,sith,0x00442d00,0x00442bf0,consensus,verified,,hook,strong,no
sithGamesave_GetState,func,sith,0x00442d80,0x00442c70,consensus,verified,,hook,strong,no
sithGamesave_SetSaveGameCallback,func,sith,0x00442d90,0x00442c80,consensus,verified,,hook,strong,no
sithVoice_Startup,func,sith,0x00442da0,0x00442c90,consensus,verified,,hook,strong,no
sithVoice_Open,func,sith,0x00442dd0,0x00442cc0,consensus,verified,,hook,strong,no
sithVoice_Shutdown,func,sith,0x00442e30,0x00442d20,consensus,verified,,hook,strong,no
sithVoice_Close,func,sith,0x00442e40,0x00442d30,consensus,verified,,hook,strong,no
sithVoice_RegisterCogFunctions,func,sith,0x00442e80,0x00442d70,consensus+review,verified,,hook,strong,no
sithVoice_PlayThingVoice,func,sith,0x00442f10,0x00442e00,consensus,verified,,hook,strong,no
sithVoice_UpdateLipSync,func,sith,0x00443060,0x00442f50,consensus,verified,,hook,strong,no
sithVoice_PlayVoice,func,sith,0x00443230,0x00443120,manual,verified,,hook,strong,yes
sithVoice_SetThingVoiceHeads,func,sith,0x004433a0,0x00443290,manual,verified,,hook,strong,yes
sithVoice_SetVoiceHeadHeight,func,sith,0x00443450,0x00443340,manual,verified,,hook,strong,yes
sithVoice_SetThingVoiceColor,func,sith,0x004434c0,0x004433b0,manual,verified,,hook,strong,yes
sithVoice_SetVoiceParams,func,sith,0x00443560,0x00443450,manual,verified,,hook,strong,yes
sithVoice_GetShowText,func,sith,0x00443590,0x00443480,consensus,verified,,hook,strong,no
sithVoice_ShowText,func,sith,0x004435a0,0x00443490,consensus,verified,,hook,strong,no
sithVoice_AddSubtitle,func,sith,0x004435b0,0x004434a0,consensus,verified,,hook,strong,no
sithVoice_PurgeDrawnSubtitles,func,sith,0x00443af0,0x004439e0,consensus,verified,,hook,strong,no
sithVoice_Draw,func,sith,0x00443c60,0x00443b50,consensus,verified,,hook,strong,no
sithVoice_SyncVoiceState,func,sith,0x00443e30,0x00443d20,consensus,verified,,hook,strong,no
sithVoice_ProcessVoiceState,func,sith,0x00443ea0,0x00443d90,manual,verified,,hook,strong,yes
sithVoice_GetTextFont,func,sith,0x00443f10,0x00443e00,consensus,verified,,hook,strong,no
sithRender_Startup,func,sith,0x00443f20,0x00443e10,consensus,verified,,hook,strong,no
sithRender_Open,func,sith,0x00443f60,0x00443e50,consensus+review,verified,,hook,strong,no
sithRender_Close,func,sith,0x00444040,0x00443f30,consensus,verified,,hook,strong,no
sithRender_Shutdown,func,sith,0x00444070,0x00443f60,consensus,verified,,hook,strong,no
sithRender_SetRenderFlags,func,sith,0x00444090,0x00443f80,consensus,verified,,hook,strong,no
sithRender_GetRenderFlags,func,sith,0x004440a0,0x00443f90,consensus,verified,,hook,strong,no
sithRender_SetLightingMode,func,sith,0x004440b0,0x00443fa0,consensus,verified,,hook,strong,no
sithRender_Draw,func,sith,0x00444160,0x00444050,consensus+review,verified,,hook,strong,no
sithRender_BuildVisibleSectorList,func,sith,0x004443b0,0x004442a0,consensus,verified,,hook,strong,no
sithRender_BuildVisibleSurface,func,sith,0x004445c0,0x004444b0,consensus,verified,,hook,strong,no
sithRender_BuildClipFrustrum,func,sith,0x00444660,0x00444550,consensus,verified,,hook,strong,no
sithRender_BuildVisibleSectorListPVS,func,sith,0x00444780,0x00444670,consensus,verified,,hook,strong,no
sithRender_BuildVisibleSectorPVS,func,sith,0x00444aa0,0x00444990,consensus,verified,,hook,strong,no
sithRender_BuildVisibleSector,func,sith,0x00444b30,0x00444a20,consensus+review,verified,,hook,strong,no
sithRender_RenderSectors,func,sith,0x00444e20,0x00444d10,consensus,verified,,hook,strong,no
sithRender_BuildVisibleThingSectorList,func,sith,0x00445200,0x004450f0,consensus,verified,,hook,strong,no
sithRender_CollectVisibleThingSector,func,sith,0x00445280,0x00445170,consensus,verified,,hook,strong,no
sithRender_BuildDynamicLights,func,sith,0x00445580,0x00445470,consensus,verified,,hook,strong,no
sithRender_RenderThings,func,sith,0x004458a0,0x00445790,consensus,verified,,hook,strong,no
sithRender_RenderThing,func,sith,0x00445d00,0x00445bf0,consensus,verified,,hook,strong,no
sithRender_RenderAlphaAdjoins,func,sith,0x00445e40,0x00445d30,consensus,verified,,hook,strong,no
sithRender_MakeScreenShot,func,sith,0x00446090,0x00445f80,consensus,verified,,hook,strong,no
sithConsole_Startup,func,sith,0x00446180,0x00446070,consensus,verified,,hook,strong,no
sithConsole_Shutdown,func,sith,0x004461e0,0x004460d0,consensus,verified,,hook,strong,no
sithConsole_Open,func,sith,0x00446220,0x00446110,consensus+review,verified,,hook,strong,no
sithConsole_Close,func,sith,0x004462e0,0x004461d0,consensus+review,verified,,hook,strong,no
sithConsole_PrintString,func,sith,0x00446330,0x00446220,consensus+review,verified,,hook,strong,no
sithConsole_PrintWString,func,sith,0x00446400,0x004462f0,consensus,verified,,hook,strong,no
sithConsole_ExeCommand,func,sith,0x00446440,0x00446330,consensus+review,verified,,hook,strong,no
sithConsole_Flush,func,sith,0x00446520,0x00446410,consensus+review,verified,,hook,weak,no
sithConsole_RegisterCommand,func,sith,0x00446590,0x00446480,consensus+review,verified,,hook,strong,no
sithConsole_RegisterPrintFunctions,func,sith,0x004466b0,0x004465a0,consensus,verified,,hook,strong,no
sithConsole_CreateCommandTable,func,sith,0x004466d0,0x004465c0,consensus,verified,,hook,strong,no
sithConsole_FreeCommandTable,func,sith,0x00446790,0x00446680,consensus,verified,,hook,strong,no
sithWeapon_Open,func,sith,0x004467d0,0x004466c0,consensus,verified,+0x10,hook,strong,no
sithWeapon_InitalizeActorWeapon,func,sith,0x004467e0,0x004466e0,consensus,verified,,hook,strong,no
sithWeapon_UpdateActorWeapon,func,sith,0x004468b0,0x004467b0,consensus,verified,,hook,strong,no
sithWeapon_Update,func,sith,0x00446c00,0x00446b00,consensus,verified,,hook,strong,no
sithWeapon_SelectWeapon,func,sith,0x00446cc0,0x00446bc0,consensus,verified,,hook,strong,no
sithWeapon_HandleImpact,func,sith,0x00446dc0,0x00446cc0,consensus,verified,,hook,strong,no
sithWeapon_ParseArg,func,sith,0x00447030,0x00446f30,consensus,verified,,hook,strong,no
sithWeapon_WeaponFire,func,sith,0x00447200,0x00447100,consensus,verified,,hook,strong,no
sithWeapon_WeaponFireProjectile,func,sith,0x004472f0,0x004471f0,consensus+review,verified,,hook,strong,no
sithWeapon_DamageWeapon,func,sith,0x00447790,0x00447690,consensus,verified,,hook,strong,no
sithWeapon_ThingCollisionHandler,func,sith,0x004477d0,0x004476d0,interpolated+review,verified,,hook,strong,yes
sithWeapon_SurfaceCollisionHandler,func,sith,0x00448040,0x00447f40,interpolated+review,verified,,hook,strong,yes
sithWeapon_DestroyWeapon,func,sith,0x00448250,0x00448150,consensus,verified,,hook,strong,no
sithWeapon_CreateWeaponExplosion,func,sith,0x004482d0,0x004481d0,consensus+review,verified,,hook,strong,no
sithWeapon_GetMountWait,func,sith,0x00448570,0x00448470,consensus,verified,,hook,strong,no
sithWeapon_SetMountWait,func,sith,0x00448580,0x00448480,consensus,verified,,hook,strong,no
sithWeapon_SetFireWait,func,sith,0x004485a0,0x004484a0,consensus,verified,,hook,strong,no
sithWeapon_SetAimWait,func,sith,0x00448610,0x00448510,consensus,verified,,hook,strong,no
sithWeapon_ActivateWeapon,func,sith,0x00448660,0x00448560,consensus,verified,,hook,strong,no
sithWeapon_DeactivateWeapon,func,sith,0x004486b0,0x004485b0,consensus,verified,,hook,strong,no
sithWeapon_ProcessWeaponControls,func,sith,0x00448700,0x00448600,interpolated+review,verified,,hook,strong,yes
sithWeapon_DeselectWeapon,func,sith,0x00448c70,0x00448b70,consensus,verified,,hook,strong,no
sithWeapon_IsMountingWeapon,func,sith,0x00448cb0,0x00448bb0,consensus,verified,,hook,strong,no
sithWeapon_HasWeaponSelected,func,sith,0x00448d20,0x00448c20,consensus+review,verified,,hook,weak,no
sithWeapon_GetAimOrient,func,sith,0x00448db0,0x00448cb0,consensus,verified,,hook,strong,no
sithWeapon_FireProjectile,func,sith,0x004490e0,0x00448fe0,consensus+review,verified,,hook,strong,no
sithWeapon_DeactivateCurrentWeapon,func,sith,0x004495a0,0x004494a0,consensus,verified,,hook,strong,no
sithWeapon_SelectNextWeapon,func,sith,0x00449640,0x00449540,consensus,verified,,hook,strong,no
sithWeapon_SelectPreviousWeapon,func,sith,0x004496e0,0x004495e0,consensus,verified,,hook,strong,no
sithWeapon_SetWeaponModel,func,sith,0x00449780,0x00449680,consensus,verified,,hook,strong,no
sithWeapon_ResetWeaponModel,func,sith,0x00449830,0x00449730,consensus,verified,,hook,strong,no
sithWeapon_SetHolsterModel,func,sith,0x00449890,0x00449790,consensus,verified,,hook,strong,no
sithWeapon_ResetHolsterModel,func,sith,0x004499a0,0x004498a0,consensus,verified,,hook,strong,no
sithWeapon_SendMessageAim,func,sith,0x00449a20,0x00449920,consensus,verified,,hook,strong,no
sithWeapon_SetActorKilledCallback,func,sith,0x00449bc0,0x00449ac0,consensus,verified,,hook,strong,no
sithWeapon_IsAiming,func,sith,0x00449bd0,0x00449ad0,consensus,verified,,hook,strong,no
sithWeapon_GenBloodsplort,func,sith,0x00449c40,0x00449b40,consensus+review,verified,,hook,weak,no
sithWeapon_GetLastWeapon,func,sith,0x00449ec0,0x00449dc0,consensus,verified,,hook,strong,no
sithWeapon_SetLastWeapon,func,sith,0x00449ed0,0x00449dd0,consensus,verified,,hook,strong,no
sithWeapon_GetWeaponMaxAimDistance,func,sith,0x00449f00,0x00449e00,consensus,verified,,hook,strong,no
sithWeapon_GetWeaponCollideSize,func,sith,0x00449f50,0x00449e50,consensus+review,verified,,hook,weak,no
sithWeapon_IsLocalPlayerUnableToUseWeapon,func,sith,0x00449f80,0x00449e80,consensus,verified,,hook,strong,no
sithWeapon_Save,func,sith,0x0044a050,0x00449f50,consensus,verified,,hook,strong,no
sithWeapon_Restore,func,sith,0x0044a160,0x0044a060,consensus,verified,,hook,strong,no
sithWeapon_GetWeaponForControlKey,func,sith,0x0044a270,0x0044a170,consensus,verified,,hook,strong,no
sithWeapon_FireProjectileEx,func,sith,0x0044a340,0x0044a240,consensus+review,verified,,hook,strong,no
sithWeapon_CreateWeaponFireFx,func,sith,0x0044a690,0x0044a590,consensus,verified,,hook,strong,no
sithWeapon_ActivateWhip,func,sith,0x0044a830,0x0044a730,consensus,verified,,hook,strong,no
sithTime_Advance,func,sith,0x0044a920,0x0044a820,consensus+review,verified,,hook,strong,no
sithTime_Pause,func,sith,0x0044aa60,0x0044a960,consensus,verified,,hook,strong,no
sithTime_Resume,func,sith,0x0044aa80,0x0044a980,consensus,verified,,hook,strong,no
sithTime_Reset,func,sith,0x0044aab0,0x0044a9b0,consensus,verified,,hook,strong,no
sithTime_SetGameTime,func,sith,0x0044aae0,0x0044a9e0,consensus,verified,,hook,strong,no
sithTime_IsPaused,func,sith,0x0044ab30,0x0044aa30,consensus,verified,,hook,strong,no
sithInventory_RegisterType,func,sith,0x0044ab40,0x0044aa40,consensus+review,verified,,hook,strong,no
sithInventory_FindNextTypeID,func,sith,0x0044ac10,0x0044ab10,consensus,verified,,hook,strong,no
sithInventory_FindPreviousTypeID,func,sith,0x0044acd0,0x0044abd0,consensus,verified,,hook,strong,no
sithInventory_GetType,func,sith,0x0044ad80,0x0044ac80,consensus,verified,,hook,strong,no
sithInventory_GetCurrentWeapon,func,sith,0x0044ada0,0x0044aca0,consensus,verified,,hook,strong,no
sithInventory_SetCurrentWeapon,func,sith,0x0044ae30,0x0044ad30,consensus,verified,,hook,strong,no
sithInventory_GetCurrentItem,func,sith,0x0044aef0,0x0044adf0,consensus,verified,,hook,strong,no
sithInventory_SetCurrentItem,func,sith,0x0044af70,0x0044ae70,consensus,verified,,hook,strong,no
sithInventory_ChangeInventory,func,sith,0x0044afe0,0x0044aee0,consensus,verified,,hook,strong,no
sithInventory_GetInventory,func,sith,0x0044b140,0x0044b040,consensus,verified,,hook,strong,no
sithInventory_SetInventory,func,sith,0x0044b1f0,0x0044b0f0,consensus,verified,,hook,strong,no
sithInventory_SetInventoryActivated,func,sith,0x0044b350,0x0044b250,consensus,verified,,hook,strong,no
sithInventory_IsInventoryActivated,func,sith,0x0044b410,0x0044b310,consensus,verified,,hook,strong,no
sithInventory_SetInventoryAvailable,func,sith,0x0044b4c0,0x0044b3c0,consensus,verified,,hook,strong,no
sithInventory_IsInventoryAvailable,func,sith,0x0044b580,0x0044b480,consensus,verified,,hook,strong,no
sithInventory_SetInventoryDisabled,func,sith,0x0044b630,0x0044b530,consensus,verified,,hook,strong,no
sithInventory_IsBackpackItem,func,sith,0x0044b6d0,0x0044b5d0,consensus,verified,,hook,strong,no
sithInventory_IsWeapon,func,sith,0x0044b770,0x0044b670,consensus,verified,,hook,strong,no
sithInventory_GetInventoryMinimum,func,sith,0x0044b7b0,0x0044b6b0,consensus,verified,,hook,strong,no
sithInventory_GetInventoryMaximum,func,sith,0x0044b840,0x0044b740,consensus,verified,,hook,strong,no
sithInventory_SetInventoryFlags,func,sith,0x0044b8d0,0x0044b7d0,consensus,verified,,hook,strong,no
sithInventory_BroadcastMessage,func,sith,0x0044b970,0x0044b870,consensus,verified,,hook,strong,no
sithInventory_ResetInventory,func,sith,0x0044ba70,0x0044b970,consensus,verified,,hook,strong,no
sithInventory_CreateBackpack,func,sith,0x0044bb50,0x0044ba50,consensus+review,verified,,hook,strong,no
sithInventory_PickupBackpack,func,sith,0x0044bc90,0x0044bb90,consensus,verified,,hook,strong,no
sithInventory_GetBackpackItemID,func,sith,0x0044bd70,0x0044bc70,consensus,verified,,hook,strong,no
sithInventory_GetBackpackItemValue,func,sith,0x0044bde0,0x0044bce0,consensus,verified,,hook,strong,no
sithInventory_GetNumBackpackItems,func,sith,0x0044be50,0x0044bd50,consensus,verified,,hook,strong,no
sithInventory_GetInventoryType,func,sith,0x0044beb0,0x0044bdb0,consensus,verified,,hook,strong,no
sithInventory_InitInventory,func,sith,0x0044bf50,0x0044be50,consensus,verified,,hook,strong,no
sithInventory_BroadcastKilledMessage,func,sith,0x0044c010,0x0044bf10,consensus,verified,,hook,strong,no
sithInventory_SetSwimmingInventory,func,sith,0x0044c070,0x0044bf70,consensus,verified,,hook,strong,no
sithModel_Startup,func,sith,0x0044c0c0,0x0044bfc0,consensus,verified,,hook,strong,no
sithModel_Shutdown,func,sith,0x0044c0e0,0x0044bfe0,consensus,verified,,hook,strong,no
sithModel_ReadStaticModelsListText,func,sith,0x0044c100,0x0044c000,callers+review,verified,,hook,strong,yes
sithModel_WriteStaticModelsListBinary,func,sith,0x0044c3d0,0x0044c2d0,interpolated+review,verified,,hook,weak,yes
sithModel_ReadStaticModelsListBinary,func,sith,0x0044c470,0x0044c370,interpolated,verified,,hook,weak,yes
sithModel_FreeWorldModels,func,sith,0x0044c4f0,0x0044c3f0,consensus,verified,,hook,strong,no
sithModel_Load,func,sith,0x0044c5e0,0x0044c4e0,consensus+review,verified,,hook,strong,yes
sithModel_GetModelMemUsage,func,sith,0x0044c810,0x0044c710,consensus,verified,,hook,strong,no
sithModel_AllocWorldModels,func,sith,0x0044c8a0,0x0044c7a0,consensus+review,verified,,hook,strong,no
sithModel_GetModelByIndex,func,sith,0x0044c950,0x0044c850,consensus,verified,,hook,strong,no
sithModel_GetModelIndex,func,sith,0x0044c9a0,0x0044c8a0,consensus,verified,,hook,strong,no
sithModel_GetModel,func,sith,0x0044ca30,0x0044c930,consensus,verified,,hook,strong,no
sithModel_GetMeshIndex,func,sith,0x0044cac0,0x0044c9c0,consensus,verified,,hook,strong,no
sithModel_EnableHiPoly,func,sith,0x0044cb50,0x0044ca50,consensus,verified,,hook,strong,no
sithModel_CacheRemove,func,sith,0x0044cb60,0x0044ca60,consensus,verified,,hook,strong,no
sithModel_CacheAdd,func,sith,0x0044cbf0,0x0044caf0,consensus,verified,,hook,strong,no
sithModel_CacheFind,func,sith,0x0044cc80,0x0044cb80,consensus,verified,,hook,strong,no
sithSound_Initialize,func,sith,0x0044cce0,0x0044cbe0,consensus,verified,,hook,strong,no
sithSound_Uninitialize,func,sith,0x0044ccf0,0x0044cbf0,consensus,verified,,,strong,no
sithSound_StartupSound,func,sith,0x0044cd00,0x0044cc00,consensus,verified,,,strong,no
sithSound_ShutdownSound,func,sith,0x0044cd10,0x0044cc10,consensus,verified,,,strong,no
sithSound_Startup,func,sith,0x0044cd20,0x0044cc20,consensus+review,verified,,hook,strong,no
sithSound_Shutdown,func,sith,0x0044ce00,0x0044cd00,consensus,verified,,hook,strong,no
sithSound_ReadSoundsListText,func,sith,0x0044ce20,0x0044cd20,callers+review,verified,,hook,strong,yes
sithSound_WriteSoundsListBinary,func,sith,0x0044d040,0x0044cf40,interpolated,verified,,hook,weak,yes
sithSound_ReadSoundsListBinary,func,sith,0x0044d080,0x0044cf80,interpolated,verified,,hook,weak,yes
sithSound_FreeWorldSounds,func,sith,0x0044d0e0,0x0044cfe0,consensus,verified,,hook,strong,no
sithSound_Load,func,sith,0x0044d140,0x0044d040,consensus+review,verified,,hook,strong,no
sithSound_SetSkipRestoringSounds,func,sith,0x0044d2c0,0x0044d1c0,consensus,verified,,hook,strong,no
sithPlayerActions_Activate,func,sith,0x0044d2d0,0x0044d1d0,consensus+review,verified,,hook,strong,no
sithPlayerActions_Jump,func,sith,0x0044e030,0x0044df30,consensus,verified,,hook,strong,no
sithPlayerActions_MoveToPlayerPosition,func,sith,0x0044e360,0x0044e260,consensus,verified,,hook,strong,no
sithPlayerActions_PushItem,func,sith,0x0044e430,0x0044e330,consensus,verified,,hook,strong,no
sithPlayerActions_PullItem,func,sith,0x0044e4c0,0x0044e3c0,consensus,verified,,hook,strong,no
sithPlayerActions_ClimbPullUp,func,sith,0x0044e580,0x0044e480,consensus,verified,,hook,strong,no
sithPlayerActions_ClimbMove,func,sith,0x0044e600,0x0044e500,consensus,verified,,hook,strong,no
sithPlayerActions_UnmountWall,func,sith,0x0044e6f0,0x0044e5f0,consensus,verified,,hook,strong,no
sithPlayerActions_ClimbOn1m,func,sith,0x0044e7d0,0x0044e6d0,consensus,verified,,hook,strong,no
sithPlayerActions_ClimbOn2m,func,sith,0x0044e870,0x0044e770,consensus,verified,,hook,strong,no
sithPlayerActions_LeapForward,func,sith,0x0044e8f0,0x0044e7f0,consensus,verified,,hook,strong,no
sithPlayerActions_JumpForward,func,sith,0x0044eac0,0x0044e9c0,consensus,verified,,hook,strong,no
sithPlayerActions_HopLeft,func,sith,0x0044ec30,0x0044eb30,consensus,verified,,hook,strong,no
sithPlayerActions_HopRight,func,sith,0x0044edb0,0x0044ecb0,consensus,verified,,hook,strong,no
sithPlayerActions_JumpRollBack,func,sith,0x0044ef30,0x0044ee30,consensus,verified,,hook,strong,no
sithPlayerActions_JumpRollForward,func,sith,0x0044f0b0,0x0044efb0,consensus,verified,,hook,strong,no
sithPlayerActions_StrafeLeft,func,sith,0x0044f230,0x0044f130,consensus,verified,,hook,strong,no
sithPlayerActions_StrafeRight,func,sith,0x0044f300,0x0044f200,consensus,verified,,hook,strong,no
sithPlayerActions_HopBack,func,sith,0x0044f3e0,0x0044f2e0,consensus,verified,,hook,strong,no
sithPlayerActions_Stand2Crawl,func,sith,0x0044f550,0x0044f450,consensus,verified,,hook,strong,no
sithPlayerActions_Crawl2Stand,func,sith,0x0044f5c0,0x0044f4c0,consensus,verified,,hook,strong,no
sithPlayerActions_JumpStart,func,sith,0x0044f6b0,0x0044f5b0,consensus,verified,,hook,strong,no
sithPlayerActions_HasActiveWeapon,func,sith,0x0044f6f0,0x0044f5f0,consensus,verified,,hook,strong,no
sithPlayerActions_ClimbDownToClimb,func,sith,0x0044f720,0x0044f620,consensus,verified,,hook,strong,no
sithPlayerActions_ClimbDownToHang,func,sith,0x0044f7b0,0x0044f6b0,consensus,verified,,hook,strong,no
sithPlayerActions_CheckFloorAtPos,func,sith,0x0044f830,0x0044f730,consensus,verified,,hook,strong,no
sithPlayerActions_FindLedge,func,sith,0x0044fc20,0x0044fb20,consensus,verified,,hook,strong,no
sithPlayerActions_CanClimbOn1m,func,sith,0x0044ffb0,0x0044feb0,consensus,verified,,hook,strong,no
sithPlayerActions_CanClimbOn2m,func,sith,0x00450320,0x00450220,consensus,verified,,hook,strong,no
sithPlayerActions_CheckClimbDownWall,func,sith,0x004505a0,0x004504a0,consensus,verified,,hook,strong,no
sithPlayerActions_GrabLedge,func,sith,0x004509b0,0x004508b0,consensus,verified,,hook,strong,no
sithPlayerActions_FindAndAttachToClimbWall,func,sith,0x00450f50,0x00450e50,consensus,verified,,hook,strong,no
sithPlayerActions_CanPullUp,func,sith,0x00451020,0x00450f20,consensus,verified,,hook,strong,no
sithPlayerActions_GetLedgeThingGrabPosZ,func,sith,0x004512d0,0x004511d0,consensus,verified,,hook,strong,no
sithPlayerActions_StartInvisibility,func,sith,0x00451390,0x00451290,interpolated,verified,,hook,weak,no
sithPlayerActions_EndInvisibility,func,sith,0x00451430,0x00451330,interpolated,verified,,hook,weak,no
sithPlayerActions_IsInvisible,func,sith,0x004514e0,0x004513e0,consensus,verified,,hook,strong,no
sithPlayerActions_StartJewelFlying,func,sith,0x004514f0,0x004513f0,consensus+review,verified,,hook,strong,no
sithPlayerActions_EnableJewelFlying,func,sith,0x00451620,0x00451520,consensus,verified,,hook,strong,no
sithPlayerActions_DisableJewelFlying,func,sith,0x00451650,0x00451550,consensus,verified,,hook,strong,no
sithPlayerActions_CenterOnClimbSurface,func,sith,0x004516f0,0x004515f0,consensus+review,verified,,hook,strong,no
sithPlayerActions_MoveToCrawlPosition,func,sith,0x004518e0,0x004517e0,consensus,verified,,hook,strong,no
sithMessage_Startup,func,sith,0x00451a40,0x00451940,interpolated+review,verified,,hook,strong,no
sithMessage_Shutdown,func,sith,0x00451ab0,0x004519b0,callers+review,verified,,hook,strong,no
sithMessage_SendMessage,func,sith,0x00451b10,0x00451a10,callers,verified,,hook,strong,no
sithMessage_ProcessMessages,func,sith,0x00451bd0,0x00451ad0,interpolated+review,verified,,hook,strong,no
sithMessage_StopProcessMessages,func,sith,0x00451cf0,0x00451bf0,consensus+review,verified,,hook,weak,no
sithMessage_GetSenderID,func,sith,0x00451d00,0x00451c00,consensus+review,verified,,hook,weak,no
sithMessage_NetWrite,func,sith,0x00451d10,0x00451c10,interpolated,verified,,hook,weak,no
sithMessage_ReceiveMessage,func,sith,0x00451e20,0x00451d20,interpolated,verified,,hook,weak,no
sithMessage_CloseGame,func,sith,0x00451ee0,0x00451de0,consensus,verified,,hook,strong,no
sithMessage_CheckMembershipList,func,sith,0x00451f10,0x00451e10,interpolated,verified,,hook,weak,no
sithMessage_ProcessCheckMembershipList,func,sith,0x00451fb0,0x00451eb0,manual,verified,,hook,strong,yes
sithMessage_RegisterFunction,func,sith,0x004520d0,0x00451fd0,callers,verified,,hook,strong,no
sithMessage_Process,func,sith,0x00452110,0x00452010,interpolated+review,verified,,hook,strong,no
sithMessage_InitMessageHandlers,func,sith,0x004521b0,0x004520b0,consensus,verified,,hook,strong,no
sithMessage_FileWrite,func,sith,0x00452470,0x00452370,consensus,verified,,hook,strong,no
sithEvent_Startup,func,sith,0x004524c0,0x004523c0,consensus,verified,,hook,strong,no
sithEvent_Shutdown,func,sith,0x00452520,0x00452420,consensus,verified,,hook,strong,no
sithEvent_Open,func,sith,0x00452560,0x00452460,consensus,verified,,hook,strong,no
sithEvent_Close,func,sith,0x00452580,0x00452480,consensus,verified,,hook,strong,no
sithEvent_Reset,func,sith,0x004525a0,0x004524a0,consensus,verified,,hook,strong,no
sithEvent_CreateEvent,func,sith,0x004525c0,0x004524c0,consensus+review,verified,,hook,strong,no
sithEvent_FreeEvent,func,sith,0x00452660,0x00452560,consensus,verified,,hook,strong,no
sithEvent_RegisterTask,func,sith,0x00452710,0x00452610,consensus,verified,,hook,strong,yes
sithEvent_Process,func,sith,0x004527d0,0x004526d0,consensus,verified,,hook,strong,no
sithEvent_ResetFreeBufferTable,func,sith,0x00452880,0x00452780,consensus,verified,,hook,strong,no
sithEvent_Create,func,sith,0x004528b0,0x004527b0,consensus+review,verified,,hook,strong,no
sithEvent_AddEvent,func,sith,0x00452900,0x00452800,consensus,verified,,hook,strong,no
sithCogParse_FreeParseTree,func,sith,0x00452960,0x00452860,consensus,verified,,hook,strong,no
sithCogParse_Load,func,sith,0x00452990,0x00452890,consensus+review,verified,,hook,strong,no
sithCogParse_ParseSectionCode,func,sith,0x00452c10,0x00452b10,consensus+review,verified,,hook,strong,no
sithCogParse_DuplicateSymbolTable,func,sith,0x00452d80,0x00452c80,consensus+review,verified,,hook,strong,no
sithCogParse_AllocSymbolTable,func,sith,0x00452e50,0x00452d50,consensus+review,verified,,hook,strong,no
sithCogParse_FreeSymbolTable,func,sith,0x00452f60,0x00452e60,consensus,verified,,hook,strong,no
sithCogParse_AddSymbol,func,sith,0x00453050,0x00452f50,consensus+review,verified,,hook,strong,no
sithCogParse_SetSymbolValue,func,sith,0x00453180,0x00453080,consensus,verified,,hook,strong,no
sithCogParse_GetSymbol,func,sith,0x004531f0,0x004530f0,consensus,verified,,hook,strong,no
sithCogParse_GetSymbolByID,func,sith,0x004532a0,0x004531a0,consensus,verified,,hook,strong,no
sithCogParse_GetSymbolLabel,func,sith,0x004532e0,0x004531e0,consensus,verified,,hook,strong,yes
sithCogParse_MakeLeafNode,func,sith,0x00453320,0x00453220,consensus,verified,,hook,strong,yes
sithCogParse_MakeVectorLeafNode,func,sith,0x00453340,0x00453240,consensus,verified,-0x10,hook,strong,yes
sithCogParse_MakeNode,func,sith,0x00453380,0x00453270,consensus,verified,,hook,strong,yes
sithCogParse_LexerSetSymbol,func,sith,0x004533b0,0x004532a0,consensus+review,verified,,hook,strong,yes
sithCogParse_LexerSetString,func,sith,0x004534f0,0x004533e0,consensus,verified,,hook,strong,yes
sithCogParse_LexerSetVector,func,sith,0x004535a0,0x00453490,consensus+review,verified,,hook,strong,yes
sithCogParse_GetNextLabel,func,sith,0x00453610,0x00453500,consensus,verified,,hook,strong,yes
sithCogParse_GetNextNode,func,sith,0x00453650,0x00453540,consensus+review,verified,,hook,strong,no
sithCogParse_ResetTreeNodes,func,sith,0x00453730,0x00453620,consensus,verified,,hook,strong,no
sithCogParse_GenerateLabelTable,func,sith,0x00453740,0x00453630,consensus,verified,,hook,strong,no
sithCogParse_GenerateCode,func,sith,0x00453800,0x004536f0,consensus,verified,,hook,strong,no
sithCogParse_ParseSymbols,func,sith,0x00453900,0x004537f0,consensus+review,verified,,hook,strong,no
sithCogParse_ParseSymbolRef,func,sith,0x00453dc0,0x00453cb0,consensus+review,verified,,hook,strong,no
sithCogParse_ParseFlex,func,sith,0x00454130,0x00454020,consensus,verified,,hook,strong,no
sithCogParse_ParseInt,func,sith,0x004542f0,0x004541e0,consensus,verified,,hook,strong,no
sithCogParse_ParseVector,func,sith,0x004544d0,0x004543c0,consensus,verified,,hook,strong,no
sithCogParse_ParseMessage,func,sith,0x004546b0,0x004545a0,consensus+review,verified,,hook,strong,no
sithCogParse_ResolveMessageHandlers,func,sith,0x00454790,0x00454680,consensus,verified,,hook,strong,no
sithDSSCog_SendMessage,func,sith,0x004547c0,0x004546b0,consensus,verified,,hook,strong,no
sithDSSCog_ProcessMessage,func,sith,0x004548c0,0x004547b0,manual,verified,,hook,strong,yes
sithDSSCog_SyncCogState,func,sith,0x00454a00,0x004548f0,consensus,verified,,hook,strong,no
sithDSSCog_ProcessCogState,func,sith,0x00454b80,0x00454a70,manual,verified,,hook,strong,yes
sithMulti_CloseGame,func,sith,0x00454cd0,0x00454bc0,consensus,verified,,hook+trampoline,strong,no
sithMulti_CheckPlayers,func,sith,0x00454d30,0x00454c20,interpolated+review,verified,,hook+trampoline,weak,yes
sithMulti_ProcessPlayerLost,func,sith,0x00454e70,0x00454d60,consensus,verified,,hook+trampoline,strong,no
sithMulti_RemovePlayer,func,sith,0x00454ee0,0x00454dd0,consensus+review,verified,,hook+trampoline,weak,no
sithMulti_SendWelcome,func,sith,0x00455000,0x00454ef0,consensus+review,verified,,hook+trampoline,strong,no
sithMulti_ProcessWelcome,func,sith,0x004550a0,0x00454f90,manual,verified,,hook+trampoline,strong,yes
sithMulti_ProcessPlayerJoin,func,sith,0x004552a0,0x00455190,consensus+review,verified,,hook+trampoline,weak,no
sithMulti_SyncPlayers,func,sith,0x00455350,0x00455240,consensus,verified,,hook+trampoline,strong,no
sithMulti_ProcessSyncPlayers,func,sith,0x00455490,0x00455380,manual,verified,,hook+trampoline,strong,yes
sithMulti_ProcessJoinRequest,func,sith,0x00455640,0x00455530,manual,verified,,hook+trampoline,strong,yes
sithMulti_FinishJoining,func,sith,0x00455a00,0x004558f0,consensus+review,verified,,hook+trampoline,weak,no
sithMulti_ProcessChat,func,sith,0x00455a40,0x00455930,manual,verified,,hook+trampoline,strong,yes
sithMulti_ProcessPing,func,sith,0x00455af0,0x004559e0,manual,verified,,hook+trampoline,strong,yes
sithMulti_ProcessPong,func,sith,0x00455b20,0x00455a10,manual,verified,,hook+trampoline,strong,yes
sithMulti_QuitPlayer,func,sith,0x00455be0,0x00455ad0,consensus,verified,,hook+trampoline,strong,no
sithMulti_ProcessQuit,func,sith,0x00455c20,0x00455b10,manual,verified,,hook+trampoline,strong,yes
sithMulti_Update,func,sith,0x00455cd0,0x00455bc0,consensus,verified,,hook+trampoline,strong,no
sithMulti_SyncScores,func,sith,0x00455df0,0x00455ce0,consensus+review,verified,,hook+trampoline,strong,no
sithMulti_GetPlayerIndexByID,func,sith,0x00455e00,0x00455cf0,consensus+review,verified,,hook+trampoline,weak,no
sithMulti_ProcessKilledPlayer,func,sith,0x00455e30,0x00455d20,consensus,verified,,hook+trampoline,strong,no
sithMulti_QuitGame,func,sith,0x00455fd0,0x00455ec0,consensus+review,verified,,hook+trampoline,weak,no
sithMulti_Respawn,func,sith,0x00456000,0x00455ef0,consensus+review,verified,,hook+trampoline,strong,no
sithMulti_RemoveStaticThing,func,sith,0x004561e0,0x004560d0,consensus,verified,,hook+trampoline,strong,no
sithMulti_UpdateSurfaces,func,sith,0x00456230,0x00456120,consensus+review,verified,,hook+trampoline,weak,no
sithMulti_UpdateSectors,func,sith,0x004562e0,0x004561d0,consensus+review,verified,,hook+trampoline,weak,no
sithMulti_UpdateThings,func,sith,0x004563a0,0x00456290,consensus+review,verified,,hook+trampoline,weak,no
sithMulti_UpdateRemovals,func,sith,0x004564a0,0x00456390,consensus+review,verified,,hook+trampoline,weak,no
sithMulti_StartWelcomingPlayer,func,sith,0x004565a0,0x00456490,consensus+review,verified,,hook+trampoline,weak,no
sithMulti_StopWelcomingPlayer,func,sith,0x00456650,0x00456540,consensus+review,verified,,hook+trampoline,weak,no
sithAIClass_Startup,func,sith,0x004566f0,0x004565e0,consensus,verified,,hook,strong,no
sithAIClass_Shutdown,func,sith,0x00456710,0x00456600,consensus,verified,,hook,strong,no
sithAIClass_ReadStaticAIClassesListText,func,sith,0x00456730,0x00456620,callers+review,verified,,hook,strong,yes
sithAIClass_WriteStaticAIClassesListBinary,func,sith,0x00456980,0x00456870,interpolated+review,verified,,hook,weak,yes
sithAIClass_ReadStaticAIClassesListBinary,func,sith,0x004569f0,0x004568e0,interpolated,verified,,hook,weak,yes
sithAIClass_AllocWorldAIClasses,func,sith,0x00456a70,0x00456960,consensus+review,verified,,hook,strong,no
sithAIClass_FreeWorldAIClasses,func,sith,0x00456b50,0x00456a40,consensus,verified,,hook,strong,no
sithAIClass_Load,func,sith,0x00456be0,0x00456ad0,consensus+review,verified,,hook,strong,no
sithAIClass_LoadEntry,func,sith,0x00456de0,0x00456cd0,consensus+review,verified,,hook,strong,no
sithAIClass_CacheFind,func,sith,0x00457340,0x00457230,consensus,verified,,hook,strong,no
sithAIClass_CacheAdd,func,sith,0x004573a0,0x00457290,consensus,verified,,hook,strong,no
sithAIClass_CacheRemove,func,sith,0x00457430,0x00457320,consensus,verified,,hook,strong,no
sithPuppet_Startup,func,sith,0x004574c0,0x004573b0,consensus+review,verified,,hook,strong,no
sithPuppet_Shutdown,func,sith,0x00457570,0x00457460,consensus,verified,,hook,strong,no
sithPuppet_New,func,sith,0x004575d0,0x004574c0,consensus,verified,,hook,strong,no
sithPuppet_Free,func,sith,0x00457680,0x00457570,consensus,verified,,hook,strong,no
sithPuppet_RemoveAllTracks,func,sith,0x004576d0,0x004575c0,consensus+review,verified,,hook,strong,no
sithPuppet_UpdatePuppet,func,sith,0x004577e0,0x004576d0,consensus+review,verified,,hook,strong,no
sithPuppet_PlayFidgetMode,func,sith,0x00457d10,0x00457c00,consensus,verified,,hook,strong,no
sithPuppet_StopFridgetTrack,func,sith,0x00457e70,0x00457d60,consensus,verified,,hook,strong,no
sithPuppet_IsModeOnTrack,func,sith,0x00457f30,0x00457e20,consensus,verified,,hook,strong,no
sithPuppet_IsAnyModeOnTrack,func,sith,0x00457fc0,0x00457eb0,consensus,verified,,hook,strong,no
sithPuppet_FindActiveTrack,func,sith,0x00458070,0x00457f60,consensus+review,verified,,hook,strong,no
sithPuppet_UpdateThingMoveTracks,func,sith,0x00458120,0x00458010,consensus,verified,,hook,strong,no
sithPuppet_UpdateThingMove,func,sith,0x004582b0,0x004581a0,consensus,verified,,hook,strong,no
sithPuppet_SetSubMode,func,sith,0x00458e10,0x00458d00,consensus,verified,,hook,strong,no
sithPuppet_SetMoveMode,func,sith,0x00459000,0x00458ef0,consensus,verified,,hook,strong,no
sithPuppet_SetArmedMode,func,sith,0x004590a0,0x00458f90,consensus,verified,,hook,strong,no
sithPuppet_PlayMode,func,sith,0x004590f0,0x00458fe0,consensus+review,verified,,hook,strong,no
sithPuppet_PlayForceMoveMode,func,sith,0x004592c0,0x004591b0,consensus+review,verified,,hook,strong,no
sithPuppet_PlayKey,func,sith,0x00459480,0x00459370,consensus+review,verified,,hook,strong,no
sithPuppet_GetTrackNumForGUID,func,sith,0x004595e0,0x004594d0,consensus,verified,,hook,strong,no
sithPuppet_StopKey,func,sith,0x00459660,0x00459550,consensus,verified,,hook,strong,no
sithPuppet_FinishForceMove,func,sith,0x004596e0,0x004595d0,consensus,verified,,hook,strong,no
sithPuppet_DefaultCallback,func,sith,0x00459cc0,0x00459bb0,consensus,verified,,hook,strong,yes
sithPuppet_ReadStaticPuppetsListText,func,sith,0x0045a810,0x0045a700,callers+review,verified,,hook,strong,yes
sithPuppet_WriteStaticPuppetsListBinary,func,sith,0x0045a990,0x0045a880,interpolated+review,verified,,hook,weak,yes
sithPuppet_ReadStaticPuppetsListBinary,func,sith,0x0045a9f0,0x0045a8e0,interpolated,verified,,hook,weak,yes
sithPuppet_LoadPuppetClass,func,sith,0x0045aaa0,0x0045a990,consensus+review,verified,,hook,strong,no
sithPuppet_LoadPuppetClassEntry,func,sith,0x0045ac00,0x0045aaf0,consensus+review,verified,,hook,strong,no
sithPuppet_AllocWorldPuppets,func,sith,0x0045b050,0x0045af40,consensus+review,verified,,hook,strong,no
sithPuppet_FreeWorldPuppets,func,sith,0x0045b120,0x0045b010,consensus,verified,,hook,strong,no
sithPuppet_ReadStaticKeyframesListText,func,sith,0x0045b200,0x0045b0f0,callers+review,verified,,hook,strong,yes
sithPuppet_WriteStaticKeyframesListBinary,func,sith,0x0045b530,0x0045b420,interpolated+review,verified,,hook,weak,yes
sithPuppet_ReadStaticKeyframesListBinary,func,sith,0x0045b940,0x0045b830,interpolated,verified,,hook,weak,yes
sithPuppet_GetKeyframeByIndex,func,sith,0x0045bdc0,0x0045bcb0,consensus,verified,,hook,strong,no
sithPuppet_LoadKeyframe,func,sith,0x0045be00,0x0045bcf0,consensus,verified,,hook,strong,yes
sithPuppet_AllocWorldKeyframes,func,sith,0x0045bfe0,0x0045bed0,consensus+review,verified,,hook,strong,no
sithPuppet_FreeWorldKeyframes,func,sith,0x0045c090,0x0045bf80,consensus,verified,,hook,strong,no
sithPuppet_ClassCacheFind,func,sith,0x0045c180,0x0045c070,consensus,verified,,hook,strong,no
sithPuppet_ClassCacheAdd,func,sith,0x0045c1e0,0x0045c0d0,consensus,verified,,hook,strong,no
sithPuppet_ClassCacheRemove,func,sith,0x0045c270,0x0045c160,consensus,verified,,hook,strong,no
sithPuppet_GetKeyframe,func,sith,0x0045c300,0x0045c1f0,consensus,verified,,hook,strong,no
sithPuppet_KeyCacheFind,func,sith,0x0045c310,0x0045c200,consensus,verified,,hook,strong,no
sithPuppet_KeyCacheAdd,func,sith,0x0045c370,0x0045c260,consensus,verified,,hook,strong,no
sithPuppet_KeyCacheRemove,func,sith,0x0045c400,0x0045c2f0,consensus,verified,,hook,strong,no
sithPuppet_StopMode,func,sith,0x0045c490,0x0045c380,consensus,verified,,hook,strong,no
sithPuppet_SynchMode,func,sith,0x0045c550,0x0045c440,consensus+review,verified,,hook,strong,no
sithPuppet_ClearMode,func,sith,0x0045c7f0,0x0045c6e0,consensus,verified,,hook,strong,no
sithPuppet_RemoveTrackByIndex,func,sith,0x0045c840,0x0045c730,consensus,verified,,hook,strong,no
sithPuppet_NewTrack,func,sith,0x0045c870,0x0045c760,consensus,verified,,hook,strong,no
sithPuppet_AddTrack,func,sith,0x0045c8c0,0x0045c7b0,consensus,verified,,hook,strong,no
sithPuppet_RemoveTrack,func,sith,0x0045c910,0x0045c800,consensus,verified,,hook,strong,no
sithPuppet_FreeTrack,func,sith,0x0045c930,0x0045c820,consensus,verified,,hook,strong,no
sithPuppet_FreeTrackByIndex,func,sith,0x0045c990,0x0045c880,consensus,verified,,hook,strong,no
sithPuppet_GetModeTrack,func,sith,0x0045ca00,0x0045c8f0,consensus,verified,,hook,strong,no
sithPuppet_GetModeTrackImpl,func,sith,0x0045ca20,0x0045c910,consensus,verified,,hook,strong,no
sithPuppet_ClearTrackList,func,sith,0x0045ca50,0x0045c940,consensus+review,verified,,hook,weak,no
sithTemplate_Startup,func,sith,0x0045ca90,0x0045c980,consensus,verified,,hook,strong,no
sithTemplate_Shutdown,func,sith,0x0045cab0,0x0045c9a0,consensus,verified,,hook,strong,no
sithTemplate_AllocWorldTemplates,func,sith,0x0045cad0,0x0045c9c0,consensus,verified,,hook,strong,no
sithTemplate_GetTemplateByIndex,func,sith,0x0045cbf0,0x0045cae0,consensus,verified,,hook,strong,no
sithTemplate_GetTemplateIndex,func,sith,0x0045cc40,0x0045cb30,consensus,verified,,hook,strong,no
sithTemplate_ReadThingTemplatesListText,func,sith,0x0045cc90,0x0045cb80,callers+review,verified,,hook,strong,yes
sithTemplate_WriteThingTemplatesListBinary,func,sith,0x0045cdc0,0x0045ccb0,interpolated,verified,,hook,weak,yes
sithTemplate_ReadThingTemplatesListBinary,func,sith,0x0045cdf0,0x0045cce0,interpolated,verified,,hook,weak,yes
sithTemplate_AddTemplate,func,sith,0x0045ce40,0x0045cd30,interpolated,verified,,hook,weak,yes
sithTemplate_FreeWorldTemplates,func,sith,0x0045ce50,0x0045cd40,consensus,verified,,hook,strong,no
sithTemplate_GetTemplate,func,sith,0x0045cf40,0x0045ce30,consensus+review,verified,,,strong,yes
sithTemplate_Parse,func,sith,0x0045d0d0,0x0045cfc0,consensus+review,verified,,hook,strong,yes
sithTemplate_CacheFind,func,sith,0x0045d340,0x0045d230,consensus,verified,,hook,strong,yes
sithTemplate_CacheAdd,func,sith,0x0045d380,0x0045d270,consensus,verified,,hook,strong,no
sithTemplate_CacheRemove,func,sith,0x0045d410,0x0045d300,consensus,verified,,hook,strong,no
sithTemplate_ParseTemplateList,func,sith,0x0045d480,0x0045d370,consensus+review,verified,,hook,strong,no
sithMaterial_Startup,func,sith,0x0045d530,0x0045d420,consensus,verified,,hook,strong,no
sithMaterial_Shutdown,func,sith,0x0045d550,0x0045d440,consensus,verified,,hook,strong,no
sithMaterial_FreeWorldMaterials,func,sith,0x0045d570,0x0045d460,consensus,verified,,hook,strong,no
sithMaterial_ReadMaterialsListText,func,sith,0x0045d650,0x0045d540,callers+review,verified,,hook,strong,yes
sithMaterial_WriteMaterialsListBinary,func,sith,0x0045d900,0x0045d7f0,interpolated,verified,,hook,weak,yes
sithMaterial_ReadMaterialsListBinary,func,sith,0x0045dc90,0x0045db80,interpolated,verified,,hook,weak,yes
sithMaterial_Load,func,sith,0x0045e210,0x0045e100,consensus,verified,,hook,strong,yes
sithMaterial_GetMaterialByIndex,func,sith,0x0045e3e0,0x0045e2d0,consensus,verified,,hook,strong,no
sithMaterial_AllocWorldMaterials,func,sith,0x0045e420,0x0045e310,consensus,verified,,hook,strong,no
sithMaterial_CacheFind,func,sith,0x0045e4f0,0x0045e3e0,consensus,verified,,hook,strong,no
sithMaterial_CacheAdd,func,sith,0x0045e530,0x0045e420,consensus,verified,,hook,strong,no
sithMaterial_CacheRemove,func,sith,0x0045e570,0x0045e460,consensus,verified,,hook,strong,no
sithSurface_HideSectorAdjoin,func,sith,0x0045e5d0,0x0045e4c0,consensus,verified,,hook,strong,no
sithSurface_ShowSectorAdjoin,func,sith,0x0045e600,0x0045e4f0,consensus,verified,,hook,strong,no
sithSurface_AllocWorldSurfaces,func,sith,0x0045e640,0x0045e530,consensus+review,verified,,hook,strong,no
sithSurface_FreeWorldSurfaces,func,sith,0x0045e720,0x0045e610,consensus,verified,,hook,strong,no
sithSurface_WriteAdjoinsListBinary,func,sith,0x0045e810,0x0045e700,interpolated,verified,,hook,weak,yes
sithSurface_ReadAdjoinsListBinary,func,sith,0x0045e900,0x0045e7f0,interpolated,verified,,hook,weak,yes
sithSurface_AllocWorldAdjoins,func,sith,0x0045e9f0,0x0045e8e0,consensus+review,verified,,hook,strong,no
sithSurface_WriteSurfacesListBinary,func,sith,0x0045ead0,0x0045e9c0,interpolated+review,verified,,hook,strong,yes
sithSurface_ReadSurfacesListBinary,func,sith,0x0045edd0,0x0045ecc0,interpolated,verified,,hook,weak,yes
sithSurface_ReadSurfacesListText,func,sith,0x0045f150,0x0045f040,consensus+review,verified,,hook,strong,no
sithSurface_ValidateSurfacePointer,func,sith,0x0045f830,0x0045f720,consensus,verified,,hook,strong,no
sithSurface_ValidateWorldSurfaces,func,sith,0x0045f850,0x0045f740,consensus,verified,,hook,strong,no
sithSurface_HandleThingImpact,func,sith,0x0045f8c0,0x0045f7b0,consensus,verified,,hook,strong,no
sithSurface_PlaySurfaceHitSound,func,sith,0x0045f930,0x0045f820,consensus,verified,,hook,strong,no
sithSurface_GetCenterPoint,func,sith,0x0045f9b0,0x0045f8a0,consensus+review,verified,,hook,strong,no
sithSurface_SyncSurface,func,sith,0x0045fad0,0x0045f9c0,consensus,verified,,hook,strong,no
sithSurface_SyncSurfaces,func,sith,0x0045fb20,0x0045fa10,consensus,verified,,hook,strong,no
sithSurface_GetSurfaceEx,func,sith,0x0045fb70,0x0045fa60,consensus,verified,,hook,strong,no
sithSurface_GetSurfaceIndex,func,sith,0x0045fba0,0x0045fa90,consensus,verified,,hook,strong,no
sithSurface_GetSurfaceIndexEx,func,sith,0x0045fbf0,0x0045fae0,consensus,verified,,hook,strong,no
sithSector_ReadSectorsListText,func,sith,0x0045fc30,0x0045fb20,callers+review,verified,,hook,strong,yes
sithSector_WriteSectorsListBinary,func,sith,0x004601f0,0x004600e0,interpolated,verified,,hook,weak,yes
sithSector_ReadSectorsListBinary,func,sith,0x00460540,0x00460430,interpolated,verified,,hook,weak,yes
sithSector_ValidateSectorPointer,func,sith,0x00460930,0x00460820,consensus,verified,,hook,strong,no
sithSector_AllocWorldSectors,func,sith,0x00460970,0x00460860,consensus+review,verified,,hook,strong,no
sithSector_ResetAllSectors,func,sith,0x00460a40,0x00460930,consensus,verified,,hook,strong,no
sithSector_FreeWorldSectors,func,sith,0x00460a80,0x00460970,consensus,verified,,hook,strong,no
sithSector_FindSectorAtPos,func,sith,0x00460b10,0x00460a00,consensus,verified,,hook,strong,no
sithSector_HideSectorAdjoins,func,sith,0x00460c40,0x00460b30,consensus,verified,,hook,strong,no
sithSector_ShowSectorAdjoins,func,sith,0x00460c90,0x00460b80,consensus,verified,,hook,strong,no
sithSector_SetSectorFlags,func,sith,0x00460cc0,0x00460bb0,consensus,verified,,hook,strong,no
sithSector_ClearSectorFlags,func,sith,0x00460dd0,0x00460cc0,consensus,verified,,hook,strong,no
sithSector_GetSectorThingCount,func,sith,0x00460ee0,0x00460dd0,consensus,verified,,hook,strong,no
sithSector_GetSectorPlayerCount,func,sith,0x00460f80,0x00460e70,consensus,verified,,hook,strong,no
sithSector_SyncSector,func,sith,0x00461030,0x00460f20,consensus+review,verified,,hook,strong,no
sithSector_SyncSectors,func,sith,0x004610f0,0x00460fe0,consensus,verified,,hook,strong,no
sithSector_GetSectorEx,func,sith,0x00461150,0x00461040,consensus,verified,,hook,strong,no
sithSector_GetSectorIndexEx,func,sith,0x00461180,0x00461070,consensus+review,verified,,hook,weak,no
sithSector_GetSectorIndex,func,sith,0x004611d0,0x004610c0,consensus,verified,,hook,strong,no
sithAnimate_Startup,func,sith,0x00461220,0x00461110,consensus,verified,,hook,strong,no
sithAnimate_Open,func,sith,0x00461230,0x00461120,consensus,verified,,hook,strong,no
sithAnimate_Close,func,sith,0x00461250,0x00461140,consensus,verified,,hook,strong,no
sithAnimate_Reset,func,sith,0x00461260,0x00461150,consensus,verified,,hook,strong,no
sithAnimate_Stop,func,sith,0x00461270,0x00461160,consensus,verified,,hook,strong,no
sithAnimate_GetSurfaceAnimIndex,func,sith,0x00461320,0x00461210,consensus,verified,,hook,strong,no
sithAnimate_StartScrollSurfaceAnim,func,sith,0x00461350,0x00461240,consensus,verified,,hook,strong,no
sithAnimate_BuildScrollFaceRotate,func,sith,0x00461450,0x00461340,consensus,verified,,hook,strong,no
sithAnimate_ExtractUVAngle,func,sith,0x004617a0,0x00461690,consensus,verified,,hook,strong,no
sithAnimate_StartSideSkyAnim,func,sith,0x00461950,0x00461840,consensus,verified,,hook,strong,no
sithAnimate_StartSpriteAnim,func,sith,0x004619d0,0x004618c0,consensus,verified,,hook,strong,no
sithAnimate_StartSurfaceAnim,func,sith,0x00461ab0,0x004619a0,consensus+review,verified,,hook,strong,no
sithAnimate_StartMaterialAnim,func,sith,0x00461be0,0x00461ad0,consensus+review,verified,,hook,strong,no
sithAnimate_StartSurfaceLightAnim,func,sith,0x00461d00,0x00461bf0,consensus,verified,,hook,strong,no
sithAnimate_StartAnimateSpriteSize,func,sith,0x00461e40,0x00461d30,consensus,verified,,hook,strong,no
sithAnimate_StartSectorLightAnim,func,sith,0x00461fa0,0x00461e90,consensus,verified,,hook,strong,no
sithAnimate_StartThingLightAnim,func,sith,0x004620f0,0x00461fe0,consensus,verified,,hook,strong,no
sithAnimate_StartThingMove,func,sith,0x004622c0,0x004621b0,consensus+review,verified,,hook,strong,no
sithAnimate_StartThingMoveToPos,func,sith,0x00462410,0x00462300,consensus+review,verified,,hook,strong,no
sithAnimate_StartThingFadeAnim,func,sith,0x004624c0,0x004623b0,consensus,verified,,hook,strong,no
sithAnimate_CameraZoom,func,sith,0x00462680,0x00462570,consensus+review,verified,,hook,strong,no
sithAnimate_PushItem,func,sith,0x00462740,0x00462630,consensus+review,verified,,hook,strong,no
sithAnimate_PullItem,func,sith,0x00462820,0x00462710,consensus+review,verified,,hook,strong,no
sithAnimate_Update,func,sith,0x00462900,0x004627f0,consensus,verified,,hook,strong,no
sithAnimate_UpdateThingQuickTurnAnim,func,sith,0x00462ab0,0x004629a0,consensus,verified,,hook,strong,no
sithAnimate_GetSurfaceAnim,func,sith,0x00462ba0,0x00462a90,consensus,verified,,hook,strong,no
sithAnimate_GetSurfaceScrollingDirection,func,sith,0x00462c00,0x00462af0,consensus,verified,,hook,strong,no
sithAnimate_GetAnim,func,sith,0x00462c60,0x00462b50,consensus,verified,,hook,strong,no
sithAnimate_GetMaterialAnim,func,sith,0x00462cb0,0x00462ba0,consensus,verified,,hook,strong,no
sithAnimate_Create,func,sith,0x00462cf0,0x00462be0,consensus+review,verified,,hook,weak,no
sithAnimate_Save,func,sith,0x00462d00,0x00462bf0,consensus,verified,,hook,strong,no
sithAnimate_UpdateCameraZoomAnim,func,sith,0x00462d80,0x00462c70,consensus,verified,,hook,strong,no
sithAnimate_UpdateSpriteSizeAnim,func,sith,0x00462e10,0x00462d00,consensus,verified,,hook,strong,no
sithAnimate_UpdateLightAnim,func,sith,0x00463070,0x00462f60,consensus,verified,,hook,strong,no
sithAnimate_UpdateThingMoveAnim,func,sith,0x00463410,0x00463300,consensus,verified,,hook,strong,no
sithAnimate_UpdateThingMoveToPosAnim,func,sith,0x00463550,0x00463440,consensus,verified,,hook,strong,no
sithAnimate_UpdateThingFadeAnim,func,sith,0x004636e0,0x004635d0,consensus,verified,,hook,strong,no
sithAnimate_UpdateSurfaceScrollAnim,func,sith,0x00463830,0x00463720,consensus,verified,,hook,strong,no
sithAnimate_UpdateSlideSkyAnim,func,sith,0x004638c0,0x004637b0,consensus,verified,,hook,strong,no
sithAnimate_UpdatePageFlipAnim,func,sith,0x00463a00,0x004638f0,consensus+review,verified,,hook,strong,no
sithAnimate_FreeAllAnims,func,sith,0x00463c10,0x00463b00,consensus,verified,,hook,strong,no
sithAnimate_FreeAnim,func,sith,0x00463c60,0x00463b50,consensus,verified,,hook,strong,no
sithAnimate_NewAnim,func,sith,0x00463d20,0x00463c10,consensus,verified,,hook,strong,no
sithAnimate_UpdatePushItemAnim,func,sith,0x00463d80,0x00463c70,consensus,verified,,hook,strong,no
sithAnimate_UpdatePullItemAnim,func,sith,0x00463f70,0x00463e60,consensus,verified,,hook,strong,no
sithAnimate_GetAnimFrameIndex,func,sith,0x00464160,0x00464050,consensus,verified,,hook,strong,no
sithAnimate_GetPuppetTrackCurFrame,func,sith,0x004641a0,0x00464090,consensus,verified,,hook,strong,no
sithAnimate_GetThingFloorSurface,func,sith,0x004641c0,0x004640b0,consensus,verified,,hook,strong,no
sithAnimate_ExitFloorSurface,func,sith,0x00464280,0x00464170,consensus,verified,,hook,strong,no
sithAnimate_FindAndEnterFloorSurface,func,sith,0x004642b0,0x004641a0,consensus,verified,,hook,strong,no
sithCogFunctionPlayer_RegisterFunctions,func,sith,0x00464370,0x00464260,consensus,verified,,hook,strong,no
sithCogFunctionPlayer_IMPStartFiring,func,sith,0x00464790,0x00464680,manual,verified,,hook,strong,yes
sithCogFunctionPlayer_IMPEndFiring,func,sith,0x004647b0,0x004646a0,manual,verified,,hook,strong,yes
sithCogFunctionPlayer_SetPlayerInPor,func,sith,0x004647d0,0x004646c0,manual,verified,,hook,strong,yes
sithCogFunctionPlayer_JewelFlyingStatus,func,sith,0x00464810,0x00464700,manual,verified,,hook,strong,yes
sithCogFunctionPlayer_StartJewelFlying,func,sith,0x00464860,0x00464750,manual,verified,,hook,strong,yes
sithCogFunctionPlayer_MakeMeStop,func,sith,0x00464880,0x00464770,manual,verified,,hook,strong,yes
sithCogFunctionPlayer_SetInvActivated,func,sith,0x00464960,0x00464850,manual,verified,,hook,strong,yes
sithCogFunctionPlayer_SetInvAvailable,func,sith,0x00464a30,0x00464920,manual,verified,,hook,strong,yes
sithCogFunctionPlayer_SetInvDisabled,func,sith,0x00464b00,0x004649f0,manual,verified,,hook,strong,yes
sithCogFunctionPlayer_IsInvActivated,func,sith,0x00464bb0,0x00464aa0,manual,verified,,hook,strong,yes
sithCogFunctionPlayer_IsInvAvailable,func,sith,0x00464c80,0x00464b70,manual,verified,,hook,strong,yes
sithCogFunctionPlayer_SetGoalFlags,func,sith,0x00464d50,0x00464c40,manual,verified,,hook,strong,yes
sithCogFunctionPlayer_ClearGoalFlags,func,sith,0x00464e30,0x00464d20,manual,verified,,hook,strong,yes
sithCogFunctionPlayer_GetNumPlayers,func,sith,0x00464f10,0x00464e00,manual,verified,,hook,strong,yes
sithCogFunctionPlayer_GetMaxPlayers,func,sith,0x00464f40,0x00464e30,manual,verified,,hook,strong,yes
sithCogFunctionPlayer_GetAbsoluteMaxPlayers,func,sith,0x00464f60,0x00464e50,manual,verified,,hook,strong,yes
sithCogFunctionPlayer_GetLocalPlayerThing,func,sith,0x00464f70,0x00464e60,manual,verified,,hook,strong,yes
sithCogFunctionPlayer_GetPlayerThing,func,sith,0x00464fa0,0x00464e90,manual,verified,,hook,strong,yes
sithCogFunctionPlayer_GetPlayerNum,func,sith,0x00465020,0x00464f10,manual,verified,,hook,strong,yes
sithCogFunctionPlayer_PickupBackpack,func,sith,0x004650b0,0x00464fa0,manual,verified,,hook,strong,yes
sithCogFunctionPlayer_NthBackpackBin,func,sith,0x00465160,0x00465050,manual,verified,,hook,strong,yes
sithCogFunctionPlayer_NthBackpackValue,func,sith,0x004651e0,0x004650d0,manual,verified,,hook,strong,yes
sithCogFunctionPlayer_GetNumBackbackItems,func,sith,0x00465260,0x00465150,manual,verified,,hook,strong,yes
sithCogFunctionPlayer_CreateBackpack,func,sith,0x004652d0,0x004651c0,manual,verified,,hook,strong,yes
sithCogFunctionPlayer_GetRespawnMask,func,sith,0x00465380,0x00465270,manual,verified,,hook,strong,yes
sithCogFunctionPlayer_SetRespawnMask,func,sith,0x004653f0,0x004652e0,manual,verified,,hook,strong,yes
sithCogFunctionPlayer_SyncScores,func,sith,0x00465460,0x00465350,manual,verified,,hook,strong,yes
sithCogFunctionPlayer_GetCurItem,func,sith,0x00465470,0x00465360,manual,verified,,hook,strong,yes
sithCogFunctionPlayer_IsAming,func,sith,0x004654f0,0x004653e0,manual,verified,,hook,strong,yes
sithCogFunctionPlayer_SetSwimmingInventory,func,sith,0x00465570,0x00465460,manual,verified,,hook,strong,yes
sithCogFunctionPlayer_IsInvisible,func,sith,0x004655f0,0x004654e0,manual,verified,,hook,strong,yes
sithCogFunctionPlayer_ResetInventory,func,sith,0x00465620,0x00465510,manual,verified,,hook,strong,yes
sithCogFunctionPlayer_IsItemFound,func,sith,0x004656b0,0x004655a0,manual,verified,,hook,strong,yes
sithCogFunctionPlayer_SetElectricWhip,func,sith,0x00465700,0x004655f0,manual,verified,,hook,strong,yes
sithCogFunctionPlayer_GetCutsceneMode,func,sith,0x00465750,0x00465640,manual,verified,,hook,strong,yes
sithCogFunctionPlayer_GetLastWeapon,func,sith,0x00465780,0x00465670,manual,verified,+0x10,hook,strong,yes
sithCogFunctionSector_RegisterFunctions,func,sith,0x004657a0,0x004656a0,callers+review,verified,,hook,strong,no
sithCogFunctionSector_GetSectorTint,func,sith,0x00465ae0,0x004659e0,manual,verified,,hook,strong,yes
sithCogFunctionSector_SetSectorTint,func,sith,0x00465b40,0x00465a40,manual,verified,,hook,strong,yes
sithCogFunctionSector_GetSectorLight,func,sith,0x00465c70,0x00465b70,manual,verified,,hook,strong,yes
sithCogFunctionSector_SetSectorLight,func,sith,0x00465cf0,0x00465bf0,manual,verified,,hook,strong,yes
sithCogFunctionSector_SetSectorAdjoins,func,sith,0x00465db0,0x00465cb0,manual,verified,,hook,strong,yes
sithCogFunctionSector_SetSectorSurfflags,func,sith,0x00465e50,0x00465d50,manual,verified,,hook,strong,yes
sithCogFunctionSector_ClearSectorSurfflags,func,sith,0x00465ee0,0x00465de0,manual,verified,,hook,strong,yes
sithCogFunctionSector_GetSectorColormap,func,sith,0x00465f70,0x00465e70,manual,verified,,hook,strong,yes
sithCogFunctionSector_SetSectorColormap,func,sith,0x00465fc0,0x00465ec0,manual,verified,,hook,strong,yes
sithCogFunctionSector_GetSectorThrust,func,sith,0x00466000,0x00465f00,manual,verified,,hook,strong,yes
sithCogFunctionSector_SetSectorThrust,func,sith,0x00466060,0x00465f60,manual,verified,,hook,strong,yes
sithCogFunctionSector_SetSectorFlags,func,sith,0x00466140,0x00466040,manual,verified,,hook,strong,yes
sithCogFunctionSector_ClearSectorFlags,func,sith,0x004661b0,0x004660b0,manual,verified,,hook,strong,yes
sithCogFunctionSector_GetSectorFlags,func,sith,0x00466220,0x00466120,manual,verified,,hook,strong,yes
sithCogFunctionSector_GetSectorThingCount,func,sith,0x00466250,0x00466150,manual,verified,,hook,strong,yes
sithCogFunctionSector_GetSectorPlayerCount,func,sith,0x00466290,0x00466190,manual,verified,,hook,strong,yes
sithCogFunctionSector_GetSectorCount,func,sith,0x004662d0,0x004661d0,manual,verified,,hook,strong,yes
sithCogFunctionSector_GetSectorCenter,func,sith,0x004662f0,0x004661f0,manual,verified,,hook,strong,yes
sithCogFunctionSector_GetNumSectorVertices,func,sith,0x00466350,0x00466250,manual,verified,,hook,strong,yes
sithCogFunctionSector_GetNumSectorSurfaces,func,sith,0x004663b0,0x004662b0,manual,verified,,hook,strong,yes
sithCogFunctionSector_GetSectorVertexPos,func,sith,0x00466410,0x00466310,manual,verified,,hook,strong,yes
sithCogFunctionSector_GetSectorSurfaceRef,func,sith,0x004664d0,0x004663d0,manual,verified,,hook,strong,yes
sithCogFunctionSector_SyncSector,func,sith,0x00466580,0x00466480,manual,verified,,hook,strong,yes
sithCogFunctionSector_FindSectorAtPos,func,sith,0x004665d0,0x004664d0,manual,verified,,hook,strong,yes
sithCogFunctionSound_RegisterFunctions,func,sith,0x00466630,0x00466530,callers+review,verified,,hook,strong,no
sithCogFunctionSound_PlaySoundThing,func,sith,0x004667e0,0x004666e0,manual,verified,,hook,strong,yes
sithCogFunctionSound_StopSoundThing,func,sith,0x004669f0,0x004668f0,manual,verified,,hook,strong,yes
sithCogFunctionSound_StopAllSoundsThing,func,sith,0x00466a50,0x00466950,manual,verified,,hook,strong,yes
sithCogFunctionSound_PlaySoundPos,func,sith,0x00466aa0,0x004669a0,manual,verified,,hook,strong,yes
sithCogFunctionSound_PlaySoundLocal,func,sith,0x00466c70,0x00466b70,manual,verified,,hook,strong,yes
sithCogFunctionSound_PlaySoundGlobal,func,sith,0x00466d90,0x00466c90,manual,verified,,hook,strong,yes
sithCogFunctionSound_StopSound,func,sith,0x00466f20,0x00466e20,manual,verified,,hook,strong,yes
sithCogFunctionSound_LoadSound,func,sith,0x00466fe0,0x00466ee0,manual,verified,,hook,strong,yes
sithCogFunctionSound_PlaySoundClass,func,sith,0x00467030,0x00466f30,manual,verified,,hook,strong,yes
sithCogFunctionSound_StopSoundClass,func,sith,0x004670c0,0x00466fc0,manual,verified,,hook,strong,yes
sithCogFunctionSound_PlayVoiceMode,func,sith,0x00467120,0x00467020,manual,verified,,hook,strong,yes
sithCogFunctionSound_ChangeVolume,func,sith,0x00467150,0x00467050,manual,verified,,hook,strong,yes
sithCogFunctionSound_ChangePitch,func,sith,0x00467220,0x00467120,manual,verified,,hook,strong,yes
sithCogFunctionSound_SectorSound,func,sith,0x004672f0,0x004671f0,manual,verified,,hook,strong,yes
sithCogFunctionSound_GetSoundLen,func,sith,0x00467360,0x00467260,manual,verified,,hook,strong,yes
sithCogFunctionSound_WaitForSound,func,sith,0x004673b0,0x004672b0,manual,verified,,hook,strong,yes
sithCogFunctionSurface_RegisterFunctions,func,sith,0x00467410,0x00467310,callers+review,verified,,hook,strong,no
sithCogFunctionSurface_GetAdjoinAlpha,func,sith,0x00467710,0x00467610,manual,verified,,hook,strong,yes
sithCogFunctionSurface_SetAdjoinAlpha,func,sith,0x00467780,0x00467680,manual,verified,,hook,strong,yes
sithCogFunctionSurface_GetSurfaceAdjoin,func,sith,0x00467850,0x00467750,manual,verified,,hook,strong,yes
sithCogFunctionSurface_GetSurfaceSector,func,sith,0x004678e0,0x004677e0,manual,verified,,hook,strong,yes
sithCogFunctionSurface_GetNumSurfaceVertices,func,sith,0x00467960,0x00467860,manual,verified,,hook,strong,yes
sithCogFunctionSurface_GetSurfaceVertexPos,func,sith,0x004679c0,0x004678c0,manual,verified,,hook,strong,yes
sithCogFunctionSurface_SetHorizonSkyOffset,func,sith,0x00467a80,0x00467980,manual,verified,,hook,strong,yes
sithCogFunctionSurface_GetHorizonSkyOffset,func,sith,0x00467ac0,0x004679c0,manual,verified,,hook,strong,yes
sithCogFunctionSurface_SetCeilingSkyOffset,func,sith,0x00467b00,0x00467a00,manual,verified,,hook,strong,yes
sithCogFunctionSurface_GetCeilingSkyOffset,func,sith,0x00467b40,0x00467a40,manual,verified,,hook,strong,yes
sithCogFunctionSurface_SlideHorizonSky,func,sith,0x00467b80,0x00467a80,manual,verified,,hook,strong,yes
sithCogFunctionSurface_SlideCeilingSky,func,sith,0x00467bf0,0x00467af0,manual,verified,,hook,strong,yes
sithCogFunctionSurface_SurfaceLightAnim,func,sith,0x00467c60,0x00467b60,manual,verified,,hook,strong,yes
sithCogFunctionSurface_SlideWall,func,sith,0x00467d70,0x00467c70,manual,verified,,hook,strong,yes
sithCogFunctionSurface_GetWallCel,func,sith,0x00467e90,0x00467d90,manual,verified,,hook,strong,yes
sithCogFunctionSurface_SetWallCel,func,sith,0x00467f10,0x00467e10,manual,verified,,hook,strong,yes
sithCogFunctionSurface_GetSurfaceMaterial,func,sith,0x00467fd0,0x00467ed0,manual,verified,,hook,strong,yes
sithCogFunctionSurface_SetSurfaceMaterial,func,sith,0x00468030,0x00467f30,manual,verified,,hook,strong,yes
sithCogFunctionSurface_SetSurfaceFlags,func,sith,0x004680b0,0x00467fb0,manual,verified,,hook,strong,yes
sithCogFunctionSurface_ClearSurfaceFlags,func,sith,0x00468120,0x00468020,manual,verified,,hook,strong,yes
sithCogFunctionSurface_GetSurfaceFlags,func,sith,0x00468190,0x00468090,manual,verified,,hook,strong,yes
sithCogFunctionSurface_SetAdjoinFlags,func,sith,0x004681c0,0x004680c0,manual,verified,,hook,strong,yes
sithCogFunctionSurface_ClearAdjoinFlags,func,sith,0x00468230,0x00468130,manual,verified,,hook,strong,yes
sithCogFunctionSurface_GetAdjoinFlags,func,sith,0x004682a0,0x004681a0,manual,verified,,hook,strong,yes
sithCogFunctionSurface_SetFaceType,func,sith,0x004682e0,0x004681e0,manual,verified,,hook,strong,yes
sithCogFunctionSurface_ClearFaceType,func,sith,0x00468350,0x00468250,manual,verified,,hook,strong,yes
sithCogFunctionSurface_GetFaceType,func,sith,0x004683c0,0x004682c0,interpolated,verified,,hook,weak,yes
sithCogFunctionSurface_SetFaceGeoMode,func,sith,0x004683f0,0x004682f0,manual,verified,,hook,strong,yes
sithCogFunctionSurface_GetFaceGeoMode,func,sith,0x00468480,0x00468380,manual,verified,,hook,strong,yes
sithCogFunctionSurface_SetFaceLightMode,func,sith,0x004684b0,0x004683b0,manual,verified,,hook,strong,yes
sithCogFunctionSurface_GetFaceLightMode,func,sith,0x00468510,0x00468410,manual,verified,,hook,strong,yes
sithCogFunctionSurface_SetSurfaceLight,func,sith,0x00468540,0x00468440,manual,verified,,hook,strong,yes
sithCogFunctionSurface_GetSurfaceLight,func,sith,0x00468620,0x00468520,manual,verified,,hook,strong,yes
sithCogFunctionSurface_GetSurfaceCenter,func,sith,0x00468680,0x00468580,manual,verified,,hook,strong,yes
sithCogFunctionSurface_GetSurfaceCount,func,sith,0x004686d0,0x004685d0,manual,verified,,hook,strong,yes
sithCogFunctionSurface_GetSurfaceNormal,func,sith,0x00468700,0x00468600,manual,verified,,hook,strong,yes
sithCogFunctionSurface_SyncSurface,func,sith,0x00468760,0x00468660,manual,verified,,hook,strong,yes
sithCogFunctionAI_RegisterFunctions,func,sith,0x004687b0,0x004686b0,callers,verified,,hook,strong,no
sithCogFunctionAI_AISetMoveSpeed,func,sith,0x00468df0,0x00468cf0,manual,verified,,hook,strong,yes
sithCogFunctionAI_AISetMovePos,func,sith,0x00468f20,0x00468e20,manual,verified,,hook,strong,yes
sithCogFunctionAI_AIGetHomePos,func,sith,0x00469020,0x00468f20,manual,verified,,hook,strong,yes
sithCogFunctionAI_AISetMaxHomeDist,func,sith,0x00469130,0x00469030,manual,verified,,hook,strong,yes
sithCogFunctionAI_AIGetGoalThing,func,sith,0x004691c0,0x004690c0,manual,verified,,hook,strong,yes
sithCogFunctionAI_AIGetGoalLVec,func,sith,0x004692b0,0x004691b0,manual,verified,,hook,strong,yes
sithCogFunctionAI_AIJump,func,sith,0x00469360,0x00469260,manual,verified,,hook,strong,yes
sithCogFunctionAI_AISetMoveFrame,func,sith,0x00469420,0x00469320,manual,verified,,hook,strong,yes
sithCogFunctionAI_AISetMoveThing,func,sith,0x00469500,0x00469400,manual,verified,,hook,strong,yes
sithCogFunctionAI_AISetGoalThing,func,sith,0x004695d0,0x004694d0,manual,verified,,hook,strong,yes
sithCogFunctionAI_AIEnableHeadTracking,func,sith,0x00469660,0x00469560,manual,verified,,hook,strong,yes
sithCogFunctionAI_AIDisableHeadTracking,func,sith,0x00469700,0x00469600,manual,verified,,hook,strong,yes
sithCogFunctionAI_AIEnableBodyTracking,func,sith,0x00469780,0x00469680,manual,verified,,hook,strong,yes
sithCogFunctionAI_AIDisableBodyTracking,func,sith,0x00469820,0x00469720,manual,verified,,hook,strong,yes
sithCogFunctionAI_AISetLookPos,func,sith,0x004698a0,0x004697a0,manual,verified,,hook,strong,yes
sithCogFunctionAI_AISetLookFrame,func,sith,0x00469940,0x00469840,manual,verified,,hook,strong,yes
sithCogFunctionAI_AIGetMovePos,func,sith,0x004699f0,0x004698f0,manual,verified,,hook,strong,yes
sithCogFunctionAI_AIPauseMove,func,sith,0x00469a80,0x00469980,manual,verified,,hook,strong,yes
sithCogFunctionAI_AISetMode,func,sith,0x00469b10,0x00469a10,manual,verified,,hook,strong,yes
sithCogFunctionAI_AIGetMode,func,sith,0x00469bc0,0x00469ac0,manual,verified,,hook,strong,yes
sithCogFunctionAI_AIClearMode,func,sith,0x00469c50,0x00469b50,manual,verified,,hook,strong,yes
sithCogFunctionAI_AIGetSubMode,func,sith,0x00469d00,0x00469c00,manual,verified,,hook,strong,yes
sithCogFunctionAI_AISetSubMode,func,sith,0x00469d90,0x00469c90,manual,verified,,hook,strong,yes
sithCogFunctionAI_AIClearSubMode,func,sith,0x00469e20,0x00469d20,manual,verified,,hook,strong,yes
sithCogFunctionAI_FirstThingInView,func,sith,0x00469eb0,0x00469db0,manual,verified,,hook,strong,yes
sithCogFunctionAI_NextThingInView,func,sith,0x0046a010,0x00469f10,manual,verified,,hook,strong,yes
sithCogFunctionAI_ThingViewDot,func,sith,0x0046a060,0x00469f60,manual,verified,,hook,strong,yes
sithCogFunctionAI_AISetFireTarget,func,sith,0x0046a1b0,0x0046a0b0,manual,verified,,hook,strong,yes
sithCogFunctionAI_AIEnableInstinct,func,sith,0x0046a2b0,0x0046a1b0,manual,verified,,hook,strong,yes
sithCogFunctionAI_AISetCutsceneMode,func,sith,0x0046a340,0x0046a240,manual,verified,,hook,strong,yes
sithCogFunctionAI_AIClearCutsceneMode,func,sith,0x0046a3e0,0x0046a2e0,manual,verified,,hook,strong,yes
sithCogFunctionAI_IsAITargetInSight,func,sith,0x0046a470,0x0046a370,manual,verified,,hook,strong,yes
sithCogFunctionAI_AIFlee,func,sith,0x0046a500,0x0046a400,manual,verified,,hook,strong,yes
sithCogFunctionAI_AIStopFlee,func,sith,0x0046a5b0,0x0046a4b0,manual,verified,,hook,strong,yes
sithCogFunctionAI_AISetClass,func,sith,0x0046a690,0x0046a590,manual,verified,,hook,strong,yes
sithCogFunctionAI_AISetLookThing,func,sith,0x0046a710,0x0046a610,interpolated+review,verified,,hook,strong,yes
sithCogFunctionAI_AISetLookThingEyeLevel,func,sith,0x0046a800,0x0046a700,manual,verified,,hook,strong,yes
sithCogFunctionAI_AIWaitForStop,func,sith,0x0046a900,0x0046a800,manual,verified,,hook,strong,yes
sithCogFunctionAI_AIWaitForHeadTracking,func,sith,0x0046a9b0,0x0046a8b0,manual,verified,,hook,strong,yes
sithCogFunctionAI_AIGetArmedMode,func,sith,0x0046aa60,0x0046a960,manual,verified,,hook,strong,yes
sithCogFunctionAI_AIKnockout,func,sith,0x0046ab00,0x0046aa00,manual,verified,,hook,strong,yes
sithCogFunctionAI_AIRunOver,func,sith,0x0046aca0,0x0046aba0,manual,verified,,hook,strong,yes
sithCogFunctionAI_AISetAllowedSurfaceType,func,sith,0x0046ae60,0x0046ad60,manual,verified,,hook,strong,yes
sithCogFunctionAI_AIClearAllowedSurfaceType,func,sith,0x0046aed0,0x0046add0,manual,verified,,hook,strong,yes
sithCogFunctionAI_AISetWpnt,func,sith,0x0046af50,0x0046ae50,manual,verified,,hook,strong,yes
sithCogFunctionAI_AISetWpntRank,func,sith,0x0046afb0,0x0046aeb0,manual,verified,,hook,strong,yes
sithCogFunctionAI_AISetWpntFlags,func,sith,0x0046afe0,0x0046aee0,manual,verified,,hook,strong,yes
sithCogFunctionAI_AIClearWpntFlags,func,sith,0x0046b010,0x0046af10,manual,verified,,hook,strong,yes
sithCogFunctionAI_AISetActiveWpntLayer,func,sith,0x0046b040,0x0046af40,manual,verified,,hook,strong,yes
sithCogFunctionAI_AIConnectWpnts,func,sith,0x0046b060,0x0046af60,manual,verified,,hook,strong,yes
sithCogFunctionAI_AIConnectWpntsOneWay,func,sith,0x0046b090,0x0046af90,manual,verified,,hook,strong,yes
sithCogFunctionAI_AITraverseWpnts,func,sith,0x0046b0c0,0x0046afc0,manual,verified,,hook,strong,yes
sithCogFunctionAI_AIClearTraverseWpnts,func,sith,0x0046b180,0x0046b080,manual,verified,,hook,strong,yes
sithCogFunctionAI_AIFindNearestWpnt,func,sith,0x0046b1e0,0x0046b0e0,manual,verified,,hook,strong,yes
sithCogFunctionAI_AIWpntHuntTarget,func,sith,0x0046b260,0x0046b160,manual,verified,,hook,strong,yes
sithCogFunctionAI_AISetInstinctWpntMode,func,sith,0x0046b3c0,0x0046b2c0,manual,verified,,hook,strong,yes
sithCogFunctionAI_AIClearInstinctWpntMode,func,sith,0x0046b420,0x0046b320,manual,verified,,hook,strong,yes
sithCogFunctionAI_AIFleeToWpnt,func,sith,0x0046b480,0x0046b380,manual,verified,,hook,strong,yes
sithCogFunctionAI_AISpat,func,sith,0x0046b530,0x0046b430,manual,verified,,hook,strong,yes
sithCogFunctionThing_RegisterFunctions,func,sith,0x0046b690,0x0046b590,interpolated,verified,,hook,weak,no
sithCogFunctionThing_IsGhostVisible,func,sith,0x0046cf70,0x0046ce70,manual,verified,,hook,strong,yes
sithCogFunctionThing_SetThingAlpha,func,sith,0x0046d0f0,0x0046cff0,manual,verified,,hook,strong,yes
sithCogFunctionThing_GetThingAlpha,func,sith,0x0046d1e0,0x0046d0e0,manual,verified,,hook,strong,yes
sithCogFunctionThing_CreatePolylineThing,func,sith,0x0046d250,0x0046d150,manual,verified,,hook,strong,yes
sithCogFunctionThing_GetMoveStatus,func,sith,0x0046d370,0x0046d270,manual,verified,,hook,strong,yes
sithCogFunctionThing_CopyOrient,func,sith,0x0046d3d0,0x0046d2d0,manual,verified,,hook,strong,yes
sithCogFunctionThing_CopyOrientAndPos,func,sith,0x0046d470,0x0046d370,manual,verified,,hook,strong,yes
sithCogFunctionThing_CreateLaser,func,sith,0x0046d590,0x0046d490,manual,verified,,hook,strong,yes
sithCogFunctionThing_CreateLightning,func,sith,0x0046d710,0x0046d610,manual,verified,,hook,strong,yes
sithCogFunctionThing_AnimateSpriteSize,func,sith,0x0046d890,0x0046d790,manual,verified,,hook,strong,yes
sithCogFunctionThing_GetThingType,func,sith,0x0046d9b0,0x0046d8b0,manual,verified,,hook,strong,yes
stdPlatform_UnlockHandle,func,std,0x0046d9e0,0x004c04b0,manual,verified,-0x10,hook,strong,yes
sithCogFunctionThing_PlayForceMoveMode,func,sith,0x0046d9f0,0x0046d8e0,manual,verified,,hook,strong,yes
sithCogFunctionThing_SetMoveMode,func,sith,0x0046dcb0,0x0046dba0,manual,verified,,hook,strong,yes
sithCogFunctionThing_CreateThing,func,sith,0x0046dd50,0x0046dc40,manual,verified,,hook,strong,yes
sithCogFunctionThing_CreateThingAtPos,func,sith,0x0046ded0,0x0046ddc0,manual,verified,,hook,strong,yes
sithCogFunctionThing_DamageThing,func,sith,0x0046e0d0,0x0046dfc0,manual,verified,,hook,strong,yes
sithCogFunctionThing_HealThing,func,sith,0x0046e1a0,0x0046e090,manual,verified,,hook,strong,yes
sithCogFunctionThing_GetHealth,func,sith,0x0046e210,0x0046e100,manual,verified,,hook,strong,yes
sithCogFunctionThing_GetMaxHealth,func,sith,0x0046e2a0,0x0046e190,manual,verified,,hook,strong,yes
sithCogFunctionThing_SetHealth,func,sith,0x0046e330,0x0046e220,manual,verified,,hook,strong,yes
sithCogFunctionThing_DestroyThing,func,sith,0x0046e370,0x0046e260,manual,verified,,hook,strong,yes
sithCogFunctionThing_JumpToFrame,func,sith,0x0046e3c0,0x0046e2b0,manual,verified,,hook,strong,yes
sithCogFunctionThing_MoveToFrame,func,sith,0x0046e4c0,0x0046e3b0,manual,verified,,hook,strong,yes
sithCogFunctionThing_SkipToFrame,func,sith,0x0046e630,0x0046e520,manual,verified,,hook,strong,yes
sithCogFunctionThing_RotatePivot,func,sith,0x0046e740,0x0046e630,manual,verified,,hook,strong,yes
sithCogFunctionThing_Rotate,func,sith,0x0046e840,0x0046e730,manual,verified,,hook,strong,yes
sithCogFunctionThing_RotateToPYR,func,sith,0x0046ea90,0x0046e980,manual,verified,,hook,strong,yes
sithCogFunctionThing_GetThingLight,func,sith,0x0046ebe0,0x0046ead0,manual,verified,,hook,strong,yes
sithCogFunctionThing_SetExtCamOffset,func,sith,0x0046ec80,0x0046eb70,manual,verified,,hook,strong,yes
sithCogFunctionThing_SetExtCamOffsetToThing,func,sith,0x0046ecb0,0x0046eba0,manual,verified,,hook,strong,yes
sithCogFunctionThing_SetExtCamLookOffset,func,sith,0x0046ed80,0x0046ec70,manual,verified,,hook,strong,yes
sithCogFunctionThing_SetExtCamLookOffsetToThing,func,sith,0x0046edb0,0x0046eca0,manual,verified,,hook,strong,yes
sithCogFunctionThing_MakeCamera2LikeCamera1,func,sith,0x0046ee80,0x0046ed70,manual,verified,,hook,strong,yes
sithCogFunctionThing_SetCameraPosition,func,sith,0x0046f0a0,0x0046ef90,manual,verified,,hook,strong,yes
sithCogFunctionThing_SetCameraLookInterp,func,sith,0x0046f0f0,0x0046efe0,interpolated+review,verified,,hook,strong,yes
sithCogFunctionThing_SetCameraPosInterp,func,sith,0x0046f180,0x0046f070,manual,verified,,hook,strong,yes
sithCogFunctionThing_GetCameraFOV,func,sith,0x0046f210,0x0046f100,manual,verified,,hook,strong,yes
sithCogFunctionThing_GetCameraPosition,func,sith,0x0046f230,0x0046f120,manual,verified,,hook,strong,yes
sithCogFunctionThing_SetCameraInterpSpeed,func,sith,0x0046f2d0,0x0046f1c0,manual,verified,,hook,strong,yes
sithCogFunctionThing_SetCameraFOV,func,sith,0x0046f340,0x0046f230,manual,verified,,hook,strong,yes
sithCogFunctionThing_ResetCameraFOV,func,sith,0x0046f400,0x0046f2f0,manual,verified,,hook,strong,yes
sithCogFunctionThing_SetCameraFadeThing,func,sith,0x0046f4b0,0x0046f3a0,manual,verified,,hook,strong,yes
sithCogFunctionThing_ThingLight,func,sith,0x0046f6f0,0x0046f5e0,manual,verified,,hook,strong,yes
sithCogFunctionThing_ThingLightAnim,func,sith,0x0046f820,0x0046f710,manual,verified,,hook,strong,yes
sithCogFunctionThing_ThingFadeAnim,func,sith,0x0046f980,0x0046f870,manual,verified,,hook,strong,yes
sithCogFunctionThing_WaitForStop,func,sith,0x0046fb70,0x0046fa60,manual,verified,,hook,strong,yes
sithCogFunctionThing_WaitForAnimStop,func,sith,0x0046fc40,0x0046fb30,manual,verified,,hook,strong,yes
sithCogFunctionThing_GetThingSector,func,sith,0x0046fcd0,0x0046fbc0,manual,verified,,hook,strong,yes
sithCogFunctionThing_GetCurFrame,func,sith,0x0046fd60,0x0046fc50,manual,verified,,hook,strong,yes
sithCogFunctionThing_GetGoalFrame,func,sith,0x0046fe10,0x0046fd00,manual,verified,,hook,strong,yes
sithCogFunctionThing_StopThing,func,sith,0x0046fea0,0x0046fd90,manual,verified,,hook,strong,yes
sithCogFunctionThing_IsThingMoving,func,sith,0x0046ff20,0x0046fe10,manual,verified,,hook,strong,yes
sithCogFunctionThing_SetThingPulse,func,sith,0x004700c0,0x0046ffb0,manual,verified,,hook,strong,yes
sithCogFunctionThing_SetThingTimer,func,sith,0x00470160,0x00470050,manual,verified,,hook,strong,yes
sithCogFunctionThing_CaptureThing,func,sith,0x00470200,0x004700f0,manual,verified,,hook,strong,yes
sithCogFunctionThing_ReleaseThing,func,sith,0x00470230,0x00470120,manual,verified,,hook,strong,yes
sithCogFunctionThing_GetThingParent,func,sith,0x00470270,0x00470160,manual,verified,,hook,strong,yes
sithCogFunctionThing_GetThingPos,func,sith,0x004702b0,0x004701a0,manual,verified,,hook,strong,yes
sithCogFunctionThing_SetThingPos,func,sith,0x004702f0,0x004701e0,manual,verified,,hook,strong,yes
sithCogFunctionThing_GetInventory,func,sith,0x00470380,0x00470270,manual,verified,,hook,strong,yes
sithCogFunctionThing_SetInventory,func,sith,0x00470430,0x00470320,manual,verified,,hook,strong,yes
sithCogFunctionThing_ChangeInventory,func,sith,0x004704d0,0x004703c0,manual,verified,,hook,strong,yes
sithCogFunctionThing_GetInventoryCog,func,sith,0x004705a0,0x00470490,manual,verified,,hook,strong,yes
sithCogFunctionThing_GetThingVelocity,func,sith,0x00470660,0x00470550,manual,verified,,hook,strong,yes
sithCogFunctionThing_SetThingVel,func,sith,0x00470710,0x00470600,manual,verified,,hook,strong,yes
sithCogFunctionThing_ApplyForce,func,sith,0x004707b0,0x004706a0,manual,verified,,hook,strong,yes
sithCogFunctionThing_AddThingVel,func,sith,0x00470810,0x00470700,manual,verified,,hook,strong,yes
sithCogFunctionThing_GetThingLVec,func,sith,0x004708d0,0x004707c0,manual,verified,,hook,strong,yes
sithCogFunctionThing_GetThingUVec,func,sith,0x00470910,0x00470800,manual,verified,,hook,strong,yes
sithCogFunctionThing_GetThingRVec,func,sith,0x00470950,0x00470840,manual,verified,,hook,strong,yes
sithCogFunctionThing_GetActorHeadPYR,func,sith,0x00470990,0x00470880,manual,verified,,hook,strong,yes
sithCogFunctionThing_DetachThing,func,sith,0x004709d0,0x004708c0,manual,verified,,hook,strong,yes
sithCogFunctionThing_GetThingAttachFlags,func,sith,0x00470a20,0x00470910,manual,verified,,hook,strong,yes
sithCogFunctionThing_AttachThingToSurf,func,sith,0x00470a50,0x00470940,manual,verified,,hook,strong,yes
sithCogFunctionThing_AttachThingToThing,func,sith,0x00470b10,0x00470a00,interpolated+review,verified,,hook,strong,yes
sithCogFunctionThing_AttachThingToThingEx,func,sith,0x00470bd0,0x00470ac0,manual,verified,,hook,strong,yes
sithCogFunctionThing_GetThingAttachedThing,func,sith,0x00470ca0,0x00470b90,manual,verified,,hook,strong,yes
sithCogFunctionThing_WaitMode,func,sith,0x00470d50,0x00470c40,manual,verified,,hook,strong,yes
sithCogFunctionThing_PlayMode,func,sith,0x00470e00,0x00470cf0,manual,verified,,hook,strong,yes
sithCogFunctionThing_StopMode,func,sith,0x00470f50,0x00470e40,manual,verified,,hook,strong,yes
sithCogFunctionThing_SynchMode,func,sith,0x00470fc0,0x00470eb0,manual,verified,,hook,strong,yes
sithCogFunctionThing_IsModePlaying,func,sith,0x00471060,0x00470f50,manual,verified,,hook,strong,yes
sithCogFunctionThing_PauseMode,func,sith,0x00471150,0x00471040,manual,verified,,hook,strong,yes
sithCogFunctionThing_ResumeMode,func,sith,0x00471240,0x00471130,manual,verified,,hook,strong,yes
sithCogFunctionThing_TrackToMode,func,sith,0x00471330,0x00471220,manual,verified,,hook,strong,yes
sithCogFunctionThing_PlayKey,func,sith,0x00471400,0x004712f0,manual,verified,,hook,strong,yes
sithCogFunctionThing_PlayKeyEx,func,sith,0x004715f0,0x004714e0,manual,verified,,hook,strong,yes
sithCogFunctionThing_PauseKey,func,sith,0x004717b0,0x004716a0,manual,verified,,hook,strong,yes
sithCogFunctionThing_ResumeKey,func,sith,0x004718a0,0x00471790,manual,verified,,hook,strong,yes
sithCogFunctionThing_StopKey,func,sith,0x00471990,0x00471880,manual,verified,,hook,strong,yes
sithCogFunctionThing_SetThingMesh,func,sith,0x00471b10,0x00471a00,manual,verified,,hook,strong,yes
sithCogFunctionThing_RestoreThingMesh,func,sith,0x00471bf0,0x00471ae0,manual,verified,,hook,strong,yes
sithCogFunctionThing_SetThingModel,func,sith,0x00471c80,0x00471b70,manual,verified,,hook,strong,yes
sithCogFunctionThing_GetThingModel,func,sith,0x00471d90,0x00471c80,interpolated,verified,,hook,weak,yes
sithCogFunctionThing_SetArmedMode,func,sith,0x00471e30,0x00471d20,manual,verified,,hook,strong,yes
sithCogFunctionThing_GetThingFlags,func,sith,0x00471f00,0x00471df0,manual,verified,,hook,strong,yes
sithCogFunctionThing_SetThingFlags,func,sith,0x00471f30,0x00471e20,manual,verified,,hook,strong,yes
sithCogFunctionThing_ClearThingFlags,func,sith,0x00471fb0,0x00471ea0,manual,verified,,hook,strong,yes
sithCogFunctionThing_TeleportThing,func,sith,0x00472030,0x00471f20,manual,verified,,hook,strong,yes
sithCogFunctionThing_SetThingType,func,sith,0x00472140,0x00472030,manual,verified,,hook,strong,yes
sithCogFunctionThing_GetCollideType,func,sith,0x00472170,0x00472060,manual,verified,,hook,strong,yes
sithCogFunctionThing_SetCollideType,func,sith,0x004721a0,0x00472090,manual,verified,,hook,strong,yes
sithCogFunctionThing_FirstThingInSector,func,sith,0x00472220,0x00472110,manual,verified,,hook,strong,yes
sithCogFunctionThing_NextThingInSector,func,sith,0x004722a0,0x00472190,manual,verified,,hook,strong,yes
sithCogFunctionThing_PrevThingInSector,func,sith,0x00472310,0x00472200,manual,verified,,hook,strong,yes
sithCogFunctionThing_GetInventoryMinimum,func,sith,0x00472380,0x00472270,manual,verified,,hook,strong,yes
sithCogFunctionThing_GetInventoryMaximum,func,sith,0x00472410,0x00472300,manual,verified,,hook,strong,yes
sithCogFunctionThing_PathMovePause,func,sith,0x004724a0,0x00472390,manual,verified,,hook,strong,yes
sithCogFunctionThing_SetHeadLightIntensity,func,sith,0x00472520,0x00472410,manual,verified,,hook,strong,yes
sithCogFunctionThing_GetHeadLightIntensity,func,sith,0x004725c0,0x004724b0,interpolated,verified,,hook,weak,yes
sithCogFunctionThing_IsThingVisible,func,sith,0x00472650,0x00472540,manual,verified,,hook,strong,yes
sithCogFunctionThing_PathMoveResume,func,sith,0x004726c0,0x004725b0,manual,verified,,hook,strong,yes
sithCogFunctionThing_SetThingCurLightMode,func,sith,0x00472740,0x00472630,manual,verified,,hook,strong,yes
sithCogFunctionThing_GetThingCurLightMode,func,sith,0x004727a0,0x00472690,manual,verified,,hook,strong,yes
sithCogFunctionThing_SetActorExtraSpeed,func,sith,0x00472800,0x004726f0,manual,verified,,hook,strong,yes
sithCogFunctionThing_GetThingTemplate,func,sith,0x00472860,0x00472750,manual,verified,,hook,strong,yes
sithCogFunctionThing_SetLifeleft,func,sith,0x004728e0,0x004727d0,manual,verified,,hook,strong,yes
sithCogFunctionThing_GetLifeleft,func,sith,0x004729b0,0x004728a0,manual,verified,,hook,strong,yes
sithCogFunctionThing_SetThingThrust,func,sith,0x00472a20,0x00472910,manual,verified,,hook,strong,yes
sithCogFunctionThing_GetThingThrust,func,sith,0x00472ae0,0x004729d0,manual,verified,,hook,strong,yes
sithCogFunctionThing_AmputateJoint,func,sith,0x00472b40,0x00472a30,manual,verified,,hook,strong,yes
sithCogFunctionThing_SetActorWeapon,func,sith,0x00472c10,0x00472b00,manual,verified,,hook,strong,yes
sithCogFunctionThing_GetActorWeapon,func,sith,0x00472c80,0x00472b70,manual,verified,,hook,strong,yes
sithCogFunctionThing_GetPhysicsFlags,func,sith,0x00472d00,0x00472bf0,manual,verified,,hook,strong,yes
sithCogFunctionThing_SetPhysicsFlags,func,sith,0x00472d40,0x00472c30,manual,verified,,hook,strong,yes
sithCogFunctionThing_ClearPhysicsFlags,func,sith,0x00472dd0,0x00472cc0,manual,verified,,hook,strong,yes
sithCogFunctionThing_ParseArg,func,sith,0x00472e40,0x00472d30,manual,verified,,hook,strong,yes
sithCogFunctionThing_SetThingRotVel,func,sith,0x00472f40,0x00472e30,manual,verified,,hook,strong,yes
sithCogFunctionThing_GetThingRotVel,func,sith,0x00472fe0,0x00472ed0,manual,verified,,hook,strong,yes
sithCogFunctionThing_SetRotThrust,func,sith,0x00473050,0x00472f40,manual,verified,,hook,strong,yes
sithCogFunctionThing_GetRotThrust,func,sith,0x004730f0,0x00472fe0,manual,verified,,hook,strong,yes
sithCogFunctionThing_SetThingLook,func,sith,0x00473160,0x00473050,manual,verified,,hook,strong,yes
sithCogFunctionThing_SetThingHeadOrientation,func,sith,0x00473210,0x00473100,interpolated,verified,,hook,weak,no
sithCogFunctionThing_SetThingHeadLookPos,func,sith,0x00473420,0x00473310,manual,verified,,hook,strong,yes
sithCogFunctionThing_SetThingHeadLookThing,func,sith,0x00473540,0x00473430,manual,verified,,hook,strong,yes
sithCogFunctionThing_IsThingCrouching,func,sith,0x00473650,0x00473540,manual,verified,,hook,strong,yes
sithCogFunctionThing_GetThingClassCog,func,sith,0x004736a0,0x00473590,manual,verified,,hook,strong,yes
sithCogFunctionThing_SetThingClassCog,func,sith,0x004736e0,0x004735d0,manual,verified,,hook,strong,yes
sithCogFunctionThing_GetThingCaptureCog,func,sith,0x00473770,0x00473660,manual,verified,,hook,strong,yes
sithCogFunctionThing_SetThingCaptureCog,func,sith,0x004737b0,0x004736a0,manual,verified,,hook,strong,yes
sithCogFunctionThing_GetThingRespawn,func,sith,0x00473840,0x00473730,manual,verified,,hook,strong,yes
sithCogFunctionThing_GetThingSignature,func,sith,0x004738a0,0x00473790,manual,verified,,hook,strong,yes
sithCogFunctionThing_SetThingAttachFlags,func,sith,0x004738e0,0x004737d0,manual,verified,,hook,strong,yes
sithCogFunctionThing_ClearThingAttachFlags,func,sith,0x00473970,0x00473860,manual,verified,,hook,strong,yes
sithCogFunctionThing_GetParticleSize,func,sith,0x00473a00,0x004738f0,manual,verified,,hook,strong,yes
sithCogFunctionThing_SetParticleSize,func,sith,0x00473a90,0x00473980,manual,verified,,hook,strong,yes
sithCogFunctionThing_GetParticleGrowthSpeed,func,sith,0x00473b30,0x00473a20,manual,verified,,hook,strong,yes
sithCogFunctionThing_SetParticleGrowthSpeed,func,sith,0x00473bc0,0x00473ab0,manual,verified,,hook,strong,yes
sithCogFunctionThing_GetParticleTimeoutRate,func,sith,0x00473c60,0x00473b50,manual,verified,,hook,strong,yes
sithCogFunctionThing_SetParticleTimeoutRate,func,sith,0x00473cf0,0x00473be0,manual,verified,,hook,strong,yes
sithCogFunctionThing_GetTypeFlags,func,sith,0x00473d90,0x00473c80,manual,verified,,hook,strong,yes
sithCogFunctionThing_SetTypeFlags,func,sith,0x00473e70,0x00473d60,manual,verified,,hook,strong,yes
sithCogFunctionThing_ClearTypeFlags,func,sith,0x00473f60,0x00473e50,manual,verified,,hook,strong,yes
sithCogFunctionThing_TakeItem,func,sith,0x00474060,0x00473f50,manual,verified,,hook,strong,yes
sithCogFunctionThing_HasLOS,func,sith,0x004740a0,0x00473f90,manual,verified,,hook,strong,yes
sithCogFunctionThing_GetFireOffset,func,sith,0x00474130,0x00474020,manual,verified,,hook,strong,yes
sithCogFunctionThing_SetFireOffset,func,sith,0x00474190,0x00474080,manual,verified,,hook,strong,yes
sithCogFunctionThing_GetThingUserData,func,sith,0x00474210,0x00474100,manual,verified,,hook,strong,yes
sithCogFunctionThing_SetThingUserData,func,sith,0x00474270,0x00474160,manual,verified,,hook,strong,yes
sithCogFunctionThing_GetThingCollideSize,func,sith,0x004742d0,0x004741c0,manual,verified,,hook,strong,yes
sithCogFunctionThing_SetThingCollideSize,func,sith,0x00474330,0x00474220,manual,verified,,hook,strong,yes
sithCogFunctionThing_GetThingMoveSize,func,sith,0x00474390,0x00474280,manual,verified,,hook,strong,yes
sithCogFunctionThing_SetThingMoveSize,func,sith,0x004743f0,0x004742e0,manual,verified,,hook,strong,yes
sithCogFunctionThing_GetThingMass,func,sith,0x00474450,0x00474340,manual,verified,,hook,strong,yes
sithCogFunctionThing_SetThingMass,func,sith,0x004744c0,0x004743b0,manual,verified,,hook,strong,yes
sithCogFunctionThing_SyncThingPos,func,sith,0x00474540,0x00474430,manual,verified,,hook,strong,yes
sithCogFunctionThing_SyncThingAttachment,func,sith,0x00474590,0x00474480,manual,verified,,hook,strong,yes
sithCogFunctionThing_SyncThingState,func,sith,0x004745f0,0x004744e0,interpolated+review,verified,,hook,strong,yes
sithCogFunctionThing_GetMajorMode,func,sith,0x00474640,0x00474530,manual,verified,,hook,strong,yes
sithCogFunctionThing_SetThingPosEx,func,sith,0x004746e0,0x004745d0,manual,verified,,hook,strong,yes
sithCogFunctionThing_GetThingGuid,func,sith,0x004747d0,0x004746c0,manual,verified,,hook,strong,yes
sithCogFunctionThing_GetGuidThing,func,sith,0x00474800,0x004746f0,manual,verified,,hook,strong,yes
sithCogFunctionThing_GetThingMaxVel,func,sith,0x00474870,0x00474760,manual,verified,,hook,strong,yes
sithCogFunctionThing_SetThingMaxVel,func,sith,0x004748e0,0x004747d0,manual,verified,,hook,strong,yes
sithCogFunctionThing_GetThingMaxAngVel,func,sith,0x00474940,0x00474830,manual,verified,,hook,strong,yes
sithCogFunctionThing_SetThingMaxAngVel,func,sith,0x004749b0,0x004748a0,manual,verified,,hook,strong,yes
sithCogFunctionThing_SetJointAngle,func,sith,0x00474a10,0x00474900,manual,verified,,hook,strong,yes
sithCogFunctionThing_GetJointAngle,func,sith,0x00474af0,0x004749e0,manual,verified,,hook,strong,yes
sithCogFunctionThing_SetMaxHeadPitch,func,sith,0x00474be0,0x00474ad0,manual,verified,,hook,strong,yes
sithCogFunctionThing_SetMinHeadPitch,func,sith,0x00474c50,0x00474b40,manual,verified,,hook,strong,yes
sithCogFunctionThing_GetThingMaxHeadPitch,func,sith,0x00474cc0,0x00474bb0,manual,verified,,hook,strong,yes
sithCogFunctionThing_GetThingMinHeadPitch,func,sith,0x00474d70,0x00474c60,manual,verified,,hook,strong,yes
sithCogFunctionThing_SetMaxHeadYaw,func,sith,0x00474e20,0x00474d10,manual,verified,,hook,strong,yes
sithCogFunctionThing_GetThingMaxHeadYaw,func,sith,0x00474e90,0x00474d80,manual,verified,,hook,strong,yes
sithCogFunctionThing_InterpolatePYR,func,sith,0x00474f40,0x00474e30,manual,verified,,hook,strong,yes
sithCogFunctionThing_GetThingLVecPYR,func,sith,0x00475080,0x00474f70,manual,verified,,hook,strong,yes
sithCogFunctionThing_SetThingLVec,func,sith,0x004750f0,0x00474fe0,manual,verified,,hook,strong,yes
sithCogFunctionThing_SetHeadPYR,func,sith,0x004751b0,0x004750a0,manual,verified,,hook,strong,yes
sithCogFunctionThing_SetThingAirDrag,func,sith,0x00475320,0x00475210,manual,verified,,hook,strong,yes
sithCogFunctionThing_GetThingJointPos,func,sith,0x00475390,0x00475280,manual,verified,,hook,strong,yes
sithCogFunctionThing_IsThingModelName,func,sith,0x00475460,0x00475350,manual,verified,,hook,strong,yes
sithCogFunctionThing_GetMeshByName,func,sith,0x00475500,0x004753f0,manual,verified,,hook,strong,yes
sithCogFunctionThing_GetNodeByName,func,sith,0x00475570,0x00475460,manual,verified,,hook,strong,yes
sithCogFunctionThing_AttachThingToThingMesh,func,sith,0x004755e0,0x004754d0,manual,verified,,hook,strong,yes
sithCogFunctionThing_DetachThingMesh,func,sith,0x00475760,0x00475650,manual,verified,,hook,strong,yes
sithCogFunctionThing_GetThingMaxRotVel,func,sith,0x004757b0,0x004756a0,manual,verified,,hook,strong,yes
sithCogFunctionThing_SetThingMaxRotVel,func,sith,0x00475860,0x00475750,manual,verified,,hook,strong,yes
sithCogFunctionThing_GetThingMaxHeadVel,func,sith,0x00475900,0x004757f0,manual,verified,,hook,strong,yes
sithCogFunctionThing_SetThingMaxHeadVel,func,sith,0x004759b0,0x004758a0,manual,verified,,hook,strong,yes
sithCogFunctionThing_SetPuppetModeFPS,func,sith,0x00475a50,0x00475940,manual,verified,,hook,strong,yes
sithCogFunctionThing_ResetThing,func,sith,0x00475b90,0x00475a80,manual,verified,,hook,strong,yes
sithCogFunctionThing_GetThingInsertOffset,func,sith,0x00475c00,0x00475af0,manual,verified,,hook,strong,yes
sithCogFunctionThing_SetThingInsertOffset,func,sith,0x00475c90,0x00475b80,manual,verified,,hook,strong,yes
sithCogFunctionThing_GetThingEyeOffset,func,sith,0x00475d90,0x00475c80,manual,verified,,hook,strong,yes
sithCogFunctionThing_CheckFloorDistance,func,sith,0x00475e00,0x00475cf0,manual,verified,,hook,strong,yes
sithCogFunctionThing_CheckPathToPoint,func,sith,0x00475e90,0x00475d80,manual,verified,,hook,strong,yes
sithCogFunctionThing_MoveThing,func,sith,0x00475f70,0x00475e60,manual,verified,,hook,strong,yes
sithCogFunctionThing_MoveThingToPos,func,sith,0x004760e0,0x00475fd0,manual,verified,,hook,strong,yes
sithCogFunctionThing_SetThingStateChange,func,sith,0x00476230,0x00476120,manual,verified,,hook,strong,yes
sithCogFunctionThing_StartQuetzAnim,func,sith,0x004762e0,0x004761d0,manual,verified,,hook,strong,yes
sithCogFunctionThing_BoardVehicle,func,sith,0x004763c0,0x004762b0,manual,verified,,hook,strong,yes
sithCogFunctionThing_FadeInTrack,func,sith,0x00476460,0x00476350,manual,verified,,hook,strong,yes
sithCogFunctionThing_MakeFairyDust,func,sith,0x004764f0,0x004763e0,manual,verified,,hook,strong,yes
sithCogFunctionThing_MakeFairyDustDeluxe,func,sith,0x00476570,0x00476460,manual,verified,,hook,strong,yes
sithCogFunction_RegisterFunctions,func,sith,0x00476630,0x00476520,interpolated+review,verified,,hook,strong,no
sithCogFunction_GetSenderID,func,sith,0x00477450,0x00477340,manual,verified,,hook,strong,yes
sithCogFunction_GetSenderRef,func,sith,0x00477470,0x00477360,manual,verified,,hook,strong,yes
sithCogFunction_GetSenderType,func,sith,0x00477490,0x00477380,manual,verified,,hook,strong,yes
sithCogFunction_GetSourceRef,func,sith,0x004774b0,0x004773a0,manual,verified,,hook,strong,yes
sithCogFunction_GetSourceType,func,sith,0x004774d0,0x004773c0,manual,verified,,hook,strong,yes
sithCogFunction_GetSysDate,func,sith,0x004774f0,0x004773e0,manual,verified,,hook,strong,yes
sithCogFunction_GetSysTime,func,sith,0x00477560,0x00477450,manual,verified,,hook,strong,yes
sithCogFunction_Sleep,func,sith,0x004775d0,0x004774c0,interpolated+review,verified,,hook,strong,yes
sithCogFunction_Print,func,sith,0x00477690,0x00477580,interpolated,verified,,hook,weak,yes
sithCogFunction_PrintVector,func,sith,0x004776a0,0x004775a0,manual,verified,,hook,strong,yes
sithCogFunction_PrintFlex,func,sith,0x00477710,0x00477610,manual,verified,,hook,strong,yes
sithCogFunction_PrintInt,func,sith,0x00477720,0x00477590,manual,verified,,hook,strong,yes
sithCogFunction_SurfaceAnim,func,sith,0x00477730,0x00477620,manual,verified,,hook,strong,yes
sithCogFunction_MaterialAnim,func,sith,0x00477820,0x00477710,manual,verified,,hook,strong,yes
sithCogFunction_StopMaterialAnim,func,sith,0x00477910,0x00477800,manual,verified,,hook,strong,yes
sithCogFunction_StopAnim,func,sith,0x00477970,0x00477860,manual,verified,,hook,strong,yes
sithCogFunction_StopSurfaceAnim,func,sith,0x004779c0,0x004778b0,manual,verified,,hook,strong,yes
sithCogFunction_GetSurfaceAnim,func,sith,0x00477a60,0x00477950,manual,verified,,hook,strong,yes
sithCogFunction_LoadTemplate,func,sith,0x00477ad0,0x004779c0,manual,verified,,hook,strong,yes
sithCogFunction_LoadKeyframe,func,sith,0x00477b10,0x00477a00,manual,verified,,hook,strong,yes
sithCogFunction_LoadModel,func,sith,0x00477b50,0x00477a40,manual,verified,,hook,strong,yes
sithCogFunction_SetPulse,func,sith,0x00477b90,0x00477a80,manual,verified,,hook,strong,yes
sithCogFunction_SetTimer,func,sith,0x00477c50,0x00477b40,manual,verified,,hook,strong,yes
sithCogFunction_SetTimerEx,func,sith,0x00477d00,0x00477bf0,manual,verified,,hook,strong,yes
sithCogFunction_KillTimerEx,func,sith,0x00477d80,0x00477c70,manual,verified,,hook,strong,yes
sithCogFunction_Reset,func,sith,0x00477df0,0x00477ce0,interpolated,verified,,hook,weak,yes
sithCogFunction_VectorSet,func,sith,0x00477e00,0x00477cf0,manual,verified,,hook,strong,yes
sithCogFunction_VectorAdd,func,sith,0x00477e60,0x00477d50,manual,verified,,hook,strong,yes
sithCogFunction_VectorSub,func,sith,0x00477ec0,0x00477db0,manual,verified,,hook,strong,yes
sithCogFunction_VectorDot,func,sith,0x00477f20,0x00477e10,manual,verified,,hook,strong,yes
sithCogFunction_VectorCross,func,sith,0x00477f80,0x00477e70,manual,verified,,hook,strong,yes
sithCogFunction_VectorLen,func,sith,0x00478010,0x00477f00,manual,verified,,hook,strong,yes
sithCogFunction_VectorScale,func,sith,0x00478060,0x00477f50,manual,verified,,hook,strong,yes
sithCogFunction_VectorDist,func,sith,0x004780d0,0x00477fc0,manual,verified,,hook,strong,yes
sithCogFunction_VectorEqual,func,sith,0x00478140,0x00478030,manual,verified,,hook,strong,yes
sithCogFunction_VectorRotate,func,sith,0x004781c0,0x004780b0,manual,verified,,hook,strong,yes
sithCogFunction_VectorTransformToOrient,func,sith,0x00478210,0x00478100,manual,verified,,hook,strong,yes
sithCogFunction_SendMessage,func,sith,0x004782b0,0x004781a0,manual,verified,,hook,strong,yes
sithCogFunction_SendMessageEx,func,sith,0x00478340,0x00478230,manual,verified,,hook,strong,yes
sithCogFunction_GetKeyLen,func,sith,0x00478420,0x00478310,manual,verified,,hook,strong,yes
sithCogFunction_GetSithMode,func,sith,0x004784f0,0x004783e0,manual,verified,,hook,strong,yes
sithCogFunction_GetGameTime,func,sith,0x00478510,0x00478400,manual,verified,,hook,strong,yes
sithCogFunction_GetFlexGameTime,func,sith,0x00478530,0x00478420,manual,verified,,hook,strong,yes
sithCogFunction_GetDifficulty,func,sith,0x00478550,0x00478440,manual,verified,,hook,strong,yes
sithCogFunction_SetSubModeFlags,func,sith,0x00478570,0x00478460,manual,verified,,hook,strong,yes
sithCogFunction_ClearSubModeFlags,func,sith,0x00478590,0x00478480,manual,verified,,hook,strong,yes
sithCogFunction_GetSubModeFlags,func,sith,0x004785b0,0x004784a0,manual,verified,,hook,strong,yes
sithCogFunction_SetDebugModeFlags,func,sith,0x004785d0,0x004784c0,manual,verified,,hook,strong,yes
sithCogFunction_ClearDebugModeFlags,func,sith,0x004785f0,0x004784e0,manual,verified,,hook,strong,yes
sithCogFunction_GetDebugModeFlags,func,sith,0x00478610,0x00478500,manual,verified,,hook,strong,yes
sithCogFunction_BitSet,func,sith,0x00478630,0x00478520,manual,verified,,hook,strong,yes
sithCogFunction_BitTest,func,sith,0x00478660,0x00478550,manual,verified,,hook,strong,yes
sithCogFunction_BitClear,func,sith,0x00478690,0x00478580,manual,verified,,hook,strong,yes
sithCogFunction_GetLevelTime,func,sith,0x004786c0,0x004785b0,manual,verified,,hook,strong,yes
sithCogFunction_GetThingCount,func,sith,0x00478700,0x004785f0,manual,verified,,hook,strong,yes
sithCogFunction_GetThingTemplateCount,func,sith,0x00478720,0x00478610,manual,verified,,hook,strong,yes
sithCogFunction_GetGravity,func,sith,0x004787b0,0x004786a0,manual,verified,,hook,strong,yes
sithCogFunction_SetGravity,func,sith,0x004787d0,0x004786c0,manual,verified,,hook,strong,yes
sithCogFunction_ReturnEx,func,sith,0x004787f0,0x004786e0,manual,verified,,hook,strong,yes
sithCogFunction_GetParam,func,sith,0x00478810,0x00478700,manual,verified,,hook,strong,yes
sithCogFunction_SetParam,func,sith,0x00478850,0x00478740,manual,verified,,hook,strong,yes
sithCogFunction_VectorX,func,sith,0x00478880,0x00478770,manual,verified,,hook,strong,yes
sithCogFunction_VectorY,func,sith,0x004788b0,0x004787a0,manual,verified,,hook,strong,yes
sithCogFunction_VectorZ,func,sith,0x004788e0,0x004787d0,manual,verified,,hook,strong,yes
sithCogFunction_VectorNorm,func,sith,0x00478910,0x00478800,manual,verified,,hook,strong,yes
sithCogFunction_SetMaterialCel,func,sith,0x00478950,0x00478840,manual,verified,,hook,strong,yes
sithCogFunction_GetMaterialCel,func,sith,0x004789a0,0x00478890,manual,verified,,hook,strong,yes
sithCogFunction_SetInvFlags,func,sith,0x004789c0,0x004788b0,manual,verified,,hook,strong,yes
sithCogFunction_SetMapModeFlags,func,sith,0x00478a80,0x00478970,manual,verified,,hook,strong,yes
sithCogFunction_GetMapModelFlags,func,sith,0x00478aa0,0x00478990,manual,verified,,hook,strong,yes
sithCogFunction_ClearMapModeFlags,func,sith,0x00478ac0,0x004789b0,manual,verified,,hook,strong,yes
sithCogFunction_SetCameraFocus,func,sith,0x00478ae0,0x004789d0,manual,verified,,hook,strong,yes
sithCogFunction_SetCameraSecondaryFocus,func,sith,0x00478ba0,0x00478a90,manual,verified,,hook,strong,yes
sithCogFunction_GetPrimaryFocus,func,sith,0x00478c20,0x00478b10,manual,verified,,hook,strong,yes
sithCogFunction_GetSecondaryFocus,func,sith,0x00478cb0,0x00478ba0,manual,verified,,hook,strong,yes
sithCogFunction_SetCameraMode,func,sith,0x00478d40,0x00478c30,manual,verified,,hook,strong,yes
sithCogFunction_GetCameraMode,func,sith,0x00478db0,0x00478ca0,manual,verified,,hook,strong,yes
sithCogFunction_SetPOVShake,func,sith,0x00478e10,0x00478d00,manual,verified,,hook,strong,yes
sithCogFunction_HeapNew,func,sith,0x00478ee0,0x00478dd0,manual,verified,,hook,strong,yes
sithCogFunction_HeapSet,func,sith,0x00478f60,0x00478e50,manual,verified,,hook,strong,yes
sithCogFunction_HeapGet,func,sith,0x00478fc0,0x00478eb0,manual,verified,,hook,strong,yes
sithCogFunction_HeapFree,func,sith,0x00479080,0x00478f70,manual,verified,,hook,strong,yes
sithCogFunction_GetSelfCog,func,sith,0x004790b0,0x00478fa0,manual,verified,,hook,strong,yes
sithCogFunction_GetMasterCog,func,sith,0x004790d0,0x00478fc0,manual,verified,,hook,strong,yes
sithCogFunction_SetMasterCog,func,sith,0x00479100,0x00478ff0,manual,verified,,hook,strong,yes
sithCogFunction_GetCogByIndex,func,sith,0x00479120,0x00479010,manual,verified,,hook,strong,yes
sithCogFunction_FireProjectile,func,sith,0x00479160,0x00479050,manual,verified,,hook,strong,yes
sithCogFunction_SendTrigger,func,sith,0x00479240,0x00479130,manual,verified,,hook,strong,yes
sithCogFunction_ActivateWeapon,func,sith,0x00479360,0x00479250,manual,verified,,hook,strong,yes
sithCogFunction_DeactivateWeapon,func,sith,0x004793e0,0x004792d0,manual,verified,,hook,strong,yes
sithCogFunction_DeactivateCurrentWeapon,func,sith,0x00479450,0x00479340,manual,verified,,hook,strong,yes
sithCogFunction_SetFireWait,func,sith,0x00479470,0x00479360,manual,verified,,hook,strong,yes
sithCogFunction_SetMountWait,func,sith,0x004794f0,0x004793e0,manual,verified,,hook,strong,yes
sithCogFunction_SetAimWait,func,sith,0x00479590,0x00479480,manual,verified,,hook,strong,yes
sithCogFunction_SelectWeapon,func,sith,0x00479630,0x00479520,manual,verified,,hook,strong,yes
sithCogFunction_SelectWeaponWait,func,sith,0x00479720,0x00479610,manual,verified,,hook,strong,yes
sithCogFunction_DeselectWeapon,func,sith,0x00479800,0x004796f0,manual,verified,,hook,strong,yes
sithCogFunction_DeselectWeaponWait,func,sith,0x00479870,0x00479760,manual,verified,,hook,strong,yes
sithCogFunction_SetCurWeapon,func,sith,0x00479950,0x00479840,manual,verified,,hook,strong,yes
sithCogFunction_GetCurWeapon,func,sith,0x004799c0,0x004798b0,manual,verified,,hook,strong,yes
sithCogFunction_GetCameraStateFlags,func,sith,0x00479a30,0x00479920,manual,verified,,hook,strong,yes
sithCogFunction_SetCameraStateFlags,func,sith,0x00479a50,0x00479940,manual,verified,,hook,strong,yes
sithCogFunction_IsMulti,func,sith,0x00479a70,0x00479960,manual,verified,,hook,strong,yes
sithCogFunction_IsServer,func,sith,0x00479aa0,0x00479990,manual,verified,,hook,strong,yes
sithCogFunction_AutoSavegame,func,sith,0x00479ad0,0x004799c0,manual,verified,,hook,strong,yes
sithCogFunction_GetHintSolved,func,sith,0x00479b30,0x00479a20,manual,verified,,hook,strong,yes
sithCogFunction_SetHintSolved,func,sith,0x00479bb0,0x00479aa0,manual,verified,,hook,strong,yes
sithCogFunction_SetHintUnsolved,func,sith,0x00479c40,0x00479b30,manual,verified,,hook,strong,yes
sithCogFunction_Rand,func,sith,0x00479cd0,0x00479bc0,interpolated,verified,,hook,weak,yes
sithCogFunction_RandBetween,func,sith,0x00479d00,0x00479bf0,manual,verified,,hook,strong,yes
sithCogFunction_RandVec,func,sith,0x00479d70,0x00479c60,manual,verified,,hook,strong,yes
sithCogFunction_Round,func,sith,0x00479df0,0x00479ce0,interpolated,verified,,hook,weak,yes
sithCogFunction_Truncate,func,sith,0x00479e70,0x00479d60,manual,verified,,hook,strong,yes
sithCogFunction_Abs,func,sith,0x00479ee0,0x00479dd0,interpolated,verified,,hook,weak,yes
sithCogFunction_Pow,func,sith,0x00479f20,0x00479e10,interpolated+review,verified,,hook,strong,yes
sithCogFunction_Sin,func,sith,0x00479fc0,0x00479eb0,interpolated,verified,,hook,weak,yes
sithCogFunction_Cos,func,sith,0x0047a000,0x00479ef0,interpolated,verified,,hook,weak,yes
sithCogFunction_ArcTan,func,sith,0x0047a040,0x00479f30,manual,verified,,hook,strong,yes
sithCogFunction_SetWeaponModel,func,sith,0x0047a090,0x00479f80,manual,verified,,hook,strong,yes
sithCogFunction_ResetWeaponModel,func,sith,0x0047a180,0x0047a070,manual,verified,,hook,strong,yes
sithCogFunction_LoadHolsterModel,func,sith,0x0047a210,0x0047a100,manual,verified,,hook,strong,yes
sithCogFunction_SetHolsterModel,func,sith,0x0047a2b0,0x0047a1a0,manual,verified,,hook,strong,yes
sithCogFunction_ResetHolsterModel,func,sith,0x0047a3c0,0x0047a2b0,manual,verified,,hook,strong,yes
sithCogFunction_GetLastPistol,func,sith,0x0047a480,0x0047a370,manual,verified,,hook,strong,yes
sithCogFunction_GetLastRifle,func,sith,0x0047a4e0,0x0047a3d0,manual,verified,,hook,strong,yes
sithCogFunction_InEditor,func,sith,0x0047a540,0x0047a430,manual,verified,,hook,strong,yes
sithCogFunction_CopyPlayerHolsters,func,sith,0x0047a570,0x0047a460,manual,verified,,hook,strong,yes
sithCogFunction_GetPerformanceLevel,func,sith,0x0047a680,0x0047a570,manual,verified,,hook,strong,yes
sithCogFunction_IsLevelName,func,sith,0x0047a6a0,0x0047a590,manual,verified,,hook,strong,yes
sithCogFunction_SetFog,func,sith,0x0047a720,0x0047a610,manual,verified,,hook,strong,yes
sithCogFunction_FindNewSector,func,sith,0x0047a800,0x0047a6f0,manual,verified,,hook,strong,yes
sithCogFunction_FindNewSectorFromThing,func,sith,0x0047a880,0x0047a770,manual,verified,,hook,strong,yes
sithDSSThing_Pos,func,sith,0x0047a920,0x0047a810,consensus,verified,,hook+trampoline,strong,no
sithDSSThing_ProcessPos,func,sith,0x0047aab0,0x0047a9a0,manual,verified,,hook+trampoline,strong,yes
sithDSSThing_MovePos,func,sith,0x0047acc0,0x0047abb0,consensus,verified,,hook+trampoline,strong,no
sithDSSThing_ProcessMovePos,func,sith,0x0047adc0,0x0047acb0,manual,verified,,hook+trampoline,strong,yes
sithDSSThing_UpdateState,func,sith,0x0047b010,0x0047af00,consensus,verified,,hook+trampoline,strong,no
sithDSSThing_ProcessStateUpdate,func,sith,0x0047b2a0,0x0047b190,manual,verified,,hook+trampoline,strong,yes
sithDSSThing_PlaySound,func,sith,0x0047b570,0x0047b460,consensus,verified,,hook+trampoline,strong,no
sithDSSThing_ProcessPlaySound,func,sith,0x0047b660,0x0047b550,manual,verified,,hook+trampoline,strong,yes
sithDSSThing_PlaySoundMode,func,sith,0x0047b7b0,0x0047b6a0,consensus,verified,,hook+trampoline,strong,no
sithDSSThing_ProcessPlaySoundMode,func,sith,0x0047b830,0x0047b720,manual,verified,,hook+trampoline,strong,yes
sithDSSThing_PlayKey,func,sith,0x0047b8c0,0x0047b7b0,consensus,verified,,hook+trampoline,strong,no
sithDSSThing_ProcessPlayKey,func,sith,0x0047b950,0x0047b840,manual,verified,,hook+trampoline,strong,yes
sithDSSThing_PlayKeyMode,func,sith,0x0047ba60,0x0047b950,consensus,verified,,hook+trampoline,strong,no
sithDSSThing_ProcessPlayKeyMode,func,sith,0x0047bad0,0x0047b9c0,manual,verified,,hook+trampoline,strong,yes
sithDSSThing_SetModel,func,sith,0x0047bb90,0x0047ba80,consensus,verified,,hook+trampoline,strong,no
sithDSSThing_ProcessSetModel,func,sith,0x0047bc50,0x0047bb40,manual,verified,,hook+trampoline,strong,yes
sithDSSThing_StopKey,func,sith,0x0047bd20,0x0047bc10,consensus,verified,,hook+trampoline,strong,no
sithDSSThing_ProcessStopKey,func,sith,0x0047bd90,0x0047bc80,manual,verified,,hook+trampoline,strong,yes
sithDSSThing_StopSound,func,sith,0x0047be60,0x0047bd50,consensus,verified,,hook+trampoline,strong,no
sithDSSThing_ProcessStopSound,func,sith,0x0047bec0,0x0047bdb0,manual,verified,,hook+trampoline,strong,yes
sithDSSThing_Fire,func,sith,0x0047bf50,0x0047be40,consensus,verified,,hook+trampoline,strong,no
sithDSSThing_ProcessFire,func,sith,0x0047c060,0x0047bf50,manual,verified,,hook+trampoline,strong,yes
sithDSSThing_Death,func,sith,0x0047c170,0x0047c060,consensus,verified,,hook+trampoline,strong,no
sithDSSThing_ProcessDeath,func,sith,0x0047c1d0,0x0047c0c0,manual,verified,,hook+trampoline,strong,yes
sithDSSThing_DamageThing,func,sith,0x0047c2f0,0x0047c1e0,consensus,verified,,hook+trampoline,strong,no
sithDSSThing_ProcessDamage,func,sith,0x0047c380,0x0047c270,manual,verified,,hook+trampoline,strong,yes
sithDSSThing_ThingFullDescription,func,sith,0x0047c440,0x0047c330,consensus,verified,,hook,strong,no
sithDSSThing_ProcessThingFullDescription,func,sith,0x0047cdd0,0x0047ccc0,manual,verified,,hook,strong,yes
sithDSSThing_PathMove,func,sith,0x0047d9a0,0x0047d890,consensus,verified,,hook+trampoline,strong,no
sithDSSThing_ProcessPathMove,func,sith,0x0047daa0,0x0047d990,manual,verified,,hook+trampoline,strong,yes
sithDSSThing_Attachment,func,sith,0x0047dc40,0x0047db30,consensus,verified,,hook,strong,no
sithDSSThing_ProcessAttachment,func,sith,0x0047dd60,0x0047dc50,manual,verified,,hook,strong,yes
sithDSSThing_Take,func,sith,0x0047df60,0x0047de50,consensus,verified,,hook+trampoline,strong,no
sithDSSThing_ProcessTake,func,sith,0x0047dfc0,0x0047deb0,manual,verified,,hook+trampoline,strong,yes
sithDSSThing_CreateThing,func,sith,0x0047e0a0,0x0047df90,consensus,verified,,hook+trampoline,strong,no
sithDSSThing_ProcessCreateThing,func,sith,0x0047e190,0x0047e080,manual,verified,,hook+trampoline,strong,yes
sithDSSThing_DestroyThing,func,sith,0x0047e320,0x0047e210,consensus,verified,,hook+trampoline,strong,no
sithDSSThing_ProcessDestroyThing,func,sith,0x0047e360,0x0047e250,manual,verified,,hook+trampoline,strong,yes
sithDSSThing_MoveToPos,func,sith,0x0047e3b0,0x0047e2a0,consensus+review,verified,,hook+trampoline,weak,no
sithPhysics_FindFloor,func,sith,0x0047e4f0,0x0047e3e0,consensus+review,verified,,hook,strong,no
sithPhysics_FindWaterSurface,func,sith,0x0047eb10,0x0047ea00,consensus,verified,,hook,strong,no
sithPhysics_UpdateThing,func,sith,0x0047ec00,0x0047eaf0,consensus,verified,,hook,strong,no
sithPhysics_ApplyForce,func,sith,0x0047ee30,0x0047ed20,consensus,verified,,hook,strong,no
sithPhysics_SetThingLook,func,sith,0x0047ef70,0x0047ee60,consensus,verified,,hook,strong,no
sithPhysics_ApplyDrag,func,sith,0x0047f250,0x0047f140,consensus,verified,,hook,strong,no
sithPhysics_ParseArg,func,sith,0x0047f390,0x0047f280,consensus,verified,,hook,strong,no
sithPhysics_ResetThingMovement,func,sith,0x0047f6a0,0x0047f590,consensus,verified,,hook,strong,no
sithPhysics_GetThingHeight,func,sith,0x0047f730,0x0047f620,consensus,verified,,hook,strong,no
sithPhysics_UpdateDetachedThingPhysics,func,sith,0x0047f7b0,0x0047f6a0,consensus,verified,,hook,strong,no
sithPhysics_UpdateDetachedPlayerPhysics,func,sith,0x0047fe50,0x0047fd40,consensus,verified,,hook,strong,no
sithPhysics_UpdateUnderwaterThingPhysics,func,sith,0x00480470,0x00480360,consensus,verified,,hook,strong,no
sithPhysics_UpdateClimbingThingPhysics,func,sith,0x00480b20,0x00480a10,consensus,verified,,hook,strong,no
sithPhysics_UpdateAttachedThingPhysics,func,sith,0x00480d20,0x00480c10,consensus,verified,,hook,strong,no
sithPhysics_CreateMineCarUserBlock,func,sith,0x004824b0,0x004823a0,consensus+review,verified,,hook,strong,no
sithPhysics_InitMineCarFxState,func,sith,0x004827d0,0x004826c0,consensus,verified,,hook,strong,no
sithPhysics_InitVehicleFxState,func,sith,0x004827f0,0x004826e0,consensus,verified,,hook,strong,no
sithPhysics_InitMineCarChassisDefault,func,sith,0x00482810,0x00482700,consensus,verified,-0x10,hook,strong,no
sithPhysics_InitMineCarChassis,func,sith,0x00482820,,,unmapped,,hook,weak,
sithPhysics_InitTrackTruckChassis,func,sith,0x00482890,0x00482770,consensus,verified,,hook,strong,no
sithPhysics_InitTrackJeepChassis,func,sith,0x00482900,0x004827e0,consensus,verified,,hook,strong,no
sithPhysics_InitMineCarExhaust,func,sith,0x004829e0,0x004828c0,consensus,verified,,hook,strong,no
sithPhysics_InitJeepExhaust,func,sith,0x00482a70,0x00482950,consensus,verified,,hook,strong,no
sithPhysics_InitTrackTruckExhaust,func,sith,0x00482b00,0x004829e0,consensus,verified,+0x10,hook,strong,no
sithPhysics_InitMineCarState,func,sith,0x00482b80,0x00482a70,consensus,verified,,hook,strong,no
sithPhysics_InitTrackTruckState,func,sith,0x00482bd0,0x00482ac0,consensus,verified,,hook,strong,no
sithPhysics_UpdateMineCarPhysics,func,sith,0x00482c20,0x00482b10,consensus,verified,,hook,strong,no
sithPhysics_UpdateTrackVehicleFx,func,sith,0x004831f0,0x004830e0,consensus,verified,,hook,strong,no
sithPhysics_UpdateMineCarFx,func,sith,0x00483270,0x00483160,consensus,verified,,hook,strong,no
sithPhysics_UpdateTrackJeepFx,func,sith,0x004838d0,0x004837c0,consensus,verified,,hook,strong,no
sithPhysics_UpdateTrackTruckFx,func,sith,0x00483a50,0x00483940,consensus,verified,,hook,strong,no
sithPhysics_UpdateMineCarChassis,func,sith,0x00483b90,0x00483a80,consensus,verified,,hook,strong,no
sithPhysics_UpdateExhaustFx,func,sith,0x00483cc0,0x00483bb0,consensus,verified,,hook,strong,no
sithPhysics_UpdateRaftPhysics,func,sith,0x004841b0,0x004840a0,consensus,verified,,hook,strong,no
sithPhysics_CheckWaterSurfaceAtPos,func,sith,0x00485770,0x00485660,consensus,verified,,hook,strong,no
sithPhysics_ApplyWaterThrust,func,sith,0x004859c0,0x004858b0,consensus,verified,,hook,strong,no
sithPhysics_ProcessMineCarTrackMove,func,sith,0x00485be0,0x00485ad0,consensus,verified,,hook+trampoline,strong,no
sithPhysics_ProcessTrackFace,func,sith,0x00486840,0x00486730,consensus+review,verified,,hook+trampoline,weak,no
sithPhysics_CheckForPointOnTrack,func,sith,0x00487d00,0x00487bf0,consensus+review,verified,,hook,strong,no
sithPhysics_sub_487EC0,func,sith,0x00487ec0,0x00487db0,consensus+review,verified,,hook+trampoline,weak,no
sithPhysics_UpdateJeepPhysics,func,sith,0x00487f60,0x00487e50,consensus,verified,,hook+trampoline,strong,no
sithPhysics_Jeep_sub_4892E0,func,sith,0x004892e0,0x004891d0,consensus+review,verified,,hook+trampoline,weak,no
sithPhysics_sub_48A970,func,sith,0x0048a970,0x0048a860,consensus+review,verified,,hook+trampoline,weak,no
sithPhysics_sub_48AD20,func,sith,0x0048ad20,0x0048ac10,consensus+review,verified,,hook+trampoline,weak,no
sithPhysics_CreateJeepUserBlock,func,sith,0x0048b360,0x0048b250,consensus+review,verified,,hook+trampoline,weak,no
sithPhysics_Jeep_sub_48B4D0,func,sith,0x0048b4d0,0x0048b3c0,consensus+review,verified,,hook+trampoline,weak,no
sithPhysics_UpdateJeepFx,func,sith,0x0048b500,0x0048b3f0,consensus+review,verified,,hook+trampoline,weak,no
sithActor_SetDifficulty,func,sith,0x0048b980,0x0048b870,consensus,verified,,hook,strong,no
sithActor_Update,func,sith,0x0048bab0,0x0048b9a0,consensus,verified,,hook,strong,no
sithActor_DamageActor,func,sith,0x0048bcc0,0x0048bbb0,consensus,verified,+0x30,hook,strong,no
sithActor_DamageRaftActor,func,sith,0x0048bf10,0x0048be30,consensus,verified,,hook,strong,no
sithActor_PlayDamageSoundFx,func,sith,0x0048c0b0,0x0048bfd0,consensus,verified,,hook,strong,no
sithActor_KillActor,func,sith,0x0048c250,0x0048c170,consensus,verified,,hook,strong,no
sithActor_SurfaceCollisionHandler,func,sith,0x0048c580,0x0048c4a0,interpolated,verified,,hook,weak,yes
sithActor_ActorCollisionHandler,func,sith,0x0048c610,0x0048c530,interpolated,verified,,hook,weak,yes
sithActor_SetHeadPYR,func,sith,0x0048c680,0x0048c5a0,consensus,verified,,hook,strong,no
sithActor_DestroyActor,func,sith,0x0048c800,0x0048c720,consensus,verified,,hook,strong,no
sithActor_DestroyCorpse,func,sith,0x0048c850,0x0048c770,consensus,verified,,hook,strong,no
sithActor_ParseArg,func,sith,0x0048c880,0x0048c7a0,consensus,verified,,hook,strong,no
sithFX_Reset,func,sith,0x0048cda0,0x0048ccc0,consensus,verified,,hook,strong,no
sithFX_ClearChalkMarks,func,sith,0x0048cdc0,0x0048cce0,consensus,verified,,hook,strong,no
sithFX_DestroyFairyDustDeluxe,func,sith,0x0048cde0,0x0048cd00,consensus,verified,,hook,strong,no
sithFX_CreateFairyDust,func,sith,0x0048ce50,0x0048cd70,consensus+review,verified,,hook,strong,no
sithFX_SetFairyDustSize,func,sith,0x0048ceb0,0x0048cdd0,consensus,verified,,hook,strong,no
sithFX_UpdateFairyDustUserBlock,func,sith,0x0048cef0,0x0048ce10,consensus+review,verified,,hook,strong,no
sithFX_CreateFairyDustDelux,func,sith,0x0048cfa0,0x0048cec0,consensus,verified,,hook,strong,no
sithFX_CreateFairyDustDeluxDusts,func,sith,0x0048d070,0x0048cf90,consensus+review,verified,,hook,strong,no
sithFX_CreateBubble,func,sith,0x0048d1a0,0x0048d0c0,consensus+review,verified,,hook,strong,no
sithFX_CreateWaterRipple,func,sith,0x0048d470,0x0048d390,consensus,verified,,hook,strong,no
sithFX_CreateRaftSplatterFX,func,sith,0x0048d650,0x0048d570,consensus+review,verified,,hook,strong,no
sithFX_CreateRaftWakeFX,func,sith,0x0048dac0,0x0048d9e0,consensus+review,verified,,hook,strong,no
sithFX_CreatePaddleWaterSplash,func,sith,0x0048dc60,0x0048db80,consensus+review,verified,,hook,strong,no
sithFX_CreateRaftPaddleWaterFX,func,sith,0x0048dcd0,0x0048dbf0,consensus,verified,,hook,strong,no
sithFX_CreateRaftInflateWaterFX,func,sith,0x0048dff0,0x0048df10,consensus,verified,,hook,strong,no
sithFX_CreateMineCarSparks,func,sith,0x0048e1b0,0x0048e0d0,consensus+review,verified,,hook,strong,no
sithFX_CreateChalkMark,func,sith,0x0048e270,0x0048e190,consensus,verified,,hook,strong,no
sithFX_CreateThingOnSurface,func,sith,0x0048e3d0,0x0048e2f0,consensus,verified,,hook,strong,no
sithFX_UpdatePolyline,func,sith,0x0048e5a0,0x0048e4c0,consensus,verified,,hook,strong,no
sithFX_ResetPolylineTexVertOffset,func,sith,0x0048e840,0x0048e760,consensus,verified,,hook,strong,no
sithFX_CreateLaserThing,func,sith,0x0048e870,0x0048e790,consensus+review,verified,,hook,strong,no
sithFX_CreateLightningThing,func,sith,0x0048ea70,0x0048e990,consensus+review,verified,,hook,strong,no
sithFX_CreatePolylineThing,func,sith,0x0048ec90,0x0048ebb0,consensus+review,verified,,hook,strong,no
sithAIInstinct_InitInstincts,func,sith,0x0048ef50,0x0048ee70,consensus,verified,,hook+trampoline,strong,no
sithAIInstinct_Listen,func,sith,0x0048f220,0x0048f140,manual,verified,,hook+trampoline,strong,yes
sithAIInstinct_LookForTarget,func,sith,0x0048f8b0,0x0048f7d0,manual,verified,,hook+trampoline,strong,yes
sithAIInstinct_SenseDanger,func,sith,0x0048fc40,0x0048fb60,manual,verified,,hook+trampoline,strong,yes
sithAIInstinct_FearGunshot,func,sith,0x0048fe60,0x0048fd80,manual,verified,,hook+trampoline,strong,yes
sithAIInstinct_Hop,func,sith,0x0048ffd0,0x0048fef0,interpolated+review,verified,,hook+trampoline,weak,yes
sithAIInstinct_HoverDrift,func,sith,0x00490080,0x0048ffa0,manual,verified,,hook+trampoline,strong,yes
sithAIInstinct_Talk,func,sith,0x004901f0,0x00490110,interpolated+review,verified,,hook+trampoline,weak,yes
sithAIInstinct_RandomTurn,func,sith,0x00490510,0x00490430,manual,verified,,hook+trampoline,strong,yes
sithAIInstinct_OpenDoors,func,sith,0x00490640,0x00490560,manual,verified,,hook+trampoline,strong,yes
sithAIInstinct_Jump,func,sith,0x00490670,0x00490590,interpolated+review,verified,,hook+trampoline,weak,yes
sithAIInstinct_LobFire,func,sith,0x00490950,0x00490870,manual,verified,,hook+trampoline,strong,yes
sithAIInstinct_PrimaryFire,func,sith,0x00490b00,0x00490a20,manual,verified,,hook+trampoline,strong,yes
sithAIInstinct_AlternateFire,func,sith,0x00491020,0x00490f40,manual,verified,,hook+trampoline,strong,yes
sithAIInstinct_CircleStrafe,func,sith,0x004912d0,0x004911f0,manual,verified,,hook+trampoline,strong,yes
sithAIInstinct_Dodge,func,sith,0x00491800,0x00491720,interpolated+review,verified,,hook+trampoline,weak,yes
sithAIInstinct_HitAndRun,func,sith,0x00491e80,0x00491da0,manual,verified,,hook+trampoline,strong,yes
sithAIInstinct_Retreat,func,sith,0x00492050,0x00491f70,manual,verified,,hook+trampoline,strong,yes
sithAIInstinct_RandomMove,func,sith,0x004921b0,0x004920d0,manual,verified,,hook+trampoline,strong,yes
sithAIInstinct_HumanCombatMove,func,sith,0x004924d0,0x004923f0,manual,verified,,hook+trampoline,strong,yes
sithAIInstinct_Roam,func,sith,0x00492e50,0x00492d70,interpolated+review,verified,,hook+trampoline,weak,yes
sithAIInstinct_ReturnHome,func,sith,0x00493190,0x004930b0,manual,verified,,hook+trampoline,strong,yes
sithAIInstinct_Flee,func,sith,0x00493240,0x00493160,interpolated+review,verified,,hook+trampoline,weak,yes
sithAIInstinct_BasicFallow,func,sith,0x004935d0,0x004934f0,consensus+review,verified,,hook+trampoline,weak,yes
sithAIInstinct_WallCrawl,func,sith,0x00494080,0x00493fa0,manual,verified,,hook+trampoline,strong,yes
sithAIInstinct_sub_494360,func,sith,0x00494360,0x00494280,consensus+review,verified,,hook+trampoline,weak,no
sithAIInstinct_SnakeMungeTestCheck,func,sith,0x00494600,0x00494520,consensus+review,verified,,hook+trampoline,weak,no
sithAIInstinct_SnakeFollow,func,sith,0x004948d0,0x004947f0,manual,verified,,hook+trampoline,strong,yes
sithAIInstinct_sub_494FF0,func,sith,0x00494ff0,0x00494f10,consensus+review,verified,,hook+trampoline,weak,no
sithAIMove_Update,func,sith,0x004950c0,0x00494fe0,consensus,verified,,hook+trampoline,strong,no
sithAIMove_UpdateMineCar,func,sith,0x00495360,0x00495280,consensus+review,verified,,hook+trampoline,weak,no
sithAIMove_sub_4958B0,func,sith,0x004958b0,0x004957d0,consensus+review,verified,,hook+trampoline,weak,no
sithAIMove_sub_495CD0,func,sith,0x00495cd0,0x00495bf0,consensus+review,verified,,hook+trampoline,weak,no
sithAIMove_sub_4961A0,func,sith,0x004961a0,0x004960c0,consensus+review,verified,,hook+trampoline,weak,no
sithAIMove_sub_496200,func,sith,0x00496200,0x00496120,consensus,verified,,hook+trampoline,strong,no
sithAIMove_sub_496550,func,sith,0x00496550,0x00496470,consensus+review,verified,,hook+trampoline,weak,no
sithAIMove_sub_4966D0,func,sith,0x004966d0,0x004965f0,consensus+review,verified,,hook+trampoline,weak,no
sithAIMove_sub_496820,func,sith,0x00496820,0x00496740,consensus+review,verified,,hook+trampoline,weak,no
sithAIMove_AIGetMoveState,func,sith,0x004969a0,0x004968c0,consensus,verified,,hook,strong,no
sithAIMove_AISpecialTurn,func,sith,0x00496a50,0x00496970,consensus,verified,,hook,strong,no
sithAIMove_UpdateAIMove,func,sith,0x00496bb0,0x00496ad0,consensus,verified,,hook,strong,no
sithAIMove_GetAIMoveModes,func,sith,0x00496ea0,0x00496dc0,consensus,verified,,hook,strong,no
sithAIMove_SetSubMode,func,sith,0x00497230,0x00497150,consensus,verified,,hook,strong,no
sithAIMove_PuppetCallback,func,sith,0x00497440,0x00497360,callers,verified,,hook,strong,yes
sithAIMove_AISetLookThing,func,sith,0x00497930,0x00497850,consensus,verified,,hook,strong,no
sithAIMove_AISetLookPos,func,sith,0x00497a20,0x00497940,consensus+review,verified,,hook,strong,no
sithAIMove_AISetLookPosEyeLevel,func,sith,0x00497be0,0x00497b00,consensus,verified,,hook,strong,no
sithAIMove_AISetMovePos,func,sith,0x00497cf0,0x00497c10,consensus,verified,,hook,strong,no
sithAIMove_AISetMoveTargetPos,func,sith,0x00497f30,0x00497e50,consensus,verified,,hook,strong,no
sithAIMove_AISpecialMove,func,sith,0x00497ff0,0x00497f10,consensus,verified,,hook,strong,no
sithAIMove_AIFinalizeSpecialMove,func,sith,0x00498890,0x004987b0,consensus,verified,,hook,strong,no
sithAIMove_AIJump,func,sith,0x00498b00,0x00498a20,consensus,verified,,hook,strong,no
sithAIMove_AIStop,func,sith,0x00498b70,0x00498a90,consensus,verified,,hook,strong,no
sithAIMove_SetGoalReached,func,sith,0x00498bf0,0x00498b10,consensus,verified,,hook,strong,no
sithAIMove_Unreachable,func,sith,0x00498c80,0x00498ba0,consensus,verified,,hook,strong,no
sithAIMove_StopAIMovement,func,sith,0x00498cf0,0x00498c10,consensus,verified,,hook,strong,no
sithAIMove_ResetAILook,func,sith,0x00498d50,0x00498c70,consensus,verified,,hook,strong,no
sithAIMove_UpdateBoss,func,sith,0x00498d90,0x00498cb0,consensus+review,verified,,hook+trampoline,weak,no
sithAIMove_sub_499090,func,sith,0x00499090,0x00498fb0,consensus+review,verified,,hook+trampoline,weak,no
sithAIMove_sub_4996C0,func,sith,0x004996c0,0x004995e0,consensus+review,verified,,hook+trampoline,weak,no
sithAIMove_sub_499A80,func,sith,0x00499a80,0x004999a0,consensus+review,verified,,hook+trampoline,weak,no
sithAIMove_sub_499CA0,func,sith,0x00499ca0,0x00499bc0,consensus+review,verified,,hook+trampoline,weak,no
sithAIMove_sub_49A020,func,sith,0x0049a020,0x00499f40,consensus+review,verified,,hook+trampoline,weak,no
sithAIMove_sub_49A1B0,func,sith,0x0049a1b0,0x0049a0d0,consensus+review,verified,,hook+trampoline,weak,no
sithAIMove_sub_49A450,func,sith,0x0049a450,0x0049a370,consensus+review,verified,,hook+trampoline,weak,no
sithAIMove_sub_49A630,func,sith,0x0049a630,0x0049a550,consensus+review,verified,,hook+trampoline,weak,no
sithAIMove_sub_49A810,func,sith,0x0049a810,0x0049a730,consensus+review,verified,,hook+trampoline,weak,no
sithAIMove_UpdateQuetzTail,func,sith,0x0049a9c0,0x0049a8e0,consensus+review,verified,,hook+trampoline,weak,no
sithAIMove_sub_49AA60,func,sith,0x0049aa60,0x0049a980,consensus+review,verified,,hook+trampoline,weak,no
sithAIMove_sub_49AB80,func,sith,0x0049ab80,0x0049aaa0,consensus,verified,,hook+trampoline,strong,no
sithAIMove_sub_49AC50,func,sith,0x0049ac50,0x0049ab70,consensus,verified,,hook+trampoline,strong,no
sithAIMove_sub_49AF80,func,sith,0x0049af80,0x0049aea0,consensus,verified,,hook+trampoline,strong,no
sithAIMove_sub_49B1B0,func,sith,0x0049b1b0,0x0049b0d0,consensus+review,verified,,hook+trampoline,strong,no
sithAIMove_UpdateMardukTail,func,sith,0x0049b260,0x0049b180,consensus+review,verified,,hook+trampoline,weak,no
sithAIUtil_sub_49B2E0,func,sith,0x0049b2e0,0x0049b200,consensus+review,verified,,hook+trampoline,weak,no
sithAIUtil_sub_49B640,func,sith,0x0049b640,0x0049b560,consensus+review,verified,,hook+trampoline,weak,no
sithAIUtil_GetDistanceToTarget,func,sith,0x0049b7c0,0x0049b6e0,consensus+review,verified,,hook+trampoline,weak,no
sithAIUtil_GetDistanceToTargetPos,func,sith,0x0049ba60,0x0049b980,consensus+review,verified,,hook+trampoline,weak,no
sithAIUtil_AIFire,func,sith,0x0049bc30,0x0049bb50,consensus,verified,,hook+trampoline,strong,no
sithAIUtil_AIPauseMove,func,sith,0x0049c250,0x0049c170,consensus,verified,,hook+trampoline,strong,no
sithAIUtil_AIResetWaypoints,func,sith,0x0049c270,0x0049c190,consensus,verified,,hook+trampoline,strong,no
sithAIUtil_SyncWpnts,func,sith,0x0049c2c0,0x0049c1e0,consensus,verified,,hook+trampoline,strong,no
sithAIUtil_ProcessSyncWpnts,func,sith,0x0049c370,0x0049c290,manual,verified,,hook+trampoline,strong,yes
sithAIUtil_AISetWpnt,func,sith,0x0049c420,0x0049c340,consensus,verified,,hook+trampoline,strong,no
sithAIUtil_AIGetWpntThing,func,sith,0x0049c4a0,0x0049c3c0,consensus,verified,,hook+trampoline,strong,no
sithAIUtil_AISetWpntRank,func,sith,0x0049c4d0,0x0049c3f0,consensus,verified,,hook+trampoline,strong,no
sithAIUtil_AISetWpntFlags,func,sith,0x0049c530,0x0049c450,consensus,verified,,hook+trampoline,strong,no
sithAIUtil_AIClearWpntFlags,func,sith,0x0049c5b0,0x0049c4d0,consensus,verified,,hook+trampoline,strong,no
sithAIUtil_AISetActiveWpntLayer,func,sith,0x0049c620,0x0049c540,consensus,verified,,hook+trampoline,strong,no
sithAIUtil_AIConnectWpnts,func,sith,0x0049c660,0x0049c580,consensus,verified,,hook+trampoline,strong,no
sithAIUtil_AIMoveToNextWpnt,func,sith,0x0049c7b0,0x0049c6d0,consensus,verified,,hook+trampoline,strong,no
sithAIUtil_AITraverseWpnts,func,sith,0x0049c800,0x0049c720,consensus,verified,,hook+trampoline,strong,no
sithAIUtil_AIAdvanceToNextWpnt,func,sith,0x0049c9f0,0x0049c910,consensus+review,verified,,hook+trampoline,weak,no
sithAIUtil_sub_49CC60,func,sith,0x0049cc60,0x0049cb80,consensus+review,verified,,hook+trampoline,weak,no
sithAIUtil_sub_49D170,func,sith,0x0049d170,0x0049d090,consensus+review,verified,,hook+trampoline,weak,no
sithAIUtil_AIFindNearestWpnt,func,sith,0x0049d2d0,0x0049d1f0,consensus,verified,,hook+trampoline,strong,no
sithAIUtil_sub_49D640,func,sith,0x0049d640,0x0049d560,consensus+review,verified,,hook+trampoline,weak,no
sithAIUtil_sub_49D750,func,sith,0x0049d750,0x0049d670,consensus+review,verified,,hook+trampoline,weak,no
sithAIUtil_CreateAIWaypoint,func,sith,0x0049d860,0x0049d780,consensus+review,verified,,hook+trampoline,weak,no
sithAIUtil_ClearAIWaypoint,func,sith,0x0049d910,0x0049d830,consensus,verified,,hook+trampoline,strong,no
sithAIUtil_GetAIWaypointNum,func,sith,0x0049d950,0x0049d870,consensus+review,verified,,hook+trampoline,weak,no
sithAIUtil_CompareAIWpntDistances,func,sith,0x0049d980,0x0049d8a0,interpolated+review,verified,,hook+trampoline,weak,yes
sithAIUtil_RenderAIWaypoints,func,sith,0x0049d9c0,0x0049d8e0,consensus,verified,,hook+trampoline,strong,no
sithAIUtil_CheckPathToPoint,func,sith,0x0049db50,0x0049da70,consensus,verified,,hook+trampoline,strong,no
sithAIUtil_CheckPosition,func,sith,0x0049dc90,0x0049dbb0,consensus,verified,,hook+trampoline,strong,no
sithAIUtil_CheckFloorAtPos,func,sith,0x0049dd20,0x0049dc40,consensus+review,verified,,hook+trampoline,weak,no
sithAIUtil_MakeRandPoint,func,sith,0x0049e040,0x0049df60,consensus+review,verified,,hook+trampoline,weak,no
sithAIUtil_RetryMakeRandPoint,func,sith,0x0049e5f0,0x0049e510,consensus+review,verified,,hook+trampoline,weak,no
sithAIUtil_CheckPathToPos,func,sith,0x0049e790,0x0049e6b0,consensus+review,verified,,hook+trampoline,weak,no
sithAIUtil_sub_49EE50,func,sith,0x0049ee50,0x0049ed70,consensus+review,verified,,hook+trampoline,weak,no
sithAIUtil_sub_49F010,func,sith,0x0049f010,0x0049ef30,consensus+review,verified,,hook+trampoline,weak,no
sithAIUtil_MakePathPos,func,sith,0x0049f110,0x0049f030,consensus,verified,,hook+trampoline,strong,no
sithAIUtil_sub_49F1F0,func,sith,0x0049f1f0,0x0049f110,consensus+review,verified,,hook+trampoline,weak,no
sithAIUtil_AIPlaySoundMode,func,sith,0x0049f330,0x0049f250,consensus+review,verified,,hook+trampoline,weak,no
sithAIUtil_AISetMode,func,sith,0x0049f390,0x0049f2b0,consensus,verified,,hook+trampoline,strong,no
sithAIUtil_AIClearMode,func,sith,0x0049f4a0,0x0049f3c0,consensus,verified,,hook+trampoline,strong,no
sithAIUtil_SetWeaponFireFlags,func,sith,0x0049f570,0x0049f490,consensus+review,verified,,hook+trampoline,weak,no
sithAIUtil_AIGetMovePos,func,sith,0x0049f5c0,0x0049f4e0,consensus+review,verified,,hook+trampoline,weak,no
sithAIUtil_GetXYHeadingVector,func,sith,0x0049f700,0x0049f620,consensus,verified,,hook+trampoline,strong,no
sithAIUtil_GetXYZHeadingVector,func,sith,0x0049f830,0x0049f750,consensus+review,verified,,hook+trampoline,weak,no
sithAIUtil_CanAttackTarget,func,sith,0x0049f990,0x0049f8b0,consensus+review,verified,,hook+trampoline,weak,no
sithAIUtil_IsThingMoving,func,sith,0x0049f9c0,0x0049f8e0,consensus+review,verified,,hook+trampoline,weak,no
sithAIUtil_ApplyForce,func,sith,0x0049faa0,0x0049f9c0,consensus,verified,,hook+trampoline,strong,no
sithAIUtil_RandomRotate,func,sith,0x0049fb00,0x0049fa20,consensus+review,verified,,hook+trampoline,weak,no
sithAIUtil_GetThingsInView,func,sith,0x0049fb80,0x0049faa0,consensus,verified,,hook+trampoline,strong,no
sithAIUtil_GetNextThingsInView,func,sith,0x0049fc80,0x0049fba0,consensus+review,verified,,hook+trampoline,weak,no
sithAIUtil_CanSeeTarget,func,sith,0x0049ff20,0x0049fe40,consensus+review,verified,,hook+trampoline,weak,no
sithWhip_UpdateWhipAim,func,sith,0x004a0120,0x004a0040,consensus,verified,,hook,strong,no
sithWhip_StartWhipSwing,func,sith,0x004a01c0,0x004a00e0,consensus,verified,,hook,strong,no
sithWhip_FinishWhipSwing,func,sith,0x004a0450,0x004a0370,consensus,verified,,hook,strong,no
sithWhip_StartWhipClimb,func,sith,0x004a04a0,0x004a03c0,consensus,verified,,hook,strong,no
sithWhip_SetActorWhipClimbIdle,func,sith,0x004a05c0,0x004a04e0,consensus,verified,,hook,strong,no
sithWhip_FinishWhipClimbDismount,func,sith,0x004a0620,0x004a0540,consensus,verified,,hook,strong,no
sithWhip_WhipClimbDismount,func,sith,0x004a0650,0x004a0570,consensus,verified,,hook,strong,no
sithWhip_ProcessWhipClimbMove,func,sith,0x004a06f0,0x004a0610,consensus,verified,,hook,strong,no
sithWhip_WhipFirePuppetCallback,func,sith,0x004a0970,0x004a0890,consensus,verified,,hook,strong,yes
sithWhip_WhipClimbPuppetCallback,func,sith,0x004a09a0,0x004a08c0,interpolated+review,verified,,hook,strong,yes
sithWhip_ClimbDismountPuppetCallback,func,sith,0x004a0a90,0x004a09b0,callers,verified,,hook,strong,yes
sithWhip_GetWhipSwingThing,func,sith,0x004a0ad0,0x004a09f0,consensus,verified,,hook,strong,no
sithWhip_GetWhipClimbThing,func,sith,0x004a0ae0,0x004a0a00,consensus,verified,,hook,strong,no
sithWhip_Reset,func,sith,0x004a0af0,0x004a0a10,consensus,verified,,hook,strong,no
sithWhip_Save,func,sith,0x004a0b10,0x004a0a30,consensus,verified,,hook,strong,no
sithWhip_Restore,func,sith,0x004a0b60,0x004a0a80,manual,verified,,hook,strong,yes
sithWhip_SearchWhipSwingThing,func,sith,0x004a0bc0,0x004a0ae0,consensus,verified,,hook,strong,no
sithWhip_SearchWhipClimbThing,func,sith,0x004a0cd0,0x004a0bf0,consensus+review,verified,,hook,weak,no
sithWhip_CreatePlayerWhip,func,sith,0x004a0dd0,0x004a0cf0,consensus+review,verified,+0x10,hook,strong,no
sithWhip_RemoveWhip,func,sith,0x004a0e90,0x004a0dc0,consensus,verified,,hook,strong,no
sithSoundClass_Startup,func,sith,0x004a0ee0,0x004a0e10,consensus,verified,,hook,strong,no
sithSoundClass_Shutdown,func,sith,0x004a0f80,0x004a0eb0,consensus,verified,,hook,strong,no
sithSoundClass_ReadSoundClassesListText,func,sith,0x004a0fc0,0x004a0ef0,callers+review,verified,,hook,strong,yes
sithSoundClass_WriteSoundClassesListBinary,func,sith,0x004a11f0,0x004a1120,interpolated+review,verified,,hook,weak,yes
sithSoundClass_ReadSoundClassesListBinary,func,sith,0x004a1250,0x004a1180,interpolated,verified,,hook,weak,yes
sithSoundClass_Load,func,sith,0x004a12d0,0x004a1200,consensus+review,verified,,hook,strong,no
sithSoundClass_LoadEntry,func,sith,0x004a14b0,0x004a13e0,consensus+review,verified,,hook,strong,no
sithSoundClass_AllocSoundClasses,func,sith,0x004a1740,0x004a1670,consensus+review,verified,,hook,strong,no
sithSoundClass_FreeWorldSoundClasses,func,sith,0x004a1810,0x004a1740,consensus,verified,,hook,strong,no
sithSoundClass_Free,func,sith,0x004a18f0,0x004a1820,consensus,verified,,hook,strong,no
sithSoundClass_PlayModeFirstEx,func,sith,0x004a1930,0x004a1860,consensus,verified,,hook,strong,no
sithSoundClass_PlayModeFirst,func,sith,0x004a19c0,0x004a18f0,consensus,verified,,hook,strong,no
sithSoundClass_PlayModeRandom,func,sith,0x004a1a50,0x004a1980,consensus,verified,,hook,strong,no
sithSoundClass_PlayVoiceModeRandom,func,sith,0x004a1b60,0x004a1a90,consensus,verified,,hook,strong,no
sithSoundClass_PlayPlayerVoiceModeRandom,func,sith,0x004a1c60,0x004a1b90,consensus+review,verified,,hook,strong,no
sithSoundClass_PlayMode,func,sith,0x004a1dd0,0x004a1d00,consensus,verified,,hook,strong,no
sithSoundClass_StopMode,func,sith,0x004a1eb0,0x004a1de0,consensus,verified,,hook,strong,no
sithSoundClass_SetModePitch,func,sith,0x004a1ee0,0x004a1e10,consensus,verified,,hook,strong,no
sithSoundClass_SetModeVolume,func,sith,0x004a1f30,0x004a1e60,consensus,verified,,hook,strong,no
sithSoundClass_FadeModeVolume,func,sith,0x004a1f80,0x004a1eb0,consensus,verified,,hook,strong,no
sithSoundClass_IsModeFadingVol,func,sith,0x004a1fe0,0x004a1f10,consensus,verified,,hook,strong,no
sithSoundClass_PlayModeEntry,func,sith,0x004a2020,0x004a1f50,consensus,verified,,hook,strong,no
sithSoundClass_CacheFind,func,sith,0x004a2190,0x004a20c0,consensus,verified,,hook,strong,no
sithSoundClass_CacheAdd,func,sith,0x004a21d0,0x004a2100,consensus,verified,,hook,strong,no
sithSoundClass_CacheRemove,func,sith,0x004a2240,0x004a2170,consensus,verified,,hook,strong,no
sithVehicleControls_GetMineCarState,func,sith,0x004a22b0,0x004a21e0,consensus+review,verified,,hook,weak,no
sithVehicleControls_SetMineCarState,func,sith,0x004a22c0,0x004a21f0,consensus+review,verified,,hook,weak,no
sithVehicleControls_GetRaftState,func,sith,0x004a22e0,0x004a2210,consensus+review,verified,,hook,weak,no
sithVehicleControls_SetRaftState,func,sith,0x004a22f0,0x004a2220,consensus+review,verified,,hook,weak,no
sithVehicleControls_PuppetCallback,func,sith,0x004a2310,0x004a2240,callers,verified,,hook,strong,yes
sithVehicleControls_ProcessMineCarMove,func,sith,0x004a2980,0x004a28b0,consensus,verified,,hook,strong,no
sithVehicleControls_ProcessJeepMove,func,sith,0x004a3440,0x004a3370,consensus+review,verified,,hook,strong,no
sithVehicleControls_PlayRaftPuppetMode,func,sith,0x004a3ea0,0x004a3dd0,consensus,verified,,hook,strong,no
sithVehicleControls_ProcessRaftMove,func,sith,0x004a3ee0,0x004a3e10,consensus,verified,,hook,strong,no
sithVehicleControls_FindRaftUnboardPosition,func,sith,0x004a5480,0x004a53b0,consensus,verified,,hook,strong,no
sithVehicleControls_FindWallSurface,func,sith,0x004a5ae0,0x004a5a10,consensus,verified,,hook,strong,no
sithVehicleControls_FadeJeepMoveSounds,func,sith,0x004a5b90,0x004a5ac0,consensus,verified,,hook,strong,no
sithVehicleControls_CanUnboardInDirection,func,sith,0x004a5bc0,0x004a5af0,consensus,verified,,hook,strong,no
sithVehicleControls_ExitRaft,func,sith,0x004a5d90,0x004a5cc0,consensus,verified,,hook,strong,no
sithVehicleControls_UpdateRaftPaddleSoundFx,func,sith,0x004a61e0,0x004a6110,consensus,verified,,hook,strong,no
sithVehicleControls_StartBoardCutscene,func,sith,0x004a6320,0x004a6250,consensus,verified,,hook,strong,no
sithVehicleControls_EndBoardCutscene,func,sith,0x004a6340,0x004a6270,consensus,verified,,hook,strong,no
sithCollision_Startup,func,sith,0x004a6360,0x004a6290,consensus,verified,,hook,strong,no
sithCollision_Shutdown,func,sith,0x004a64f0,0x004a6420,consensus+review,verified,,hook,strong,no
sithCollision_AddCollisionHandler,func,sith,0x004a6530,0x004a6460,consensus+review,verified,,hook,strong,no
sithCollision_AddSurfaceCollisionHandler,func,sith,0x004a6650,0x004a6580,consensus+review,verified,,hook,strong,no
sithCollision_PopStack,func,sith,0x004a66c0,0x004a65f0,consensus,verified,,hook,strong,no
sithCollision_FindSectorInRadius,func,sith,0x004a67e0,0x004a6710,consensus,verified,,hook,strong,no
sithCollision_FindSectorAtThing,func,sith,0x004a6920,0x004a6850,consensus,verified,,hook,strong,no
sithCollision_FindWaterSector,func,sith,0x004a6a70,0x004a69a0,consensus,verified,,hook,strong,no
sithCollision_CheckLOS,func,sith,0x004a6bd0,0x004a6b00,consensus,verified,,hook,strong,no
sithCollision_CheckThingLOS,func,sith,0x004a6c80,0x004a6bb0,consensus,verified,,hook,strong,no
sithCollision_RotateThing,func,sith,0x004a6db0,0x004a6ce0,consensus,verified,,hook,strong,no
sithCollision_sub_4A6EE0,func,sith,0x004a6ee0,0x004a6e10,consensus,verified,,hook,strong,no
sithCollision_MoveThing,func,sith,0x004a7090,0x004a6fc0,consensus+review,verified,,hook,strong,no
sithCollision_SearchForCollisions,func,sith,0x004a7dd0,0x004a7d00,consensus,verified,,hook,strong,no
sithCollision_DecreaseStackLevel,func,sith,0x004a8250,0x004a8180,consensus,verified,,hook,strong,no
sithCollision_SearchForThingCollisions,func,sith,0x004a82a0,0x004a81d0,consensus,verified,,hook,strong,no
sithCollision_SearchForSurfaceCollisions,func,sith,0x004a8730,0x004a8660,consensus,verified,,hook,strong,no
sithCollision_HandleThingHitSurface,func,sith,0x004a8b20,0x004a8a50,consensus,verified,,hook,strong,no
sithCollision_ThingCollisionHandler,func,sith,0x004a8d90,0x004a8cc0,consensus+review,verified,,hook,strong,yes
sithCollision_VehicleCollisionHandler,func,sith,0x004a95d0,0x004a9500,consensus,verified,,hook,strong,no
sithCollision_sub_4AA1A0,func,sith,0x004aa1a0,0x004aa0d0,consensus,verified,,hook,strong,no
sithCollision_FindItemThing,func,sith,0x004aa840,0x004aa770,consensus,verified,,hook,strong,no
sithCollision_PushThingCollision,func,sith,0x004aaae0,0x004aaa10,consensus,verified,,hook,strong,no
sithCollision_PushSurfaceCollision,func,sith,0x004aabd0,0x004aab00,consensus,verified,,hook,strong,no
sithCollision_ParticleAndActorCollisionHandler,func,sith,0x004aac90,0x004aabc0,interpolated,verified,,hook,weak,yes
sithCollision_CheckFloorDistance,func,sith,0x004aad50,0x004aac80,consensus,verified,,hook,strong,no
sithCollision_sub_4AAF30,func,sith,0x004aaf30,0x004aae60,interpolated+review,verified,,hook,weak,yes
sithSprite_Startup,func,sith,0x004aaf80,0x004aaeb0,consensus,verified,,hook,strong,no
sithSprite_Shutdown,func,sith,0x004aafc0,0x004aaef0,consensus,verified,,hook,strong,no
sithSprite_Update,func,sith,0x004aafe0,0x004aaf10,consensus,verified,,hook,strong,no
sithSprite_Draw,func,sith,0x004ab0a0,0x004aafd0,consensus,verified,,hook,strong,no
sithSprite_Create,func,sith,0x004ab150,0x004ab080,consensus,verified,,hook,strong,no
sithSprite_ReadStaticSpritesListText,func,sith,0x004ab1b0,0x004ab0e0,callers+review,verified,,hook,strong,yes
sithSprite_WriteStaticSpritesListBinary,func,sith,0x004ab470,0x004ab3a0,interpolated+review,verified,,hook,weak,yes
sithSprite_ReadStaticSpritesListBinary,func,sith,0x004ab4d0,0x004ab400,interpolated,verified,,hook,weak,yes
sithSprite_FreeWorldSprites,func,sith,0x004ab550,0x004ab480,consensus,verified,,hook,strong,no
sithSprite_Load,func,sith,0x004ab640,0x004ab570,consensus+review,verified,,hook,strong,no
sithSprite_AllocWorldSprites,func,sith,0x004aba60,0x004ab990,consensus+review,verified,,hook,strong,no
sithSprite_Initialize,func,sith,0x004abb20,0x004aba50,consensus,verified,,hook,strong,no
sithSprite_CacheFind,func,sith,0x004abb80,0x004abab0,consensus,verified,,hook,strong,no
sithSprite_CacheAdd,func,sith,0x004abbe0,0x004abb10,consensus,verified,,hook,strong,no
sithSprite_CacheRemove,func,sith,0x004abc70,0x004abba0,consensus,verified,,hook,strong,no
sithPathMove_SkipToFrame,func,sith,0x004abd00,0x004abc30,consensus,verified,,hook+trampoline,strong,no
sithPathMove_MoveToFrame,func,sith,0x004abe10,0x004abd40,consensus+review,verified,,hook+trampoline,strong,no
sithPathMove_RotatePivot,func,sith,0x004abf10,0x004abe40,consensus,verified,,hook+trampoline,strong,no
sithPathMove_FollowNextPath,func,sith,0x004ac060,0x004abf90,consensus+review,verified,,hook+trampoline,strong,no
sithPathMove_MoveToPos,func,sith,0x004ac1d0,0x004ac100,consensus,verified,,hook+trampoline,strong,no
sithPathMove_RotateToPYR,func,sith,0x004ac320,0x004ac250,consensus,verified,,hook+trampoline,strong,no
sithPathMove_Update,func,sith,0x004ac540,0x004ac470,consensus,verified,,hook+trampoline,strong,no
sithPathMove_ParseArg,func,sith,0x004aca30,0x004ac960,consensus+review,verified,,hook+trampoline,strong,no
sithPathMove_SendMessageBlocked,func,sith,0x004acc50,0x004acb80,consensus,verified,,hook+trampoline,strong,no
sithPathMove_UpdatePath,func,sith,0x004acc90,0x004acbc0,consensus,verified,,hook+trampoline,strong,no
sithPathMove_Finish,func,sith,0x004accd0,0x004acc00,consensus,verified,,hook+trampoline,strong,no
sithPathMove_PathMovePause,func,sith,0x004acd50,0x004acc80,consensus,verified,,hook+trampoline,strong,no
sithPathMove_PathMoveResume,func,sith,0x004acdd0,0x004acd00,consensus,verified,,hook+trampoline,strong,no
sithPathMove_Create,func,sith,0x004ace50,0x004acd80,consensus,verified,,hook+trampoline,strong,no
sithExplosion_Initialize,func,sith,0x004acf90,0x004acec0,consensus,verified,,hook,strong,no
sithExplosion_CreateSpriteThing,func,sith,0x004ad020,0x004acf50,consensus+review,verified,,hook,strong,no
sithExplosion_UpdateExpandFade,func,sith,0x004ad220,0x004ad150,consensus,verified,,hook,strong,no
sithExplosion_Lerp,func,sith,0x004ad700,0x004ad630,consensus,verified,,hook,strong,no
sithExplosion_Update,func,sith,0x004ad730,0x004ad660,consensus,verified,,hook,strong,no
sithExplosion_MakeBlast,func,sith,0x004ad880,0x004ad7b0,consensus,verified,,hook,strong,no
sithExplosion_ParseArg,func,sith,0x004adc80,0x004adbb0,consensus,verified,,hook,strong,no
sithParticle_Startup,func,sith,0x004ae0c0,0x004adff0,consensus,verified,,hook,strong,no
sithParticle_Shutdown,func,sith,0x004ae100,0x004ae030,consensus,verified,,hook,strong,no
sithParticle_Load,func,sith,0x004ae120,0x004ae050,consensus+review,verified,,hook,strong,no
sithParticle_AllocWorldParticles,func,sith,0x004ae280,0x004ae1b0,consensus+review,verified,,hook,strong,no
sithParticle_ParseArg,func,sith,0x004ae360,0x004ae290,consensus,verified,,hook,strong,no
sithParticle_Update,func,sith,0x004ae670,0x004ae5a0,consensus,verified,,hook,strong,no
sithParticle_Initalize,func,sith,0x004ae880,0x004ae7b0,consensus,verified,,hook,strong,no
sithParticle_DestroyParticle,func,sith,0x004aeb40,0x004aea70,consensus,verified,,hook,strong,no
sithParticle_Free,func,sith,0x004aebe0,0x004aeb10,consensus,verified,,hook,strong,no
sithParticle_FreeWorldParticles,func,sith,0x004aec10,0x004aeb40,consensus,verified,,hook,strong,no
sithParticle_CacheFind,func,sith,0x004aec90,0x004aebc0,consensus,verified,,hook,strong,no
sithParticle_CacheAdd,func,sith,0x004aecf0,0x004aec20,consensus,verified,,hook,strong,no
sithParticle_CacheRemove,func,sith,0x004aed80,0x004aecb0,consensus,verified,,hook,strong,no
sithItem_PlayerCollisionHandler,func,sith,0x004aee10,0x004aed40,interpolated+review,verified,,hook,weak,yes
sithItem_Initialize,func,sith,0x004aeec0,0x004aedf0,consensus,verified,,hook,strong,no
sithItem_SetItemTaken,func,sith,0x004aef10,0x004aee40,consensus,verified,,hook,strong,no
sithItem_DestroyItem,func,sith,0x004aefb0,0x004aeee0,consensus,verified,,hook,strong,no
sithItem_ParseArg,func,sith,0x004af0c0,0x004aeff0,consensus,verified,,hook,strong,no
sithIntersect_IsSphereInSector,func,sith,0x004af130,0x004af060,consensus,verified,,hook,strong,no
sithIntersect_CheckFaceVerticesIntersection,func,sith,0x004af2e0,0x004af210,consensus,verified,,hook,strong,no
sithIntersect_CheckSphereThingIntersection,func,sith,0x004af370,0x004af2a0,consensus,verified,,hook,strong,no
sithIntersect_CheckSphereThingModelIntersection,func,sith,0x004af710,0x004af640,consensus,verified,,hook,strong,no
sithIntersect_CheckSphereMeshIntersection,func,sith,0x004af840,0x004af770,consensus,verified,,hook,strong,no
sithIntersect_CheckSphereIntersection,func,sith,0x004af9b0,0x004af8e0,consensus,verified,,hook,strong,no
sithIntersect_TestSphereFaceHit,func,sith,0x004afb70,0x004afaa0,consensus,verified,,hook,strong,no
sithIntersect_CheckSphereFaceHitVerticesIntersection,func,sith,0x004afdb0,0x004afce0,consensus,verified,,hook,strong,no
sithIntersect_CheckSphereHit,func,sith,0x004afff0,0x004aff20,consensus,verified,,hook,strong,no
sithIntersect_CheckSphereFaceIntersectionEx,func,sith,0x004b0160,0x004b0090,consensus,verified,,hook,strong,no
sithIntersect_CheckSphereFaceIntersection,func,sith,0x004b04a0,0x004b03d0,consensus,verified,,hook,strong,no
sithPVS_ReadPVSText,func,sith,0x004b05e0,0x004b0510,callers+review,verified,,hook,strong,yes
sithPVS_WritePVSBinary,func,sith,0x004b07c0,0x004b06f0,interpolated+review,verified,,hook,weak,yes
sithPVS_ReadPVSBinary,func,sith,0x004b0830,0x004b0760,interpolated+review,verified,,hook,weak,yes
sithPVS_SetTable,func,sith,0x004b08b0,0x004b07e0,consensus,verified,,hook,strong,no
sithAIAwareness_Open,func,sith,0x004b0960,0x004b0890,consensus,verified,,,strong,no
sithAIAwareness_Close,func,sith,0x004b0a30,0x004b0960,consensus,verified,,hook,strong,no
sithAIAwareness_CreateTransmittingEvent,func,sith,0x004b0a90,0x004b09c0,consensus,verified,,hook,strong,no
sithAIAwareness_ProcessEvents,func,sith,0x004b0ae0,0x004b0a10,consensus,verified,,hook,strong,no
sithAIAwareness_Update,func,sith,0x004b0b30,0x004b0a60,callers,verified,,hook,strong,yes
sithAIAwareness_IsInTransmittingRange,func,sith,0x004b0be0,0x004b0b10,consensus+review,verified,,hook,weak,no
sithAIAwareness_ProcessEvent,func,sith,0x004b0cc0,0x004b0bf0,consensus,verified,,hook,strong,no
sithAIAwareness_CheckAdjoinDistance,func,sith,0x004b0e30,0x004b0d60,consensus,verified,,hook,strong,no
sithAIAwareness_CreateEvent,func,sith,0x004b1010,0x004b0f40,consensus,verified,,hook,strong,no
sithDSS_SurfaceStatus,func,sith,0x004b1080,0x004b0fb0,consensus,verified,,hook+trampoline,strong,no
sithDSS_ProcessSurfaceStatus,func,sith,0x004b11a0,0x004b10d0,manual,verified,,hook+trampoline,strong,yes
sithDSS_SectorStatus,func,sith,0x004b12e0,0x004b1210,consensus,verified,,hook+trampoline,strong,no
sithDSS_SyncSeenSectors,func,sith,0x004b13b0,0x004b12e0,consensus,verified,,hook+trampoline,strong,no
sithDSS_ProcessSyncSeenSecors,func,sith,0x004b1430,0x004b1360,manual,verified,,hook+trampoline,strong,yes
sithDSS_ProcessSectorStatus,func,sith,0x004b1490,0x004b13c0,manual,verified,,hook+trampoline,strong,yes
sithDSS_SectorFlags,func,sith,0x004b15a0,0x004b14d0,consensus,verified,,hook+trampoline,strong,no
sithDSS_ProcessSectorFlags,func,sith,0x004b1630,0x004b1560,manual,verified,,hook+trampoline,strong,yes
sithDSS_AIStatus,func,sith,0x004b16c0,0x004b15f0,consensus,verified,,hook+trampoline,strong,no
sithDSS_ProcessAIStatus,func,sith,0x004b19e0,0x004b1910,manual,verified,,hook+trampoline,strong,yes
sithDSS_Inventory,func,sith,0x004b1d80,0x004b1cb0,consensus,verified,,hook+trampoline,strong,no
sithDSS_ProcessInventory,func,sith,0x004b1e50,0x004b1d80,manual,verified,,hook+trampoline,strong,yes
sithDSS_AnimStatus,func,sith,0x004b1f00,0x004b1e30,consensus,verified,,hook+trampoline,strong,no
sithDSS_ProcessAnimStatus,func,sith,0x004b23a0,0x004b22d0,manual,verified,,hook+trampoline,strong,yes
sithDSS_PuppetStatus,func,sith,0x004b2820,0x004b2750,consensus,verified,,hook,strong,no
sithDSS_ProcessPuppetStatus,func,sith,0x004b2a10,0x004b2940,manual,verified,,hook,strong,yes
sithDSS_SyncTaskEvents,func,sith,0x004b2c10,0x004b2b40,consensus,verified,,hook+trampoline,strong,no
sithDSS_ProcessSyncTaskEvents,func,sith,0x004b2c80,0x004b2bb0,manual,verified,,hook+trampoline,strong,yes
sithDSS_SyncCameras,func,sith,0x004b2cf0,0x004b2c20,consensus,verified,,hook+trampoline,strong,no
sithDSS_ProcessSyncCameras,func,sith,0x004b2e20,0x004b2d50,manual,verified,,hook+trampoline,strong,yes
sithDSS_SyncGameState,func,sith,0x004b2f30,0x004b2e60,consensus,verified,,hook+trampoline,strong,no
sithDSS_ProcessSyncGameState,func,sith,0x004b3220,0x004b3150,manual,verified,,hook+trampoline,strong,yes
sithDSS_SyncVehicleControlState,func,sith,0x004b3510,0x004b3440,consensus,verified,,hook+trampoline,strong,no
sithDSS_ProcessVehicleControlsState,func,sith,0x004b3630,0x004b3560,manual,verified,,hook+trampoline,strong,yes
sithDSS_sub_4B3760,func,sith,0x004b3760,0x004b3690,consensus,verified,,hook+trampoline,strong,no
sithDSS_sub_4B3790,func,sith,0x004b3790,0x004b36c0,manual,verified,,hook+trampoline,strong,yes
sithRenderSky_Open,func,sith,0x004b37c0,0x004b36f0,consensus,verified,,hook,strong,no
sithRenderSky_Update,func,sith,0x004b3840,0x004b3770,consensus+review,verified,,hook,weak,no
sithRenderSky_HorizonFaceToPlane,func,sith,0x004b38a0,0x004b37d0,consensus,verified,,hook,strong,no
sithRenderSky_CeilingFaceToPlane,func,sith,0x004b39a0,0x004b38d0,consensus,verified,,hook,strong,no
sithShadow_RenderThingShadow,func,sith,0x004b3b90,0x004b3ac0,consensus,verified,,hook,strong,no
sithShadow_SearchForAttachDistance,func,sith,0x004b3e70,0x004b3da0,consensus,verified,,hook,strong,no
sithShadow_DistanceThingToSurface,func,sith,0x004b4100,0x004b4030,consensus,verified,,hook,strong,no
sithShadow_DrawShadow,func,sith,0x004b4160,0x004b4090,consensus,verified,,hook,strong,no
sithShadow_DrawWalkShadow,func,sith,0x004b4320,0x004b4250,consensus,verified,,hook,strong,no
sithCommand_RegisterCommands,func,sith,0x004b4600,0x004b4530,consensus,verified,,hook,strong,no
sithCommand_DebugMode,func,sith,0x004b46d0,0x004b4600,manual,verified,,hook,strong,yes
sithCommand_Wuss,func,sith,0x004b48b0,0x004b47e0,manual,verified,,hook,strong,yes
sithCommand_Fixme,func,sith,0x004b48f0,0x004b4820,manual,verified,,hook,strong,yes
sithCommand_Ouch,func,sith,0x004b4940,0x004b4870,manual,verified,-0x10,hook,strong,yes
sithCommand_Coords,func,sith,0x004b4990,0x004b48b0,manual,verified,,hook,strong,yes
sithCommand_Memory,func,sith,0x004b4a70,0x004b4990,manual,verified,,hook,strong,yes
sithCommand_DynamicMemory,func,sith,0x004b4cc0,0x004b4be0,manual,verified,,hook,strong,yes
sithCommand_MemoryDump,func,sith,0x004b4d00,0x004b4c20,manual,verified,,hook,strong,yes
sithCommand_CipherText,func,sith,0x004b4da0,0x004b4cc0,consensus+review,verified,,hook,weak,no
sithCogYacc_yyerror,func,sith,0x004b4df0,0x004b4d10,consensus+review,verified,,,weak,yes
sithCogYacc_yyparse,func,sith,0x004b4e30,0x004b4d50,consensus+review,verified,,,weak,no
sithCogYacc_yylex,func,sith,0x004b5850,0x004b5770,consensus+review,verified,,,weak,yes
sithCogYacc_yy_get_next_buffer,func,sith,0x004b5e80,0x004b5da0,consensus+review,verified,,,weak,yes
sithCogYacc_yy_get_previous_state,func,sith,0x004b6080,0x004b5fa0,consensus+review,verified,,,weak,yes
sithCogYacc_yy_try_NUL_trans,func,sith,0x004b6130,0x004b6050,consensus+review,verified,,,weak,yes
sithCogYacc_yyrestart,func,sith,0x004b61c0,0x004b60e0,consensus+review,verified,,,weak,no
sithCogYacc_yy_load_buffer_state,func,sith,0x004b61e0,0x004b6100,consensus+review,verified,,,weak,yes
sithCogYacc_yy_create_buffer,func,sith,0x004b6210,0x004b6130,consensus+review,verified,,,weak,yes
sithCogYacc_yy_init_buffer,func,sith,0x004b62f0,0x004b6210,consensus+review,verified,,,weak,yes
stdStartup,func,std,0x004b6320,0x004b6240,consensus,verified,,hook,strong,no
stdShutdown,func,std,0x004b6380,0x004b62a0,consensus,verified,,hook,strong,no
stdPrintf,func,std,0x004b63b0,0x004b62d0,consensus+review,verified,,hook,weak,yes
stdConsolePrintf,func,std,0x004b6450,0x004b6370,interpolated,verified,,hook,weak,yes
stdFileFromPath,func,std,0x004b6490,0x004b63b0,consensus,verified,,hook,strong,no
stdCalcBitPos,func,std,0x004b64b0,0x004b63d0,consensus+review,verified,,hook,weak,no
stdBmp_WriteVBuffer,func,std,0x004b64d0,0x004b63f0,consensus,verified,,hook,strong,no
stdBmp_Load,func,std,0x004b6820,0x004b6740,consensus+review,verified,,hook,strong,no
stdFnames_FindMedName,func,std,0x004b6a80,0x004b69a0,consensus,verified,,hook,strong,no
stdFnames_FindExt,func,std,0x004b6ab0,0x004b69d0,consensus,verified,,hook,strong,no
stdFnames_StripExtAndDot,func,std,0x004b6ad0,0x004b69f0,consensus,verified,,hook,strong,no
stdFnames_ChangeExt,func,std,0x004b6af0,0x004b6a10,consensus+review,verified,,hook,weak,no
stdFnames_Concat,func,std,0x004b6b60,0x004b6a80,consensus,verified,,hook,strong,no
stdFnames_MakePath,func,std,0x004b6bb0,0x004b6ad0,consensus,verified,,hook,strong,no
stdMemory_Startup,func,std,0x004b6bf0,0x004b6b10,consensus,verified,,hook,strong,no
stdMemory_Shutdown,func,std,0x004b6c30,0x004b6b50,consensus,verified,,hook,strong,no
stdMemory_Open,func,std,0x004b6c60,0x004b6b80,consensus,verified,,hook,strong,no
stdMemory_Close,func,std,0x004b6cd0,0x004b6bf0,consensus+review,verified,,hook,strong,no
stdMemory_Malloc,func,std,0x004b6dd0,0x004b6cf0,consensus,verified,,hook,strong,yes
stdMemory_Free,func,std,0x004b6e80,0x004b6da0,consensus,verified,,hook,strong,no
stdMemory_Realloc,func,std,0x004b6f80,0x004b6ea0,consensus,verified,,hook,strong,no
stdMemory_BlockMalloc,func,std,0x004b7060,0x004b6f80,consensus,verified,,hook,strong,yes
stdMemory_BlockFree,func,std,0x004b7240,0x004b7160,consensus,verified,,hook,strong,yes
stdMemory_BlockRealloc,func,std,0x004b7330,0x004b7250,interpolated,verified,,hook,weak,yes
stdMemory_BlockAlloc,func,std,0x004b73c0,0x004b72e0,consensus,verified,,hook,strong,no
stdUtil_Format,func,std,0x004b73f0,0x004b7310,consensus+review,verified,,hook,weak,no
stdUtil_StringSplit,func,std,0x004b7420,0x004b7340,consensus,verified,,hook,strong,no
stdUtil_ParseLiteral,func,std,0x004b74d0,0x004b73f0,consensus,verified,,hook,strong,no
stdUtil_ToWStringEx,func,std,0x004b7590,0x004b74b0,consensus,verified,,hook,strong,no
stdUtil_ToAStringEx,func,std,0x004b7630,0x004b7550,consensus,verified,,hook,strong,no
stdUtil_ToWString,func,std,0x004b76d0,0x004b75f0,consensus,verified,,hook,strong,no
stdUtil_ToAString,func,std,0x004b7770,0x004b7690,consensus,verified,,hook,strong,no
stdUtil_ToLower,func,std,0x004b7800,0x004b7720,consensus,verified,,hook,strong,no
stdControl_Startup,func,std,0x004b7830,0x004b7750,consensus,verified,,hook,strong,no
stdControl_Shutdown,func,std,0x004b7960,0x004b7880,consensus,verified,,hook,strong,no
stdControl_Open,func,std,0x004b7a40,0x004b7960,consensus,verified,,hook,strong,no
stdControl_Close,func,std,0x004b7a70,0x004b7990,consensus,verified,,hook,strong,no
stdControl_Reset,func,std,0x004b7a90,0x004b79b0,consensus,verified,,hook,strong,no
stdControl_DisableReadJoysticks,func,std,0x004b7ac0,0x004b79e0,consensus+review,verified,,hook,strong,no
stdControl_EnableAxis,func,std,0x004b7ad0,0x004b79f0,consensus,verified,,hook,strong,no
stdControl_ReadControls,func,std,0x004b7b10,0x004b7a30,consensus,verified,,hook,strong,no
stdControl_ReadAxis,func,std,0x004b7c10,0x004b7b30,consensus,verified,,hook,strong,no
stdControl_ReadAxisRaw,func,std,0x004b7cf0,0x004b7c10,consensus,verified,,hook,strong,no
stdControl_ReadKeyAsAxis,func,std,0x004b7d50,0x004b7c70,consensus,verified,,hook,strong,no
stdControl_ReadAxisAsKey,func,std,0x004b7df0,0x004b7d10,consensus,verified,,hook,strong,no
stdControl_ReadAxisAsKeyEx,func,std,0x004b7e30,0x004b7d50,consensus,verified,,hook,strong,no
stdControl_ReadKey,func,std,0x004b7eb0,0x004b7dd0,consensus,verified,,hook,strong,no
stdControl_ControlsActive,func,std,0x004b7f30,0x004b7e50,consensus,verified,,hook,strong,no
stdControl_SetActivation,func,std,0x004b7f40,0x004b7e60,consensus,verified,,hook,strong,no
stdControl_ToggleMouse,func,std,0x004b80a0,0x004b7fc0,consensus,verified,,hook,strong,no
stdControl_EnableMouse,func,std,0x004b8110,0x004b8030,consensus,verified,,hook,strong,no
stdControl_ControlsIdle,func,std,0x004b8130,0x004b8050,consensus,verified,,hook,strong,no
stdControl_TestAxisFlag,func,std,0x004b8140,0x004b8060,consensus,verified,,hook,strong,no
stdControl_SetAxisFlags,func,std,0x004b8190,0x004b80b0,consensus,verified,,hook,strong,no
stdControl_InitJoysticks,func,std,0x004b81e0,0x004b8100,consensus,verified,,hook,strong,no
stdControl_InitKeyboard,func,std,0x004b8520,0x004b8440,consensus+review,verified,,hook,strong,no
stdControl_InitMouse,func,std,0x004b8650,0x004b8570,consensus+review,verified,,hook,strong,no
stdControl_EnableAxisRead,func,std,0x004b87a0,0x004b86c0,consensus,verified,,hook,strong,no
stdControl_ReadKeyboard,func,std,0x004b87d0,0x004b86f0,consensus+review,verified,,hook,strong,no
stdControl_ReadJoysticks,func,std,0x004b88f0,0x004b8810,consensus+review,verified,,hook,strong,no
stdControl_ReadMouse,func,std,0x004b8d10,0x004b8c30,consensus+review,verified,,hook,strong,no
stdControl_RegisterAxis,func,std,0x004b9050,0x004b8f70,consensus,verified,,hook,strong,no
stdControl_DIGetStatus,func,std,0x004b9150,0x004b9070,consensus,verified,,hook,strong,no
stdControl_EnumDevicesCallback,func,std,0x004b9180,0x004b90a0,interpolated+review,verified,,hook,strong,yes
stdControl_ResetMousePos,func,std,0x004b9320,0x004b9240,consensus,verified,,hook,strong,no
stdControl_GetMaxJoystickButtons,func,std,0x004b9340,0x004b9260,consensus,verified,,hook,strong,no
stdControl_GetNumJoysticks,func,std,0x004b9370,0x004b9290,consensus,verified,,hook,strong,no
stdControl_EnableMouseSensitivity,func,std,0x004b9380,0x004b92a0,consensus+review,verified,,hook,weak,no
stdControl_ShowMouseCursor,func,std,0x004b9390,0x004b92b0,consensus,verified,,hook,strong,no
stdControl_IsGamePad,func,std,0x004b93d0,0x004b92f0,consensus+review,verified,,hook,strong,no
stdWin95_SetWindow,func,std,0x004b9400,0x004b9320,consensus+review,verified,,hook,weak,no
stdWin95_GetWindow,func,std,0x004b9410,0x004b9330,consensus,verified,,hook,strong,no
stdWin95_SetInstance,func,std,0x004b9420,0x004b9340,consensus+review,verified,,hook,weak,no
stdWin95_GetInstance,func,std,0x004b9430,0x004b9350,consensus+review,verified,,hook,weak,no
stdWin95_SetGuid,func,std,0x004b9440,0x004b9360,consensus+review,verified,,hook,weak,no
stdConffile_Open,func,std,0x004b9490,0x004b93b0,consensus,verified,,hook,strong,yes
stdConffile_OpenWrite,func,std,0x004b94b0,0x004b93d0,consensus,verified,,hook,strong,no
stdConffile_OpenMode,func,std,0x004b9510,0x004b9430,consensus,verified,,hook,strong,no
stdConffile_Close,func,std,0x004b9600,0x004b9520,consensus,verified,,hook,strong,yes
stdConffile_CloseWrite,func,std,0x004b96a0,0x004b95c0,consensus+review,verified,,hook,strong,no
stdConffile_Write,func,std,0x004b96e0,0x004b9600,consensus,verified,,hook,strong,no
stdConffile_Read,func,std,0x004b9720,0x004b9640,consensus,verified,,hook,strong,no
stdConffile_ReadArgsFromStr,func,std,0x004b9780,0x004b96a0,consensus+review,verified,,hook,strong,yes
stdConffile_ReadArgs,func,std,0x004b98c0,0x004b97e0,consensus,verified,,hook,strong,no
stdConffile_ReadLine,func,std,0x004b9930,0x004b9850,consensus+review,verified,,hook,strong,no
stdConffile_GetFileHandle,func,std,0x004b9a60,0x004b9980,consensus,verified,,hook,strong,no
stdConffile_GetLineNumber,func,std,0x004b9a90,0x004b99b0,consensus,verified,,hook,strong,no
stdConffile_GetFilename,func,std,0x004b9aa0,0x004b99c0,consensus,verified,,hook,strong,no
stdConffile_PushStack,func,std,0x004b9ab0,0x004b99d0,consensus,verified,,hook,strong,no
stdConffile_PopStack,func,std,0x004b9ba0,0x004b9ac0,consensus,verified,,hook,strong,no
stdDisplay_Startup,func,std,0x004b9c30,0x004b9b50,consensus+review,verified,,hook,strong,no
stdDisplay_Shutdown,func,std,0x004b9d10,0x004b9c30,consensus,verified,,hook,strong,no
stdDisplay_Open,func,std,0x004b9d70,0x004b9c90,consensus,verified,,hook,strong,no
stdDisplay_Close,func,std,0x004b9e40,0x004b9d60,consensus,verified,,hook,strong,no
stdDisplay_SetMode,func,std,0x004b9f00,0x004b9e20,consensus,verified,,hook,strong,no
stdDisplay_ClearMode,func,std,0x004ba040,0x004b9f60,consensus,verified,,hook,strong,no
stdDisplay_GetNumDevices,func,std,0x004ba080,0x004b9fa0,consensus,verified,,hook,strong,no
stdDisplay_GetDevice,func,std,0x004ba090,0x004b9fb0,consensus,verified,,hook,strong,no
stdDisplay_GetCurrentDevice,func,std,0x004ba0d0,0x004b9ff0,consensus,verified,,hook,strong,no
stdDisplay_Refresh,func,std,0x004ba110,0x004ba030,consensus,verified,,hook,strong,no
stdDisplay_VBufferNew,func,std,0x004ba2a0,0x004ba1c0,consensus+review,verified,,hook,strong,no
stdDisplay_VBufferFree,func,std,0x004ba4a0,0x004ba3c0,consensus,verified,,hook,strong,no
stdDisplay_VBufferLock,func,std,0x004ba510,0x004ba430,consensus,verified,,hook,strong,no
stdDisplay_VBufferUnlock,func,std,0x004ba580,0x004ba4a0,consensus,verified,,hook,strong,no
stdDisplay_VBufferFill,func,std,0x004ba5e0,0x004ba500,consensus,verified,,hook,strong,no
stdDisplay_VBufferConvertColorFormat,func,std,0x004ba8b0,0x004ba7d0,consensus+review,verified,,hook,strong,no
stdDisplay_VideoModeCompare,func,std,0x004bac60,0x004bab80,callers,verified,,hook,strong,yes
stdDisplay_GetTextureMemory,func,std,0x004bac90,0x004babb0,consensus,verified,,hook,strong,no
stdDisplay_GetTotalMemory,func,std,0x004bad10,0x004bac30,consensus,verified,,hook,strong,no
stdDisplay_DDGetStatus,func,std,0x004bad90,0x004bacb0,consensus,verified,,hook,strong,no
stdDisplay_CreateZBuffer,func,std,0x004badc0,0x004bace0,consensus+review,verified,,hook,strong,no
stdDisplay_InitDirectDraw,func,std,0x004baf00,0x004bae20,consensus+review,verified,,hook,strong,no
stdDisplay_ReleaseDirectDraw,func,std,0x004bb070,0x004baf90,consensus+review,verified,,hook,strong,no
stdDisplay_DDEnumCallback,func,std,0x004bb130,0x004bb050,interpolated+review,verified,,hook,strong,yes
stdDisplay_EnumVideoModesCallback,func,std,0x004bb370,0x004bb290,callers+review,verified,,hook,strong,yes
stdDisplay_SetAspectRatio,func,std,0x004bb6a0,0x004bb5c0,consensus,verified,,hook,strong,no
stdDisplay_GetSystemDevice,func,std,0x004bb700,0x004bb620,consensus+review,verified,,hook,weak,no
stdDisplay_SetWindowMode,func,std,0x004bb710,0x004bb630,consensus,verified,,hook,strong,no
stdDisplay_SetFullscreenMode,func,std,0x004bbe30,0x004bbd50,consensus,verified,,hook,strong,no
stdDisplay_ReleaseBuffers,func,std,0x004bc1b0,0x004bc0d0,consensus+review,verified,,hook,weak,no
stdDisplay_LockSurface,func,std,0x004bc210,0x004bc130,consensus,verified,,hook,strong,no
stdDisplay_UnlockSurface,func,std,0x004bc2a0,0x004bc1c0,consensus,verified,,hook,strong,no
stdDisplay_Update,func,std,0x004bc320,0x004bc240,consensus,verified,,hook,strong,yes
stdDisplay_ColorFillSurface,func,std,0x004bc4b0,0x004bc3d0,consensus+review,verified,,hook,strong,no
stdDisplay_BackBufferFill,func,std,0x004bc5e0,0x004bc500,consensus,verified,,hook,strong,no
stdDisplay_SaveScreen,func,std,0x004bc600,0x004bc520,consensus,verified,,hook,strong,no
stdDisplay_SetDefaultResolution,func,std,0x004bc620,0x004bc540,consensus+review,verified,,hook,weak,no
stdDisplay_GetBackBufferSize,func,std,0x004bc640,0x004bc560,consensus,verified,,hook,strong,no
stdDisplay_GetNumVideoModes,func,std,0x004bc660,0x004bc580,consensus,verified,,hook,strong,no
stdDisplay_GetVideoMode,func,std,0x004bc670,0x004bc590,consensus,verified,,hook,strong,no
stdDisplay_GetCurrentVideoMode,func,std,0x004bc6b0,0x004bc5d0,consensus,verified,,hook,strong,no
stdDisplay_GetFrontBufferDC,func,std,0x004bc6e0,0x004bc600,consensus,verified,,hook,strong,yes
stdDisplay_ReleaseFrontBufferDC,func,std,0x004bc750,0x004bc670,consensus,verified,,hook,strong,yes
stdDisplay_GetBackBufferDC,func,std,0x004bc7b0,0x004bc6d0,interpolated+review,verified,,hook,weak,yes
stdDisplay_ReleaseBackBufferDC,func,std,0x004bc820,0x004bc740,interpolated+review,verified,,hook,weak,yes
stdDisplay_FlipToGDISurface,func,std,0x004bc880,0x004bc7a0,consensus+review,verified,,hook,strong,yes
stdDisplay_CanRenderWindowed,func,std,0x004bc8d0,0x004bc7f0,consensus,verified,,hook,strong,no
stdDisplay_SetBufferClipper,func,std,0x004bc930,0x004bc850,consensus+review,verified,,hook,strong,no
stdDisplay_RemoveBufferClipper,func,std,0x004bcaa0,0x004bc9c0,consensus,verified,,hook,strong,no
stdDisplay_IsFullscreen,func,std,0x004bcad0,0x004bc9f0,consensus+review,verified,,hook,strong,no
stdDisplay_LockBackBuffer,func,std,0x004bcae0,0x004bca00,consensus+review,verified,,hook,strong,no
stdDisplay_UnlockBackBuffer,func,std,0x004bcba0,0x004bcac0,consensus+review,verified,,hook,strong,no
stdDisplay_EncodeFromRGB565,func,std,0x004bcc00,0x004bcb20,consensus,verified,,hook,strong,no
std3D_Startup,func,std,0x004bccb0,0x004bcbd0,consensus,verified,,hook,strong,no
std3D_Shutdown,func,std,0x004bcde0,0x004bcd00,consensus,verified,,hook,strong,no
std3D_GetNumDevices,func,std,0x004bce40,0x004bcd60,consensus,verified,,hook,strong,no
std3D_GetAllDevices,func,std,0x004bce50,0x004bcd70,consensus,verified,,hook,strong,no
std3D_Open,func,std,0x004bce60,0x004bcd80,consensus,verified,,hook,strong,no
std3D_Close,func,std,0x004bd2a0,0x004bd1c0,consensus,verified,,hook,strong,no
std3D_GetTextureFormat,func,std,0x004bd310,0x004bd230,consensus,verified,,hook,strong,no
std3D_GetColorFormat,func,std,0x004bd3b0,0x004bd2d0,consensus,verified,,hook,strong,no
std3D_GetNumTextureFormats,func,std,0x004bd3d0,0x004bd2f0,consensus,verified,,hook,strong,no
std3D_StartScene,func,std,0x004bd3e0,0x004bd300,consensus+review,verified,,hook,strong,no
std3D_EndScene,func,std,0x004bd440,0x004bd360,consensus+review,verified,,hook,strong,no
std3D_DrawRenderList,func,std,0x004bd490,0x004bd3b0,consensus,verified,,hook,strong,no
std3D_SetWireframeRenderState,func,std,0x004bd620,0x004bd540,consensus,verified,,hook,strong,no
std3D_DrawLineStrip,func,std,0x004bd690,0x004bd5b0,consensus,verified,,hook,strong,no
std3D_DrawPointList,func,std,0x004bd720,0x004bd640,consensus,verified,,hook,strong,no
std3D_SetRenderState,func,std,0x004bd7b0,0x004bd6d0,consensus,verified,,hook,strong,no
std3D_AllocSystemTexture,func,std,0x004bd950,0x004bd870,consensus+review,verified,,hook,strong,no
std3D_GetValidDimensions,func,std,0x004bdf80,0x004bdea0,consensus,verified,,hook,strong,no
std3D_ClearSystemTexture,func,std,0x004bdfe0,0x004bdf00,consensus,verified,,hook,strong,no
std3D_AddToTextureCache,func,std,0x004be020,0x004bdf40,consensus+review,verified,,hook,strong,no
std3D_GetMipMapCount,func,std,0x004be340,0x004be260,consensus,verified,,hook,strong,no
std3D_ResetTextureCache,func,std,0x004be3c0,0x004be2e0,consensus,verified,,hook,strong,no
std3D_UpdateFrameCount,func,std,0x004be480,0x004be3a0,consensus,verified,,hook,strong,no
std3D_FindClosestFormat,func,std,0x004be4b0,0x004be3d0,consensus+review,verified,,hook,weak,no
std3D_InitRenderState,func,std,0x004be600,0x004be520,consensus,verified,,hook,strong,no
std3D_SetMipmapFilter,func,std,0x004bea70,0x004be990,consensus,verified,,hook,strong,no
std3D_SetProjection,func,std,0x004beb20,0x004bea40,consensus,verified,,hook,strong,no
std3D_EnableFog,func,std,0x004bec10,0x004beb30,consensus,verified,,hook,strong,no
std3D_SetFog,func,std,0x004bec70,0x004beb90,consensus,verified,,hook,strong,no
std3D_ClearZBuffer,func,std,0x004bed80,0x004beca0,consensus+review,verified,,hook,strong,no
std3D_CreateViewport,func,std,0x004bede0,0x004bed00,consensus,verified,,hook,strong,no
std3D_GetZBufferFormat,func,std,0x004bf010,0x004bef30,consensus+review,verified,,hook,weak,no
std3D_EnumZBufferFormatsCallback,func,std,0x004bf060,0x004bef80,interpolated+review,verified,,hook,weak,yes
std3D_D3DEnumDevicesCallback,func,std,0x004bf0a0,0x004befc0,interpolated+review,verified,,hook,strong,yes
std3D_EnumTextureFormatsCallback,func,std,0x004bf400,0x004bf320,interpolated+review,verified,,hook,strong,yes
std3D_AddTextureToCacheList,func,std,0x004bf8b0,0x004bf7d0,consensus,verified,,hook,strong,no
std3D_RemoveTextureFromCacheList,func,std,0x004bf920,0x004bf840,consensus,verified,,hook,strong,no
std3D_PurgeTextureCache,func,std,0x004bf9e0,0x004bf900,consensus,verified,,hook,strong,no
std3D_D3DGetStatus,func,std,0x004bfaa0,0x004bf9c0,consensus,verified,,hook,strong,no
std3D_BuildDisplayEnvironment,func,std,0x004bfad0,0x004bf9f0,consensus+review,verified,,hook,strong,no
std3D_FreeDisplayEnvironment,func,std,0x004bfd80,0x004bfca0,consensus,verified,,hook,strong,no
std3D_SetFindAllDevices,func,std,0x004bfe00,0x004bfd20,consensus,verified,,hook,strong,no
stdHashtbl_New,func,std,0x004bfe10,0x004bfd30,consensus,verified,,hook,strong,no
CalculateHash,func,std,0x004bfe90,0x004bfdb0,callers,verified,,hook,strong,yes
GetNextPrime,func,std,0x004bff10,0x004bfe30,callers,verified,,hook,strong,no
isPrime,func,std,0x004bff80,0x004bfea0,consensus,verified,,hook,strong,no
stdHashtbl_nextPrime,func,std,0x004bffc0,0x004bfee0,consensus,verified,,hook,strong,no
stdHashtbl_Free,func,std,0x004c0010,0x004bff30,consensus,verified,,hook,strong,no
stdHashtbl_FreeListNodes,func,std,0x004c0070,0x004bff90,consensus,verified,,hook,strong,no
stdHashtbl_Add,func,std,0x004c0090,0x004bffb0,consensus,verified,,hook,strong,no
stdHashtbl_GetTailNode,func,std,0x004c0190,0x004c00b0,consensus+review,verified,,hook,strong,no
stdHashtbl_Find,func,std,0x004c01d0,0x004c00f0,consensus,verified,,hook,strong,yes
stdHashtbl_FindNode,func,std,0x004c0200,0x004c0120,consensus,verified,,hook,strong,no
stdHashtbl_Remove,func,std,0x004c0280,0x004c01a0,consensus,verified,,hook,strong,no
stdPlatform_InitServices,func,std,0x004c0350,0x004c0270,consensus,verified,,hook,strong,no
stdPlatform_ClearServices,func,std,0x004c0420,0x004c0340,consensus,verified,,hook,strong,no
stdPlatform_GetTimeMsec,func,std,0x004c0440,,manual,verified,,hook,strong,
stdPlatform_Assert,func,std,0x004c0450,0x004c0360,manual,verified,,hook,strong,yes
stdPlatform_Printf,func,std,0x004c0520,0x004c0430,manual,verified,,hook,strong,yes
stdPlatform_AllocHandle,func,std,0x004c0550,0x004c0460,manual,verified,,hook,strong,yes
stdPlatform_FreeHandle,func,std,0x004c0560,0x004c0470,manual,verified,,hook,strong,yes
stdPlatform_ReallocHandle,func,std,0x004c0570,0x004c0480,manual,verified,,hook,strong,yes
stdPlatform_LockHandle,func,std,0x004c0590,0x004c04a0,manual,verified,,hook,strong,yes
stdFileOpen,func,std,0x004c05a0,0x004c04c0,manual,verified,,hook,strong,yes
stdFileClose,func,std,0x004c05c0,0x004c04e0,manual,verified,,hook,strong,yes
stdFileRead,func,std,0x004c05d0,0x004e9fa0,manual,verified,,hook,strong,yes
stdFileWrite,func,std,0x004c05f0,0x004e9fc0,manual,verified,,hook,strong,yes
stdFileGets,func,std,0x004c0610,0x004c04f0,manual,verified,-0x50,hook,strong,yes
stdFileGetws,func,std,0x004c0630,0x004c0510,manual,verified,,hook,strong,yes
stdFileEof,func,std,0x004c0650,0x004c0530,manual,verified,,hook,strong,yes
stdFileTell,func,std,0x004c0660,0x004e9fe0,manual,verified,,hook,strong,yes
stdFileSize,func,std,0x004c0670,0x004c0540,manual,verified,,hook,strong,yes
stdFilePrintf,func,std,0x004c06c0,0x004c0590,manual,verified,,hook,strong,yes
stdGob_Startup,func,std,0x004c0700,0x004c05d0,consensus+review,verified,,hook,weak,no
stdGob_Shutdown,func,std,0x004c0750,0x004c0620,consensus+review,verified,,hook,strong,no
stdGob_Load,func,std,0x004c07a0,0x004c0670,consensus+review,verified,,hook,strong,no
stdGob_LoadEntry,func,std,0x004c0840,0x004c0710,consensus+review,verified,,hook,strong,no
stdGob_Free,func,std,0x004c0c10,0x004c0ae0,consensus+review,verified,,hook,strong,no
stdGob_FreeEntry,func,std,0x004c0c60,0x004c0b30,consensus,verified,,hook,strong,no
stdGob_FileOpen,func,std,0x004c0d20,0x004c0bf0,consensus,verified,,hook,strong,no
stdGob_FileClose,func,std,0x004c0e10,0x004c0ce0,consensus,verified,,hook,strong,no
stdGob_FileSeek,func,std,0x004c0e60,0x004c0d30,consensus,verified,,hook,strong,no
stdGob_FileTell,func,std,0x004c0ee0,0x004c0db0,consensus,verified,,hook,strong,no
stdGob_FileEOF,func,std,0x004c0f10,0x004c0de0,consensus,verified,,hook,strong,no
stdGob_FileRead,func,std,0x004c0f50,0x004c0e20,consensus,verified,,hook,strong,no
stdGob_FileGets,func,std,0x004c0fd0,0x004c0ea0,consensus,verified,,hook,strong,no
stdFileUtil_NewFind,func,std,0x004c1070,0x004c0f40,consensus,verified,,hook,strong,no
stdFileUtil_DisposeFind,func,std,0x004c1110,0x004c0fe0,consensus,verified,,hook,strong,no
stdFileUtil_FindNext,func,std,0x004c1140,0x004c1010,consensus,verified,,hook,strong,no
stdFileUtil_MkDir,func,std,0x004c1200,0x004c10d0,consensus,verified,,hook,strong,no
stdFileUtil_FileExists,func,std,0x004c1210,0x004c10e0,consensus,verified,,hook,strong,no
stdMath_FlexPower,func,std,0x004c1240,0x004c1110,consensus+review,verified,,hook,weak,no
stdMath_NormalizeAngle,func,std,0x004c1280,0x004c1150,consensus,verified,,hook,strong,no
stdMath_NormalizeAngleAcute,func,std,0x004c1360,0x004c1230,consensus,verified,,hook,strong,no
stdMath_SinCos,func,std,0x004c13a0,0x004c1270,consensus,verified,,hook,strong,no
stdMath_Tan,func,std,0x004c1780,0x004c1650,consensus,verified,,hook,strong,no
stdMath_ArcSin1,func,std,0x004c1a10,0x004c18e0,consensus,verified,,hook,strong,no
stdMath_ArcSin3,func,std,0x004c1b10,0x004c19e0,consensus,verified,,hook,strong,no
stdMath_ArcTan4,func,std,0x004c1c60,0x004c1b30,consensus,verified,,hook,strong,no
stdMath_Dist2D1,func,std,0x004c1e30,0x004c1d00,consensus+review,verified,,hook,weak,no
stdMath_Dist3D1,func,std,0x004c1ee0,0x004c1db0,consensus,verified,,hook,strong,no
stdEffect_Startup,func,std,0x004c2000,0x004c1ed0,consensus,verified,,hook,strong,no
stdEffect_Reset,func,std,0x004c2010,0x004c1ee0,interpolated+review,verified,,hook,strong,no
stdEffect_SetFadeFactor,func,std,0x004c2030,0x004c1f00,consensus+review,verified,,hook,weak,no
stdEffect_GetFadeFactor,func,std,0x004c2050,0x004c1f20,consensus,verified,,hook,strong,no
stdCircBuf_New,func,std,0x004c2060,0x004c1f30,consensus,verified,,hook,strong,no
stdCircBuf_Free,func,std,0x004c2120,0x004c1ff0,consensus,verified,,hook,strong,no
stdCircBuf_Purge,func,std,0x004c2150,0x004c2020,consensus,verified,,hook,strong,no
stdCircBuf_GetNextElement,func,std,0x004c21a0,0x004c2070,consensus,verified,,hook,strong,no
stdConsole_Startup,func,std,0x004c2270,0x004c2140,consensus,verified,,hook,strong,no
stdConsole_Shutdown,func,std,0x004c2350,0x004c2220,consensus,verified,,hook,strong,no
stdConsole_SetAttributes,func,std,0x004c2360,0x004c2230,consensus+review,verified,,hook,weak,no
stdConsole_SetConsoleTextAttribute,func,std,0x004c2380,0x004c2250,consensus,verified,,hook,strong,no
stdConsole_InitOutputConsole,func,std,0x004c23a0,0x004c2270,consensus,verified,,hook,strong,no
stdConsole_WriteConsole,func,std,0x004c2400,0x004c22d0,consensus,verified,,hook,strong,no
stdStrTable_Load,func,std,0x004c2440,0x004c2310,consensus+review,verified,,hook,strong,no
stdStrTable_ParseLiteral,func,std,0x004c28a0,0x004c2770,consensus,verified,,hook,strong,no
stdStrTable_Free,func,std,0x004c28e0,0x004c27b0,consensus,verified,,hook,strong,no
stdStrTable_GetValue,func,std,0x004c2970,0x004c2840,consensus,verified,,hook,strong,no
stdStrTable_GetValueOrKey,func,std,0x004c29c0,0x004c2890,consensus,verified,,hook,strong,no
stdStrTable_ReadLine,func,std,0x004c2a20,0x004c28f0,consensus,verified,,hook,strong,no
stdComm_Send,func,std,0x004c2af0,0x004c29c0,consensus,verified,,hook,strong,no
stdComm_Receive,func,std,0x004c2ba0,0x004c2a70,consensus+review,verified,,hook,strong,no
stdComm_CloseGame,func,std,0x004c2ca0,0x004c2b70,consensus,verified,,hook,strong,no
stdComm_RejoinSession,func,std,0x004c2cf0,0x004c2bc0,consensus+review,verified,,hook,strong,no
stdComm_GetSessionSettings,func,std,0x004c2eb0,0x004c2d80,consensus+review,verified,,hook,strong,no
stdComm_IsGameActive,func,std,0x004c2fe0,0x004c2eb0,consensus,verified,,hook,strong,no
stdComm_IsGameHost,func,std,0x004c2ff0,0x004c2ec0,consensus,verified,,hook,strong,no
stdComm_UpdatePlayers,func,std,0x004c3000,0x004c2ed0,consensus+review,verified,,hook,strong,no
stdComm_CreatePlayer,func,std,0x004c30e0,0x004c2fb0,consensus+review,verified,,hook,strong,no
stdComm_DestroyPlayer,func,std,0x004c31b0,0x004c3080,consensus+review,verified,,hook,strong,no
stdComm_GetNumPlayers,func,std,0x004c3260,0x004c3130,consensus,verified,,hook,strong,no
stdComm_VerifyPlayer,func,std,0x004c3270,0x004c3140,consensus,verified,,hook,strong,no
stdComm_GetPlayerID,func,std,0x004c32b0,0x004c3180,consensus,verified,,hook,strong,no
stdComm_EnumPlayersCallback,func,std,0x004c32d0,0x004c31a0,callers+review,verified,,hook,strong,yes
stdComm_ProcessSystemMessage,func,std,0x004c3390,0x004c3260,consensus,verified,,hook,strong,no
stdComm_SessionToSettings,func,std,0x004c3560,0x004c3430,consensus,verified,,hook,strong,no
stdComm_DPGetStatus,func,std,0x004c3660,0x004c3530,consensus,verified,,hook,strong,no
stdColor_ColorConvertOneRow,func,std,0x004c3690,0x004c3560,consensus,verified,,hook,strong,no
stdLinkList_AddNode,func,std,0x004c3990,0x004c3860,consensus+review,verified,,hook,strong,no
stdLinkList_RemoveNode,func,std,0x004c3a20,0x004c38f0,consensus,verified,,hook,strong,no
wuRegistry_Startup,func,w32util,0x004c3a70,0x004c3940,consensus,verified,,hook,strong,no
wuRegistry_Shutdown,func,w32util,0x004c3b60,0x004c3a30,consensus,verified,,hook,strong,no
wuRegistry_SaveInt,func,w32util,0x004c3b80,0x004c3a50,consensus,verified,,hook,strong,no
wuRegistry_SaveFloat,func,w32util,0x004c3c70,0x004c3b40,consensus+review,verified,,hook,weak,no
wuRegistry_GetInt,func,w32util,0x004c3d60,0x004c3c30,consensus,verified,,hook,strong,no
wuRegistry_GetFloat,func,w32util,0x004c3e60,0x004c3d30,consensus+review,verified,,hook,weak,no
wuRegistry_SaveBool,func,w32util,0x004c3f50,0x004c3e20,consensus,verified,,hook,strong,no
wuRegistry_GetBool,func,w32util,0x004c3f90,0x004c3e60,consensus,verified,,hook,strong,no
wuRegistry_SaveStr,func,w32util,0x004c3fd0,0x004c3ea0,consensus+review,verified,,hook,weak,no
wuRegistry_GetStr,func,w32util,0x004c40d0,0x004c3fa0,consensus+review,verified,,hook,weak,no
wkernel_Run,func,wkernel,0x004c41f0,0x004c40c0,consensus,verified,,hook,strong,no
wkernel_PeekProcessEvents,func,wkernel,0x004c42b0,0x004c4180,consensus,verified,,hook,strong,no
wkernel_ProcessEvents,func,wkernel,0x004c4340,0x004c4210,interpolated+review,verified,,hook,weak,no
wkernel_SetWindowStyle,func,wkernel,0x004c43b0,0x004c4280,consensus+review,verified,,hook,weak,no
wkernel_SetWindowSize,func,wkernel,0x004c4400,0x004c42d0,consensus,verified,,hook,strong,no
wkernel_SetWindowProc,func,wkernel,0x004c4430,0x004c4300,consensus,verified,,hook,strong,no
wkernel_CreateWindow,func,wkernel,0x004c4440,0x004c4310,consensus+review,verified,,hook,strong,no
wkernel_MainWndProc,func,wkernel,0x004c4580,0x004c4450,callers,verified,,hook,strong,yes
rdFont_Load,func,rdroid,0x004c4610,0x004c44e0,consensus,verified,,hook,strong,no
rdFont_LoadEntry,func,rdroid,0x004c4850,0x004c4720,consensus+review,verified,,hook,strong,no
rdFont_LoadMaterial,func,rdroid,0x004c49a0,0x004c4870,consensus,verified,,hook,strong,no
rdFont_Free,func,rdroid,0x004c4a00,0x004c48d0,consensus,verified,,hook,strong,no
rdFont_SetFontColor,func,rdroid,0x004c4a40,0x004c4910,consensus,verified,,hook,strong,no
rdFont_GetWrapLine,func,rdroid,0x004c4a90,0x004c4960,consensus,verified,,hook,strong,no
rdFont_GetTextWidth,func,rdroid,0x004c4b80,0x004c4a50,consensus,verified,,hook,strong,no
rdFont_DrawTextLine,func,rdroid,0x004c4bf0,0x004c4ac0,consensus,verified,,hook,strong,no
rdFont_DrawChar,func,rdroid,0x004c4e40,0x004c4d10,consensus+review,verified,,hook,weak,no
rdFont_DrawTextLineClipped,func,rdroid,0x004c5090,0x004c4f60,consensus+review,verified,,hook,weak,no
rdFont_Startup,func,rdroid,0x004c5300,0x004c51d0,consensus,verified,,hook,strong,no
rdFont_Shutdown,func,rdroid,0x004c5340,0x004c5210,consensus,verified,,hook,strong,no
rdFont_Open,func,rdroid,0x004c5390,0x004c5260,consensus,verified,,hook,strong,no
rdFont_Close,func,rdroid,0x004c53e0,0x004c52b0,consensus,verified,,hook,strong,no
rdCamera_New,func,rdroid,0x004c5420,0x004c52f0,consensus+review,verified,,hook,strong,no
rdCamera_NewEntry,func,rdroid,0x004c5490,0x004c5360,consensus+review,verified,,hook,strong,no
rdCamera_Free,func,rdroid,0x004c55b0,0x004c5480,consensus+review,verified,,hook,strong,no
rdCamera_FreeEntry,func,rdroid,0x004c5600,0x004c54d0,consensus,verified,,hook,strong,no
rdCamera_SetCanvas,func,rdroid,0x004c5620,0x004c54f0,consensus,verified,,hook,strong,no
rdCamera_SetCurrent,func,rdroid,0x004c5680,0x004c5550,consensus,verified,,hook,strong,no
rdCamera_SetFOV,func,rdroid,0x004c56a0,0x004c5570,consensus,verified,,hook,strong,no
rdCamera_SetProjectType,func,rdroid,0x004c56f0,0x004c55c0,consensus,verified,,hook,strong,no
rdCamera_SetAspectRatio,func,rdroid,0x004c5770,0x004c5640,consensus,verified,,hook,strong,no
rdCamera_BuildFOV,func,rdroid,0x004c5820,0x004c56f0,consensus,verified,,hook,strong,no
rdCamera_BuildClipFrustrum,func,rdroid,0x004c5a20,0x004c58f0,consensus,verified,,hook,strong,no
rdCamera_SetFrustrum,func,rdroid,0x004c5ac0,0x004c5990,consensus,verified,,hook,strong,no
rdCamera_Update,func,rdroid,0x004c5c10,0x004c5ae0,consensus,verified,,hook,strong,no
rdCamera_OrthoProject,func,rdroid,0x004c5c50,0x004c5b20,interpolated,verified,,hook,weak,yes
rdCamera_OrthoProjectLst,func,rdroid,0x004c5c90,0x004c5b60,interpolated,verified,,hook,weak,yes
rdCamera_OrthoProjectSquare,func,rdroid,0x004c5d10,0x004c5be0,interpolated,verified,,hook,weak,yes
rdCamera_OrthoProjectSquareLst,func,rdroid,0x004c5d50,0x004c5c20,interpolated,verified,,hook,weak,yes
rdCamera_PerspProject,func,rdroid,0x004c5dc0,0x004c5c90,consensus,verified,,hook,strong,yes
rdCamera_PerspProjectLst,func,rdroid,0x004c5e00,0x004c5cd0,interpolated,verified,,hook,weak,yes
rdCamera_PerspProjectSquare,func,rdroid,0x004c5e80,0x004c5d50,interpolated,verified,,hook,weak,yes
rdCamera_PerspProjectSquareLst,func,rdroid,0x004c5ec0,0x004c5d90,interpolated,verified,,hook,weak,yes
rdCamera_SetAmbientLight,func,rdroid,0x004c5f40,0x004c5e10,consensus,verified,,hook,strong,no
rdCamera_SetAttenuation,func,rdroid,0x004c5f70,0x004c5e40,consensus,verified,,hook,strong,no
rdCamera_AddLight,func,rdroid,0x004c5ff0,0x004c5ec0,consensus,verified,,hook,strong,no
rdCamera_ClearLights,func,rdroid,0x004c6090,0x004c5f60,consensus,verified,,hook,strong,no
rdCamera_sub_4C60B0,func,rdroid,0x004c60b0,0x004c5f80,consensus,verified,,hook,strong,no
rdSetServices,func,rdroid,0x004c60c0,0x004c5f90,consensus,verified,,hook,strong,no
rdClearServices,func,rdroid,0x004c60d0,0x004c5fa0,consensus,verified,,hook,strong,no
rdStartup,func,rdroid,0x004c60e0,0x004c5fb0,interpolated+review,verified,,hook,strong,no
rdShutdown,func,rdroid,0x004c6130,0x004c6000,consensus,verified,,hook,strong,no
rdOpen,func,rdroid,0x004c6150,0x004c6020,interpolated,verified,,hook,weak,no
rdClose,func,rdroid,0x004c61d0,0x004c60a0,consensus,verified,,hook,strong,no
rdSetRenderOptions,func,rdroid,0x004c6200,0x004c60d0,consensus,verified,,hook,strong,no
rdSetGeometryMode,func,rdroid,0x004c6210,0x004c60e0,consensus,verified,,hook,strong,no
rdSetLightingMode,func,rdroid,0x004c6220,0x004c60f0,consensus,verified,,hook,strong,no
rdGetRenterOptions,func,rdroid,0x004c6230,0x004c6100,consensus,verified,,hook,strong,no
rdCanvas_New,func,rdroid,0x004c6240,0x004c6110,consensus+review,verified,,hook,strong,no
rdCanvas_NewEntry,func,rdroid,0x004c62b0,0x004c6180,consensus,verified,,hook,strong,no
rdCanvas_Free,func,rdroid,0x004c6360,0x004c6230,consensus+review,verified,,hook,strong,no
rdWallpaper_New,func,rdroid,0x004c63b0,0x004c6280,consensus,verified,,hook,strong,no
rdWallpaper_Free,func,rdroid,0x004c6490,0x004c6360,consensus,verified,,hook,strong,no
rdWallpaper_Draw,func,rdroid,0x004c64d0,0x004c63a0,consensus,verified,,hook,strong,no
rdWallpaper_NewWallLine,func,rdroid,0x004c6920,0x004c67f0,consensus+review,verified,,hook,strong,no
rdWallpaper_FreeWallLine,func,rdroid,0x004c6a30,0x004c6900,consensus,verified,,hook,strong,no
rdWallpaper_DrawWallLine,func,rdroid,0x004c6a70,0x004c6940,consensus,verified,,hook,strong,no
rdCache_Startup,func,rdroid,0x004c6d60,0x004c6c30,consensus,verified,,hook,strong,no
rdCache_AdvanceFrame,func,rdroid,0x004c6d80,0x004c6c50,consensus,verified,,hook,strong,no
rdCache_GetFrameNum,func,rdroid,0x004c6db0,0x004c6c80,consensus,verified,,hook,strong,no
rdCache_GetProcEntry,func,rdroid,0x004c6dc0,0x004c6c90,consensus,verified,,hook,strong,no
rdCache_GetAlphaProcEntry,func,rdroid,0x004c6e10,0x004c6ce0,consensus,verified,,hook,strong,no
rdCache_Flush,func,rdroid,0x004c6e60,0x004c6d30,consensus,verified,,hook,strong,no
rdCache_FlushAlpha,func,rdroid,0x004c6ee0,0x004c6db0,consensus,verified,,hook,strong,no
rdCache_AddProcFace,func,rdroid,0x004c6f60,0x004c6e30,consensus,verified,,hook,strong,no
rdCache_AddAlphaProcFace,func,rdroid,0x004c6f90,0x004c6e60,consensus,verified,,hook,strong,no
rdCache_SendFaceListToHardware,func,rdroid,0x004c7000,0x004c6ed0,consensus,verified,,hook,strong,no
rdCache_SendWireframeFaceListToHardware,func,rdroid,0x004c7580,0x004c7450,consensus,verified,,hook,strong,no
rdCache_AddToTextureCache,func,rdroid,0x004c7640,0x004c7510,consensus,verified,,hook,strong,no
rdCache_ProcFaceDistanceCompare,func,rdroid,0x004c7670,0x004c7540,callers,verified,,hook,strong,yes
rdCache_ProcFaceCompare,func,rdroid,0x004c7690,0x004c7560,callers,verified,,hook,strong,yes
rdMatrix_Build34,func,rdroid,0x004c76d0,0x004c75a0,consensus,verified,,hook,strong,no
rdMatrix_BuildFromLook34,func,rdroid,0x004c77f0,0x004c76c0,consensus,verified,,hook,strong,no
rdMatrix_InvertOrtho34,func,rdroid,0x004c7990,0x004c7860,consensus,verified,,hook,strong,no
rdMatrix_BuildRotate34,func,rdroid,0x004c7a50,0x004c7920,consensus,verified,,hook,strong,no
rdMatrix_BuildTranslate34,func,rdroid,0x004c7b70,0x004c7a40,consensus,verified,,hook,strong,no
rdMatrix_BuildScale34,func,rdroid,0x004c7ba0,0x004c7a70,consensus,verified,,hook,strong,no
rdMatrix_BuildFromVectorAngle34,func,rdroid,0x004c7be0,0x004c7ab0,consensus,verified,,hook,strong,no
rdMatrix_LookAt,func,rdroid,0x004c7e00,0x004c7cd0,consensus,verified,,hook,strong,no
rdMatrix_ExtractAngles34,func,rdroid,0x004c7fc0,0x004c7e90,consensus,verified,,hook,strong,no
rdMatrix_Normalize34,func,rdroid,0x004c81d0,0x004c80a0,consensus,verified,,hook,strong,no
rdMatrix_Copy34,func,rdroid,0x004c8280,0x004c8150,consensus+review,verified,,hook,weak,no
rdMatrix_Multiply34,func,rdroid,0x004c82a0,0x004c8170,consensus,verified,,hook,strong,no
rdMatrix_PreMultiply34,func,rdroid,0x004c84a0,0x004c8370,consensus,verified,,hook,strong,no
rdMatrix_PostMultiply34,func,rdroid,0x004c8690,0x004c8560,consensus,verified,,hook,strong,no
rdMatrix_PreRotate34,func,rdroid,0x004c8880,0x004c8750,consensus,verified,,hook,strong,no
rdMatrix_PostRotate34,func,rdroid,0x004c88b0,0x004c8780,consensus,verified,,hook,strong,no
rdMatrix_PreTranslate34,func,rdroid,0x004c88e0,0x004c87b0,consensus,verified,,hook,strong,no
rdMatrix_PostTranslate34,func,rdroid,0x004c8910,0x004c87e0,consensus,verified,,hook,strong,no
rdMatrix_PostScale34,func,rdroid,0x004c8940,0x004c8810,consensus,verified,,hook,strong,no
rdMatrix_TransformVector34,func,rdroid,0x004c8970,0x004c8840,consensus,verified,,hook,strong,no
rdMatrix_TransformVectorOrtho34,func,rdroid,0x004c8a00,0x004c88d0,consensus,verified,,hook,strong,no
rdMatrix_TransformVector34Acc,func,rdroid,0x004c8a90,0x004c8960,consensus,verified,,hook,strong,no
rdMatrix_TransformPoint34,func,rdroid,0x004c8b30,0x004c8a00,consensus,verified,,hook,strong,no
rdMatrix_TransformPoint34Acc,func,rdroid,0x004c8bc0,0x004c8a90,consensus,verified,,hook,strong,no
rdMatrix_TransformPointList34,func,rdroid,0x004c8c60,0x004c8b30,consensus,verified,,hook,strong,no
rdMaterial_RegisterLoader,func,rdroid,0x004c8d00,0x004c8bd0,consensus,verified,,hook,strong,no
rdMaterial_Load,func,rdroid,0x004c8d10,0x004c8be0,consensus,verified,,hook,strong,no
rdMaterial_LoadEntry,func,rdroid,0x004c8da0,0x004c8c70,consensus+review,verified,,hook,strong,no
rdMaterial_Free,func,rdroid,0x004c9240,0x004c9110,consensus,verified,,hook,strong,no
rdMaterial_FreeEntry,func,rdroid,0x004c9290,0x004c9160,consensus,verified,,hook,strong,no
rdMaterial_GetMaterialMemUsage,func,rdroid,0x004c9300,0x004c91d0,consensus,verified,,hook,strong,no
rdMaterial_GetMipSize,func,rdroid,0x004c9340,0x004c9210,consensus,verified,,hook,strong,no
rdThing_New,func,rdroid,0x004c9360,0x004c9230,consensus,verified,,hook,strong,no
rdThing_NewEntry,func,rdroid,0x004c93b0,0x004c9280,consensus,verified,,hook,strong,no
rdThing_Free,func,rdroid,0x004c93e0,0x004c92b0,consensus+review,verified,,hook,strong,no
rdThing_FreeEntry,func,rdroid,0x004c9430,0x004c9300,consensus,verified,,hook,strong,no
rdThing_SetModel3,func,rdroid,0x004c94b0,0x004c9380,consensus+review,verified,,hook,strong,no
rdThing_SetSprite3,func,rdroid,0x004c9650,0x004c9520,consensus,verified,,hook,strong,no
rdThing_SetPolyline,func,rdroid,0x004c96b0,0x004c9580,consensus,verified,,hook,strong,no
rdThing_SetParticleCloud,func,rdroid,0x004c9710,0x004c95e0,consensus,verified,,hook,strong,no
rdThing_Draw,func,rdroid,0x004c9770,0x004c9640,consensus,verified,,hook,strong,no
rdThing_AccumulateMatrices,func,rdroid,0x004c9810,0x004c96e0,consensus,verified,,hook,strong,no
rdModel3_RegisterLoader,func,rdroid,0x004c9910,0x004c97e0,consensus,verified,,hook,strong,no
rdModel3_NewEntry,func,rdroid,0x004c9920,0x004c97f0,consensus,verified,,hook,strong,no
rdModel3_LoadEntry,func,rdroid,0x004c9950,0x004c9820,consensus+review,verified,,hook,strong,no
rdModel3_FreeEntry,func,rdroid,0x004cab70,0x004caa40,consensus,verified,,hook,strong,no
rdModel3_FreeEntryGeometryOnly,func,rdroid,0x004cacf0,0x004cabc0,consensus,verified,,hook,strong,no
rdModel3_BuildExpandedRadius,func,rdroid,0x004cae50,0x004cad20,consensus,verified,,hook,strong,no
rdModel3_GetMeshMatrix,func,rdroid,0x004cafd0,0x004caea0,consensus,verified,,hook,strong,no
rdModel3_ReplaceMesh,func,rdroid,0x004cb0b0,0x004caf80,consensus,verified,,hook,strong,no
rdModel3_SwapMesh,func,rdroid,0x004cb100,0x004cafd0,consensus+review,verified,,hook,strong,no
rdModel3_GetThingColor,func,rdroid,0x004cb1d0,0x004cb0a0,consensus+review,verified,,hook,strong,no
rdModel3_SetModelColor,func,rdroid,0x004cb260,0x004cb130,consensus,verified,,hook,strong,no
rdModel3_SetThingColor,func,rdroid,0x004cb280,0x004cb150,consensus,verified,,hook,strong,no
rdModel3_SetNodeColor,func,rdroid,0x004cb2c0,0x004cb190,consensus,verified,,hook,strong,no
rdModel3_SetNodeColorForNonAmputatedJoints,func,rdroid,0x004cb350,0x004cb220,consensus,verified,,hook,strong,no
rdModel3_Draw,func,rdroid,0x004cb3f0,0x004cb2c0,consensus,verified,,hook,strong,no
rdModel3_DrawHNode,func,rdroid,0x004cb530,0x004cb400,consensus,verified,,hook,strong,no
rdModel3_DrawMesh,func,rdroid,0x004cb610,0x004cb4e0,consensus,verified,,hook,strong,no
rdModel3_DrawFace,func,rdroid,0x004cb920,0x004cb7f0,interpolated,verified,,hook,weak,yes
rdModel3_EnableFogRendering,func,rdroid,0x004cbb80,0x004cba50,consensus,verified,,hook,strong,no
rdVector_Set3,func,rdroid,0x004cbba0,0x004cba70,consensus,verified,,hook,strong,no
rdVector_Set4,func,rdroid,0x004cbbc0,0x004cba90,consensus,verified,,hook,strong,no
rdVector_Neg3,func,rdroid,0x004cbbe0,0x004cbab0,consensus,verified,,hook,strong,no
rdVector_Add3Acc,func,rdroid,0x004cbc00,0x004cbad0,consensus,verified,,hook,strong,no
rdVector_Dot3,func,rdroid,0x004cbc30,0x004cbb00,consensus,verified,,hook,strong,no
rdVector_Len3,func,rdroid,0x004cbc60,0x004cbb30,consensus,verified,,hook,strong,no
rdVector_Normalize3,func,rdroid,0x004cbca0,0x004cbb70,consensus,verified,,hook,strong,no
rdVector_Normalize2Acc,func,rdroid,0x004cbd30,0x004cbc00,consensus,verified,,hook,strong,no
rdVector_Normalize3Acc,func,rdroid,0x004cbd80,0x004cbc50,consensus,verified,,hook,strong,no
rdVector_Normalize3QuickAcc,func,rdroid,0x004cbdf0,0x004cbcc0,consensus,verified,,hook,strong,no
rdVector_InvScale3,func,rdroid,0x004cbfb0,0x004cbe80,consensus,verified,,hook,strong,no
rdVector_Rotate3,func,rdroid,0x004cbfe0,0x004cbeb0,consensus,verified,,hook,strong,no
rdVector_Rotate3Acc,func,rdroid,0x004cc010,0x004cbee0,consensus,verified,,hook,strong,no
rdPrimit2_DrawClippedLine,func,rdroid,0x004cc040,0x004cbf10,consensus,verified,,hook,strong,no
rdPrimit2_Reset,func,rdroid,0x004cc2d0,0x004cc1a0,consensus,verified,,hook,strong,no
rdPrimit2_DrawClippedLine2,func,rdroid,0x004cc2f0,0x004cc1c0,consensus,verified,,hook,strong,no
rdPrimit2_DrawClippedCircle,func,rdroid,0x004cc360,0x004cc230,consensus,verified,,hook,strong,no
rdPrimit2_DrawClippedCircle2,func,rdroid,0x004cc4b0,0x004cc380,consensus,verified,,hook,strong,no
rdPuppet_New,func,rdroid,0x004cc5a0,0x004cc470,consensus,verified,,hook,strong,no
rdPuppet_NewEntry,func,rdroid,0x004cc610,0x004cc4e0,consensus,verified,,hook,strong,no
rdPuppet_Free,func,rdroid,0x004cc670,0x004cc540,consensus+review,verified,,hook,strong,no
rdPuppet_AddTrack,func,rdroid,0x004cc6c0,0x004cc590,consensus,verified,,hook,strong,no
rdPuppet_RemoveTrack,func,rdroid,0x004cc7a0,0x004cc670,consensus,verified,,hook,strong,no
rdPuppet_SetStatus,func,rdroid,0x004cc860,0x004cc730,consensus,verified,,hook,strong,no
rdPuppet_SetCallback,func,rdroid,0x004cc8d0,0x004cc7a0,consensus,verified,,hook,strong,no
rdPuppet_PlayTrack,func,rdroid,0x004cc930,0x004cc800,consensus,verified,,hook,strong,no
rdPuppet_FadeInTrack,func,rdroid,0x004cc9c0,0x004cc890,consensus,verified,,hook,strong,no
rdPuppet_FadeOutTrack,func,rdroid,0x004cca80,0x004cc950,consensus,verified,,hook,strong,no
rdPuppet_SetTrackSpeed,func,rdroid,0x004ccb40,0x004cca10,consensus,verified,,hook,strong,no
rdPuppet_AdvanceTrack,func,rdroid,0x004ccba0,0x004cca70,consensus+review,verified,,hook,strong,no
rdPuppet_UpdateTracks,func,rdroid,0x004ccf40,0x004cce10,consensus,verified,,hook,strong,no
rdPuppet_ResetTrack,func,rdroid,0x004cd020,0x004ccef0,consensus,verified,,hook,strong,no
rdPuppet_BuildJointMatrices,func,rdroid,0x004cd090,0x004ccf60,consensus+review,verified,,hook,strong,no
rdMath_DistancePointToPlane,func,rdroid,0x004cd9b0,0x004cd880,consensus,verified,,hook,strong,no
rdMath_DeltaAngleNormalized,func,rdroid,0x004cd9f0,0x004cd8c0,consensus,verified,,hook,strong,no
rdPrimit3_DrawClippedCircle,func,rdroid,0x004cdb00,0x004cd9d0,consensus,verified,,hook,strong,no
rdPrimit3_ClipFace,func,rdroid,0x004cdbd0,0x004cdaa0,consensus,verified,,hook,strong,no
rdKeyframe_RegisterLoader,func,rdroid,0x004ce5f0,0x004ce4c0,consensus,verified,,hook,strong,no
rdKeyframe_NewEntry,func,rdroid,0x004ce600,0x004ce4d0,consensus,verified,,hook,strong,no
rdKeyframe_LoadEntry,func,rdroid,0x004ce630,0x004ce500,consensus+review,verified,,hook,strong,no
rdKeyframe_FreeEntry,func,rdroid,0x004cec10,0x004ceae0,consensus,verified,,hook,strong,no
rdLight_NewEntry,func,rdroid,0x004cec70,0x004ceb40,consensus,verified,,hook,strong,no
rdLight_CalcVertexIntensities,func,rdroid,0x004cecb0,0x004ceb80,consensus,verified,,hook,strong,no
rdLight_CalcFaceIntensity,func,rdroid,0x004cee90,0x004ced60,consensus,verified,,hook,strong,no
rdLight_GetIntensity,func,rdroid,0x004cefd0,0x004ceea0,consensus,verified,,hook,strong,no
rdClip_Line2,func,rdroid,0x004ceff0,0x004ceec0,consensus,verified,,hook,strong,no
rdClip_CalcOutcode2,func,rdroid,0x004cf260,0x004cf130,consensus,verified,,hook,strong,no
rdClip_Line2Ex,func,rdroid,0x004cf2a0,0x004cf170,consensus,verified,,hook,strong,no
rdClip_CalcOutcode2Ex,func,rdroid,0x004cf570,0x004cf440,consensus,verified,,hook,strong,no
rdClip_ClipFacePVS,func,rdroid,0x004cf5d0,0x004cf4a0,consensus,verified,,hook,strong,no
rdClip_Face3WPVS,func,rdroid,0x004cf630,0x004cf500,consensus,verified,,hook,strong,no
rdClip_Face3W,func,rdroid,0x004cff50,0x004cfe20,consensus,verified,,hook,strong,no
rdClip_Face3WOrtho,func,rdroid,0x004d09c0,0x004d0890,consensus,verified,,hook,strong,no
rdClip_Face3S,func,rdroid,0x004d11e0,0x004d10b0,consensus,verified,,hook,strong,no
rdClip_Face3SOrtho,func,rdroid,0x004d1c50,0x004d1b20,consensus,verified,,hook,strong,no
rdClip_Face3GS,func,rdroid,0x004d2470,0x004d2340,consensus,verified,,hook,strong,no
rdClip_Face3GSOrtho,func,rdroid,0x004d33a0,0x004d3270,consensus,verified,,hook,strong,no
rdClip_Face3GT,func,rdroid,0x004d4060,0x004d3f30,consensus,verified,,hook,strong,no
rdClip_Face3GTOrtho,func,rdroid,0x004d4e50,0x004d4d20,consensus,verified,,hook,strong,no
rdClip_Face3T,func,rdroid,0x004d59d0,0x004d58a0,consensus,verified,,hook,strong,no
rdClip_Face3TOrtho,func,rdroid,0x004d6e70,0x004d6d40,consensus,verified,,hook,strong,no
rdClip_SphereInFrustrum,func,rdroid,0x004d7e60,0x004d7d30,consensus+review,verified,,hook,strong,no
rdClip_QClipFaceW,func,rdroid,0x004d7fd0,0x004d7ea0,consensus,verified,,hook,strong,no
rdClip_FaceToPlane,func,rdroid,0x004d8050,0x004d7f20,consensus,verified,,hook,strong,no
rdClip_VerticesToPlane,func,rdroid,0x004d84b0,0x004d8380,consensus,verified,,hook,strong,no
rdFace_NewEntry,func,rdroid,0x004d8580,0x004d8450,consensus,verified,,hook,strong,no
rdFace_FreeEntry,func,rdroid,0x004d85d0,0x004d84a0,consensus,verified,,hook,strong,no
rdPolyline_New,func,rdroid,0x004d8600,0x004d84d0,consensus,verified,,hook,strong,no
rdPolyline_NewEntry,func,rdroid,0x004d8680,0x004d8550,consensus+review,verified,,hook,strong,no
rdPolyline_Free,func,rdroid,0x004d8830,0x004d8700,consensus+review,verified,,hook,strong,no
rdPolyline_FreeEntry,func,rdroid,0x004d8880,0x004d8750,consensus,verified,,hook,strong,no
rdPolyline_Draw,func,rdroid,0x004d88e0,0x004d87b0,consensus,verified,,hook,strong,no
rdPolyline_DrawFace,func,rdroid,0x004d8ad0,0x004d89a0,consensus,verified,,hook,strong,no
rdSprite_NewEntry,func,rdroid,0x004d8bc0,0x004d8a90,consensus,verified,,hook,strong,no
rdSprite_FreeEntry,func,rdroid,0x004d8dc0,0x004d8c90,consensus,verified,,hook,strong,no
rdSprite_Draw,func,rdroid,0x004d8e20,0x004d8cf0,consensus,verified,,hook,strong,no
rdParticle_New,func,rdroid,0x004d9460,0x004d9330,consensus,verified,,hook,strong,no
rdParticle_NewEntry,func,rdroid,0x004d94e0,0x004d93b0,consensus+review,verified,,hook,strong,no
rdParticle_Duplicate,func,rdroid,0x004d9630,0x004d9500,consensus,verified,,hook,strong,no
rdParticle_Free,func,rdroid,0x004d9730,0x004d9600,consensus+review,verified,,hook,strong,no
rdParticle_FreeEntry,func,rdroid,0x004d9780,0x004d9650,consensus,verified,,hook,strong,no
rdParticle_LoadEntry,func,rdroid,0x004d97d0,0x004d96a0,consensus+review,verified,,hook,strong,no
rdParticle_Draw,func,rdroid,0x004d9c20,0x004d9af0,consensus,verified,,hook,strong,no
rdQClip_VerticesInFrustrum,func,rdroid,0x004d9f30,0x004d9e00,consensus,verified,,hook,strong,no
rdQClip_Face3W,func,rdroid,0x004da0b0,0x004d9f80,consensus,verified,,hook,strong,no
Sound_Initialize,func,sound,0x004da240,0x004da110,consensus+review,verified,,hook,weak,no
Sound_Uninitialize,func,sound,0x004da280,0x004da150,interpolated+review,verified,,hook,strong,yes
Sound_Startup,func,sound,0x004da2a0,0x004da170,interpolated+review,verified,,hook,strong,yes
Sound_Shutdown,func,sound,0x004da2f0,0x004da1c0,interpolated+review,verified,,hook,strong,yes
Sound_Open,func,sound,0x004da310,0x004da1e0,consensus+review,verified,,hook,strong,no
Sound_Close,func,sound,0x004da440,0x004da310,consensus,verified,,hook,strong,no
Sound_Save,func,sound,0x004da4a0,0x004da370,consensus+review,verified,,hook,strong,no
Sound_Restore,func,sound,0x004da8d0,0x004da7a0,consensus+review,verified,,hook,strong,no
Sound_Pause,func,sound,0x004db0b0,0x004daf80,consensus+review,verified,,hook,strong,no
Sound_Resume,func,sound,0x004db130,0x004db000,consensus+review,verified,,hook,strong,no
Sound_Set3DGlobals,func,sound,0x004db1e0,0x004db0b0,consensus+review,verified,,hook,strong,no
Sound_Has3DHW,func,sound,0x004db220,0x004db0f0,consensus+review,verified,,hook,strong,no
Sound_Set3DHWState,func,sound,0x004db250,0x004db120,consensus+review,verified,,hook,strong,no
Sound_Get3DHWState,func,sound,0x004db360,0x004db230,consensus+review,verified,,hook,strong,no
Sound_GetMemoryUsage,func,sound,0x004db3a0,0x004db270,consensus,verified,,hook,strong,no
Sound_Load,func,sound,0x004db3d0,0x004db2a0,consensus+review,verified,,hook,strong,no
Sound_LoadStatic,func,sound,0x004db860,0x004db730,consensus,verified,,hook,strong,no
Sound_Reset,func,sound,0x004db8a0,0x004db770,consensus,verified,,hook,strong,no
Sound_EnableLoad,func,sound,0x004dba20,0x004db8f0,consensus,verified,,hook,strong,no
Sound_ExportStaticBank,func,sound,0x004dba30,0x004db900,consensus,verified,,hook,strong,no
Sound_ImportStaticBank,func,sound,0x004dba40,0x004db910,consensus,verified,,hook,strong,no
Sound_ExportNormalBank,func,sound,0x004dba50,0x004db920,consensus,verified,,hook,strong,no
Sound_ImportNormalBank,func,sound,0x004dba60,0x004db930,consensus,verified,,hook,strong,no
Sound_SkipSoundFileSection,func,sound,0x004dba70,0x004db940,consensus,verified,,hook,strong,no
Sound_GetSoundHandle,func,sound,0x004dbb00,0x004db9d0,consensus,verified,,hook,strong,no
Sound_GetSoundIndex,func,sound,0x004dbb50,0x004dba20,consensus,verified,,hook,strong,no
Sound_GetChannelHandle,func,sound,0x004dbba0,0x004dba70,consensus,verified,,hook,strong,no
Sound_GetChannelGUID,func,sound,0x004dbbf0,0x004dbac0,consensus,verified,,hook,strong,no
Sound_GetSoundFilename,func,sound,0x004dbc40,0x004dbb10,consensus,verified,,hook,strong,no
Sound_GetLengthMsec,func,sound,0x004dbc80,0x004dbb50,consensus+review,verified,,hook,strong,no
Sound_SetMaxVolume,func,sound,0x004dbd20,0x004dbbf0,consensus,verified,,hook,strong,no
Sound_GetMaxVolume,func,sound,0x004dbdc0,0x004dbc90,consensus,verified,,hook,strong,no
Sound_Play,func,sound,0x004dbdd0,0x004dbca0,consensus,verified,,hook,strong,no
Sound_PlayPos,func,sound,0x004dc0b0,0x004dbf80,consensus,verified,,hook,strong,no
Sound_PlayThing,func,sound,0x004dc270,0x004dc140,consensus,verified,,hook,strong,no
Sound_StopChannel,func,sound,0x004dc4e0,0x004dc3b0,consensus,verified,,hook,strong,no
Sound_StopAllSounds,func,sound,0x004dc540,0x004dc410,consensus,verified,,hook,strong,no
Sound_StopThing,func,sound,0x004dc590,0x004dc460,consensus+review,verified,,hook,strong,no
Sound_SetVolume,func,sound,0x004dc650,0x004dc520,consensus,verified,,hook,strong,no
Sound_FadeVolume,func,sound,0x004dc6c0,0x004dc590,consensus,verified,,hook,strong,no
Sound_SetVolumeThing,func,sound,0x004dc800,0x004dc6d0,consensus+review,verified,,hook,strong,no
Sound_FadeVolumeThing,func,sound,0x004dc8c0,0x004dc790,consensus+review,verified,,hook,strong,no
Sound_IsThingFadingVol,func,sound,0x004dc990,0x004dc860,consensus+review,verified,,hook,strong,no
Sound_SetPitch,func,sound,0x004dca50,0x004dc920,consensus,verified,,hook,strong,no
Sound_GetPitch,func,sound,0x004dca80,0x004dc950,consensus,verified,,hook,strong,no
Sound_FadePitch,func,sound,0x004dcaa0,0x004dc970,consensus,verified,,hook,strong,no
Sound_SetPitchThing,func,sound,0x004dcbd0,0x004dcaa0,consensus+review,verified,,hook,strong,no
Sound_GetChannelFlags,func,sound,0x004dcc90,0x004dcb60,consensus,verified,,hook,strong,no
Sound_Update,func,sound,0x004dccb0,0x004dcb80,consensus+review,verified,,hook,strong,no
Sound_GenerateLipSync,func,sound,0x004dd180,0x004dd050,consensus,verified,,hook,strong,no
Sound_SetReverseSound,func,sound,0x004dd3d0,0x004dd2a0,consensus,verified,,hook,strong,no
Sound_GenerateSoundHandle,func,sound,0x004dd3e0,0x004dd2b0,consensus,verified,,hook,strong,no
Sound_GenerateChannelHandle,func,sound,0x004dd420,0x004dd2f0,consensus+review,verified,,hook,strong,no
Sound_GetFreeCache,func,sound,0x004dd460,0x004dd330,consensus+review,verified,,hook,strong,no
Sound_IncreaseFreeCache,func,sound,0x004dd530,0x004dd400,consensus,verified,,hook,strong,no
Sound_WriteSoundFilepathToBank,func,sound,0x004dd560,0x004dd430,consensus,verified,,hook,strong,no
Sound_GetDeltaTime,func,sound,0x004dd5a0,0x004dd470,consensus,verified,,hook,strong,no
Sound_GetSoundInfo,func,sound,0x004dd5b0,0x004dd480,consensus,verified,,hook,strong,no
Sound_GetChannel,func,sound,0x004dd610,0x004dd4e0,consensus,verified,,hook,strong,no
Sound_GetChannelBySoundHandle,func,sound,0x004dd660,0x004dd530,consensus+review,verified,,hook,strong,no
Sound_GetSoundBufferData,func,sound,0x004dd6b0,0x004dd580,callers,verified,,hook,strong,yes
Sound_MemFileRead,func,sound,0x004dd740,0x004dd610,interpolated,verified,,hook,weak,yes
Sound_MemFileWrite,func,sound,0x004dd7c0,0x004dd690,interpolated+review,verified,,hook,strong,yes
Sound_MemFileReset,func,sound,0x004dd860,0x004dd730,consensus,verified,,hook,strong,no
Sound_MemFileFree,func,sound,0x004dd870,0x004dd740,consensus,verified,,hook,strong,no
Sound_StopAllNonStaticSounds,func,sound,0x004dd8b0,0x004dd780,consensus,verified,,hook,strong,no
Sound_ExportBank,func,sound,0x004dd910,0x004dd7e0,consensus,verified,,hook,strong,no
Sound_ImportBank,func,sound,0x004dd9e0,0x004dd8b0,consensus+review,verified,,hook,strong,no
Sound_ReadFile,func,sound,0x004ddb60,0x004dda30,consensus,verified,,hook,strong,no
SoundDriver_Open,func,sound,0x004ddbc0,0x004dda90,consensus,verified,,hook,strong,no
SoundDriver_Close,func,sound,0x004ddc60,0x004ddb30,consensus,verified,,hook,strong,no
SoundDriver_SetMaxVolume,func,sound,0x004ddc90,0x004ddb60,consensus,verified,,hook,strong,no
SoundDriver_CreateAndPlay,func,sound,0x004ddca0,0x004ddb70,consensus,verified,,hook,strong,no
SoundDriver_Release,func,sound,0x004de280,0x004de150,consensus,verified,,hook,strong,no
SoundDriver_Play,func,sound,0x004de290,0x004de160,consensus,verified,,hook,strong,no
SoundDriver_Stop,func,sound,0x004de310,0x004de1e0,consensus,verified,,hook,strong,no
SoundDriver_SetVolume,func,sound,0x004de330,0x004de200,consensus,verified,,hook,strong,no
SoundDriver_GetVolume,func,sound,0x004de360,0x004de230,consensus,verified,,hook,strong,no
SoundDriver_SetPan,func,sound,0x004de3a0,0x004de270,consensus,verified,,hook,strong,no
SoundDriver_SetFrequency,func,sound,0x004de3d0,0x004de2a0,consensus,verified,,hook,strong,no
SoundDriver_GetFrequency,func,sound,0x004de400,0x004de2d0,consensus,verified,,hook,strong,no
SoundDriver_GetCurrentPosition,func,sound,0x004de440,0x004de310,consensus,verified,,hook,strong,no
SoundDriver_GetStatusAndCaps,func,sound,0x004de480,0x004de350,consensus,verified,,hook,strong,no
SoundDriver_SetListenerPosition,func,sound,0x004de530,0x004de400,consensus,verified,,hook,strong,no
SoundDriver_ListenerCommitDeferred,func,sound,0x004de650,0x004de520,consensus,verified,,hook,strong,no
SoundDriver_SetPosAndVelocity,func,sound,0x004de680,0x004de550,consensus,verified,,hook,strong,no
SoundDriver_Update3DSound,func,sound,0x004de790,0x004de660,consensus,verified,,hook,strong,no
SoundDriver_SetGlobals,func,sound,0x004dea10,0x004de8e0,consensus,verified,,hook,strong,no
SoundDriver_Use3DCaps,func,sound,0x004dead0,0x004de9a0,consensus,verified,,hook,strong,no
SoundDriver_GetDSound,func,sound,0x004deae0,0x004de9b0,consensus,verified,,hook,strong,no
SoundDriver_CreateDirectSound,func,sound,0x004deaf0,0x004de9c0,consensus+review,verified,,hook,strong,no
SoundDriver_ReleaseDirectSound,func,sound,0x004debf0,0x004deac0,consensus,verified,,hook,strong,no
SoundDriver_CreateListener,func,sound,0x004dec10,0x004deae0,consensus,verified,,hook,strong,no
SoundDriver_ReleaseListener,func,sound,0x004decc0,0x004deb90,consensus,verified,,hook,strong,no
SoundDriver_SetOuputFormat,func,sound,0x004dece0,0x004debb0,consensus+review,verified,,hook,strong,no
SoundDriver_GetPrimaryDSBuffer,func,sound,0x004ded80,0x004dec50,consensus,verified,,hook,strong,no
SoundDriver_ReleasePrimaryDSBuffer,func,sound,0x004dee20,0x004decf0,consensus,verified,,hook,strong,no
SoundDriver_GetDecibelVolume,func,sound,0x004dee40,0x004ded10,consensus,verified,,hook,strong,no
SoundDriver_GetIntPan,func,sound,0x004dee70,0x004ded40,consensus,verified,,hook,strong,no
SoundDriver_GetVolumeFromDecibels,func,sound,0x004deea0,0x004ded70,consensus,verified,,hook,strong,no
SoundDriver_InitPanTable,func,sound,0x004deee0,0x004dedb0,consensus,verified,,hook,strong,no
SoundDriver_DSCheckStatus,func,sound,0x004def10,0x004dede0,consensus+review,verified,,hook,strong,no
SoundDriver_CalcListeneSoundMix,func,sound,0x004def60,0x004dee30,consensus,verified,,hook,strong,no
SoundDriver_CalcDistToListener,func,sound,0x004df190,0x004df060,consensus,verified,,hook,strong,no
SoundDriver_RestoreSoundBufferData,func,sound,0x004df220,0x004df0f0,consensus,verified,+0x10,hook,strong,no
SoundDriver_Sleep,func,sound,0x004df480,0x004df360,callers,verified,,hook,strong,no
AudioLib_ParseWaveFileHeader,func,sound,0x004df490,0x004df370,consensus,verified,,hook+trampoline,strong,no
AudioLib_Compress,func,sound,0x004df930,0x004df810,consensus,verified,,hook+trampoline,strong,no
AudioLib_ResetCompressor,func,sound,0x004dfa20,0x004df900,consensus,verified,,hook+trampoline,strong,no
AudioLib_Uncompress,func,sound,0x004dfa40,0x004df920,consensus,verified,,hook+trampoline,strong,no
AudioLib_GetMouthPosition,func,sound,0x004dfb20,0x004dfa00,consensus,verified,,hook+trampoline,strong,no
AudioLib_GenerateLipSyncBlock,func,sound,0x004dfbf0,0x004dfad0,consensus,verified,,hook+trampoline,strong,no
AudioLib_CompressBlock,func,sound,0x004e0000,0x004dfee0,consensus+review,verified,,hook+trampoline,weak,no
AudioLib_UncompressBlock,func,sound,0x004e02f0,0x004e01d0,consensus+review,verified,,hook+trampoline,weak,no
AudioLib_WVSMCompressBlock,func,sound,0x004e0590,0x004e0470,consensus+review,verified,,hook+trampoline,strong,no
AudioLib_WVSMUncompressBlock,func,sound,0x004e08f0,0x004e07d0,consensus+review,verified,,hook+trampoline,weak,no
stdUtil_StrCmp,func,std,0x004e09a0,0x004e0880,consensus,verified,,hook,strong,yes
SmushPlay_SysStartup,func,smush,0x004e30b0,0x004e2f90,consensus,verified,,trampoline,strong,no
SmushPlay_PlayMovie,func,smush,0x004e3140,0x004e3020,consensus,verified,,trampoline,strong,no
SmushPlay_SysShutdown,func,smush,0x004e33a0,0x004e3280,consensus,verified,,trampoline,strong,no
SmushPlay_SetGlobalVolume,func,smush,0x004e33c0,0x004e32a0,consensus,verified,,trampoline,strong,no
stdio_open,func,std,0x004ea080,0x004e9f60,manual,verified,,hook,strong,yes
stdio_close,func,std,0x004ea0b0,0x004e9f90,manual,verified,,hook,strong,yes
stdFileSeek,func,std,0x004ea0c0,0x004e9ff0,manual,verified,,hook,strong,yes
stdio_flush,func,std,0x004ea0e0,0x004ea010,manual,verified,,hook,strong,yes
JonesConsole_aVersion,data,Jones3D,0x00506398,0x00506000,consensus,plausible,,,strong,
JonesDisplay_wallLineColor,data,Jones3D,0x00506428,0x00506090,consensus,doubtful,,,strong,
JonesHud_colorGreen,data,Jones3D,0x00506450,0x005060b8,consensus,plausible,,,strong,
JonesHud_colorYellow,data,Jones3D,0x00506460,0x005060c8,consensus,plausible,,,strong,
JonesHud_colorRed,data,Jones3D,0x00506470,0x005060d8,consensus,plausible,,,strong,
JonesHud_colorBlack,data,Jones3D,0x00506480,0x005060e8,consensus,doubtful,,,strong,
JonesHud_overlayColor,data,Jones3D,0x00506490,0x00506148,consensus,plausible,,,strong,
JonesHud_breathIndicatorColor,data,Jones3D,0x005064a0,0x005064a0,consensus+review,verified,,,weak,
JonesHud_colorPink,data,Jones3D,0x005064b0,0x005064b0,consensus+review,verified,,,weak,
JonesHud_camViewPos,data,Jones3D,0x005064c0,0x005064c0,consensus,verified,,,strong,
JonesHud_pyrInventoryOrient,data,Jones3D,0x005064d0,0x005064d0,consensus+review,verified,,,weak,
JonesHud_vecSelectedMenuItemScale,data,Jones3D,0x005064f0,0x005064f0,consensus,verified,,,strong,
JonesMain_aCndLevelLoadInfos,data,Jones3D,0x00506668,0x00506668,consensus,verified,,,strong,
JonesMain_aNdyLevelLoadInfos,data,Jones3D,0x005068a8,0x005068a8,consensus,verified,,,strong,
sithOverlayMap_aHintIconVerts,data,sith,0x00506b48,0x00506b48,consensus,verified,,,strong,
sithOverlayMap_aMarkIconVerts,data,sith,0x00506b68,0x00506b68,consensus,verified,,,strong,
sithOverlayMap_aPlayerIconVerts,data,sith,0x00506b88,0x00506b88,consensus,verified,,,strong,
sithOverlayMap_aPlayerIconUVs,data,sith,0x00506ba8,0x00506ba8,consensus,verified,,,strong,
sithOverlayMap_aThingIconUVs,data,sith,0x00506bc8,0x00506bc8,consensus,verified,,,strong,
sithWorld_aCopyrightSymbol,data,sith,0x00506dc0,0x00506dc0,consensus+review,verified,,,weak,
sithMain_aLevelNdsInfos,data,sith,0x00507298,0x00507298,consensus,verified,,,strong,
sithCogYacc_yy_accept,data,sith,0x00507c00,0x00507c00,consensus+review,verified,,,weak,
sithCogYacc_yy_ec,data,sith,0x00507cf8,0x00507cf8,consensus+review,verified,,,weak,
sithCogYacc_yy_meta,data,sith,0x00507d78,0x00507d78,consensus+review,verified,,,weak,
sithCogYacc_yy_base,data,sith,0x00507db0,0x00507db0,consensus+review,verified,,,weak,
sithCogYacc_yy_def,data,sith,0x00507eb0,0x00507eb0,consensus+review,verified,,,weak,
sithCogYacc_yy_nxt,data,sith,0x00507fb0,0x00507fb0,consensus+review,verified,,,weak,
sithCogYacc_yy_chk,data,sith,0x005081b0,0x005081b0,consensus+review,verified,,,weak,
stdControl_aDIStatusTbl,data,std,0x005083b8,0x005083b8,consensus,verified,,,strong,
stdDisplay_aDDStatusTbl,data,std,0x005084e0,0x005084e0,consensus,verified,,,strong,
std3D_cfRGB565,data,std,0x00508858,0x00508858,consensus+review,verified,,,weak,
std3D_cfRGB5551,data,std,0x00508890,0x00508890,consensus+review,verified,,,weak,
std3D_cfRGB4444,data,std,0x005088c8,0x005088c8,consensus+review,verified,,,weak,
std3D_aD3DStatusTbl,data,std,0x00508900,0x00508900,consensus,verified,,,strong,
stdHashtbl_aPrimeTable,data,std,0x00508ef8,0x00508ef8,consensus,verified,,,strong,
stdComm_aDPStatusTbl,data,std,0x005097a0,0x005097a0,consensus+review,verified,,,weak,
wkernel_guid,data,wkernel,0x005099a8,0x005099a8,consensus+review,verified,,,weak,
rdroid_g_zeroVector3,data,rdroid,0x00509a18,0x00509a18,consensus,verified,,,strong,
rdroid_g_xVector3,data,rdroid,0x00509a28,0x00509a28,consensus,verified,,,strong,
rdroid_g_yVector3,data,rdroid,0x00509a38,0x00509a38,consensus,verified,,,strong,
rdroid_g_zVector3,data,rdroid,0x00509a48,0x00509a48,consensus,verified,,,strong,
rdroid_g_identMatrix34,data,rdroid,0x00509aa8,0x00509aa8,consensus,verified,,live,strong,
SoundDriver_aDBTable,data,sound,0x00509c80,0x00509c80,consensus,verified,,,strong,
SoundDriver_aDStatusTbl,data,sound,0x0050a080,0x0050a080,consensus,verified,,,strong,
AudioLib_aStepTable,data,sound,0x0050a2a0,0x0050a2a0,consensus+review,verified,,live,weak,
AudioLib_aStepBits,data,sound,0x0050a358,0x0050a358,consensus+review,verified,,live,weak,
jonesCog_curCutsceneType,data,Jones3D,0x0050ed10,0x0050ed10,consensus,verified,,,strong,
jonesCog_bInterfaceEnabled,data,Jones3D,0x0050ed14,0x0050ed14,consensus,verified,,,strong,
JonesHud_aStoreItems,data,Jones3D,0x0050edf0,0x0050edf0,consensus,verified,,,strong,
jonesConfig_aNumberGlyphMetrics,data,Jones3D,0x00510ad0,0x00510ad0,consensus,verified,,,strong,
jonesConfig_apDialogIconFiles,data,Jones3D,0x00510b70,0x00510b70,consensus+review,verified,,,weak,
jonesConfig_gameStatistics__aLevelNames,data,Jones3D,0x00510b88,0x00510b88,consensus,verified,,,strong,
jonesConfig_JONES_STR_SUMMERY,data,Jones3D,0x00510bcc,0x00510bcc,consensus+review,verified,,,weak,
jonesConfig_aJonesControlActionNames,data,Jones3D,0x00510bd0,0x00510bd0,consensus,verified,,,strong,
jonesConfig_aJonesCapControlActionNames,data,Jones3D,0x00510c68,0x00510c68,consensus,verified,,,strong,
jonesConfig_aDfltKeySets,data,Jones3D,0x005114b8,0x005114b8,consensus,verified,,,strong,
jonesConfig_aDfltKeySetNames,data,Jones3D,0x005114c8,0x005114c8,consensus,verified,,,strong,
jonesConfig_aControlKeyStrings,data,Jones3D,0x005114d8,0x005114d8,consensus,verified,,,strong,
jonesConfig_aDialogSizes,data,Jones3D,0x00511858,0x00511858,consensus,verified,,,strong,
jonesConfig_displaySettings_bUpdateSliderText,data,Jones3D,0x00511954,0x00511954,consensus,verified,,,strong,
jonesConfig_advanceDisplaySettings_curFilterMode,data,Jones3D,0x00511958,0x00511958,consensus,verified,,,strong,
jonesConfig_advanceDisplaySettings_perfLevel,data,Jones3D,0x0051195c,0x0051195c,consensus,verified,,,strong,
jonesConfig_prevLevelNum,data,Jones3D,0x00511960,0x00511960,consensus,verified,,,strong,
JonesDialog_bWindowResized,data,Jones3D,0x00513084,0x00513084,consensus,verified,,,strong,
JonesDialog_cursorPointIdx,data,Jones3D,0x00513088,0x00513088,consensus,verified,,,strong,
JonesDisplay_primaryDisplayNum,data,Jones3D,0x0051378c,0x0051378c,consensus,verified,,,strong,
jonesConfig_aStoreItemsInfo,data,Jones3D,0x00513a18,0x00513a18,smoothed+review,verified,,,weak,
JonesHud_aDfltMenuItemsOrients,data,Jones3D,0x005156f8,0x005156f8,consensus+review,verified,,,weak,
JonesHud_apMenuIconModelNames,data,Jones3D,0x00515f58,0x00515f58,consensus,verified,,,strong,
JonesHud_apItemNames,data,Jones3D,0x00516170,0x00516170,consensus,verified,,,strong,
JonesHud_aSoundFxIdxs,data,Jones3D,0x00516388,0x00516388,consensus,verified,,,strong,
JonesHud_aCreditFontColors,data,Jones3D,0x005163c0,0x005163c0,consensus+review,verified,,,strong,
JonesHud_aCredits,data,Jones3D,0x00516480,0x00516480,consensus,verified,,,strong,
JonesHud_msecMenuItemMoveDuration,data,Jones3D,0x00521128,0x00521238,consensus,verified,,,strong,
JonesHud_selectedWeaponID,data,Jones3D,0x0052112c,0x0052123c,consensus,verified,,,strong,
JonesHud_curEnduranceIndAlpha,data,Jones3D,0x00521130,0x00521240,consensus,verified,,,strong,
JonesHud_curEnduranceState,data,Jones3D,0x00521134,0x00521244,consensus,verified,,,strong,
JonesHud_curKeyId,data,Jones3D,0x00521138,0x00521248,consensus,verified,,,strong,
JonesHud_curWhoopsSndFxIdx,data,Jones3D,0x0052113c,0x0052124c,consensus,verified,,,strong,
JonesMain_pfProcess,data,Jones3D,0x00524568,0x00524678,consensus,verified,,,strong,
JonesMain_g_aErrorBuffer,data,Jones3D,0x00524570,0x00524680,consensus,verified,,live,strong,
sithPlayer_g_bPlayerInPor,data,sith,0x0052866c,0x0052877c,consensus,verified,,live,strong,
sithPlayer_g_impFireType,data,sith,0x00528670,0x00528780,consensus,verified,,live,strong,
sithSoundMixer_channelGUIDSeed,data,sith,0x005287e4,0x005288f4,consensus,verified,,,strong,
sithOverlayMap_aEncEasterEggCmd,data,sith,0x00528838,0x00528948,consensus,verified,,,strong,
sithOverlayMap_curScale,data,sith,0x00528840,0x00528950,consensus,verified,,,strong,
sithOverlayMap_aHintIconNames,data,sith,0x00528844,0x00528954,consensus,verified,,,strong,
sithOverlayMap_aMapIconNames,data,sith,0x00528848,0x00528958,consensus,verified,,,strong,
sithOverlayMap_aChalkMarkIconNames,data,sith,0x0052884c,0x0052895c,consensus,verified,,,strong,
sithOverlayMap_aIconBlinkUpdateIntervals,data,sith,0x00528860,0x00528970,consensus,verified,,,strong,
sithPlayerControls_vecDebugCamDir,data,sith,0x00528cd8,0x00528de8,consensus+review,verified,,,weak,
sithPlayerControls_cameraDistance,data,sith,0x00528ce4,0x00528e04,consensus+review,verified,,,weak,
sithThing_aStrThingTypes,data,sith,0x00528ec8,0x00528fe8,consensus,verified,,,strong,
sithThing_aStrThingArgs,data,sith,0x00528f08,0x0052902c,consensus,verified,,,strong,
sithThing_curSignature,data,sith,0x0052903c,0x0052915c,consensus,verified,,,strong,
sithThing_guidEntropy,data,sith,0x00529040,0x00529160,consensus,verified,,,strong,
sithThing_aWeaponCoefficients,data,sith,0x00529050,0x00529170,consensus,verified,,,strong,
sithThing_jeepHitMinVelocityZ,data,sith,0x005290b4,0x005291d4,consensus+review,verified,,,weak,
sithCamera_aCycleCamIndices,data,sith,0x0052a058,0x0052a178,consensus,verified,,,strong,
sithCamera_vecExtCameraLookOffset,data,sith,0x0052a068,0x0052a188,consensus,verified,,,strong,
sithCamera_vecExtCameraDefaultLookOffset,data,sith,0x0052a078,0x0052a198,consensus,verified,,,strong,
sithCamera_vecExtCameraOffset,data,sith,0x0052a0a8,0x0052a1c8,consensus,verified,,,strong,
sithCamera_vecCameraOffsetWeaponDrawn,data,sith,0x0052a0b8,0x0052a1d8,consensus+review,verified,,,strong,
sithCamera_vecExtCameraDefaultOffset,data,sith,0x0052a0c8,0x0052a1e8,consensus,verified,,,strong,
sithCamera_vecDefaulExtCameraOffset,data,sith,0x0052a108,0x0052a228,consensus+review,verified,,,weak,
sithCamera_vecCameraOffsetClimbingUp,data,sith,0x0052a128,0x0052a248,consensus+review,verified,,,strong,
sithCamera_vecCameraOffsetClimbDown,data,sith,0x0052a138,0x0052a258,consensus+review,verified,,,strong,
sithCamera_vecCameraOffsetClimbingLeft,data,sith,0x0052a148,0x0052a268,consensus+review,verified,,,strong,
sithCamera_vecCameraOffsetClimbingRight,data,sith,0x0052a158,0x0052a278,consensus+review,verified,,,strong,
sithCamera_vecCameraOffsetSlideForward,data,sith,0x0052a168,0x0052a288,consensus+review,verified,,,strong,
sithCamera_vecCameraOffsetSlideBackward,data,sith,0x0052a178,0x0052a298,consensus+review,verified,,,strong,
sithCamera_vecCameraOffsetJumpRollback,data,sith,0x0052a188,0x0052a2a8,consensus+review,verified,,,strong,
sithCamera_vecOffsetCamType40,data,sith,0x0052a198,0x0052a2b8,consensus+review,verified,,,strong,
sithCamera_idleCamOffset,data,sith,0x0052a1a8,0x0052a2c8,consensus,verified,,,strong,
sithWorld_aBinarySectionParsers,data,sith,0x0052a358,0x0052a47c,consensus+review,verified,,,weak,
sithControl_aFunctionNames,data,sith,0x0052ab70,0x0052ac78,consensus,plausible,,,strong,
sithGamesave_wszPlayerName,data,sith,0x0052b89c,0x0052b9bc,consensus+review,verified,,,weak,
sithVoice_secHeadSwapInterval,data,sith,0x0052b9a4,0x0052bac4,consensus,verified,,,strong,
sithVoice_dword_52B9A8,data,sith,0x0052b9a8,0x0052bac8,consensus,verified,,,strong,
sithVoice_curHeadHeight,data,sith,0x0052b9ac,0x0052bacc,consensus,verified,,,strong,
sithRender_g_fogDensity,data,sith,0x0052bb44,0x0052bc64,consensus,verified,,live,strong,
sithRender_bPVSClipEnabled,data,sith,0x0052bb48,0x0052bc68,consensus+review,verified,,,weak,
sithWeapon_bGenBloodSplatter,data,sith,0x0052bd40,0x0052be60,consensus,verified,,,strong,
sithWeapon_aMaxAimDistances,data,sith,0x0052bd48,0x0052be68,consensus,verified,,,strong,
sithInventory_g_bInitInventory,data,sith,0x0052c3f8,0x0052c518,consensus,verified,,live,strong,
sithPlayerActions_g_jewelFlyingPuppetTrackNum,data,sith,0x0052c888,0x0052c9a8,consensus,verified,,live,strong,
sithCogParse_nextlabel,data,sith,0x0052cf08,0x0052d028,consensus+review,verified,,,weak,
sithCogParse_bSkipYYRestart,data,sith,0x0052cf0c,0x0052d02c,consensus+review,verified,,,weak,
sithMulti_tickRate,data,sith,0x0052d498,0x0052d5b8,consensus+review,verified,,live,weak,
sithPuppet_aStrSubModes,data,sith,0x0052e0b0,0x0052e1d0,consensus,verified,,,strong,
sithAnimate_lastPullItemAnimFrameIdx,data,sith,0x0052f880,0x0052f9a0,consensus+review,verified,,,weak,
sithAnimate_aPullItemAnimFrames,data,sith,0x0052f884,0x0052f9a4,consensus+review,verified,,,weak,
sithAnimate_aPullItemDistances,data,sith,0x0052f8b8,0x0052f9d8,consensus+review,verified,,,weak,
sithAnimate_lastPushItemAnimFrameIdx,data,sith,0x0052f910,0x0052fa30,consensus+review,verified,,,weak,
sithAnimate_aPushItemAnimFrames,data,sith,0x0052f914,0x0052fa34,consensus+review,verified,,,weak,
sithAnimate_aPushItemDistances,data,sith,0x0052f948,0x0052fa68,consensus+review,verified,,,weak,
sithPhysics_bMineCarEngineRunFx,data,sith,0x00538be8,0x00538d08,consensus,verified,,,strong,
sithPhysics_bMineCarEngineRumbleFx,data,sith,0x00538bec,0x00538d0c,consensus,verified,,,strong,
sithPhysics_bMineCarSparksFx,data,sith,0x00538bf0,0x00538d10,consensus,verified,,,strong,
sithPhysics_bMineCarClatterFx,data,sith,0x00538bf4,0x00538d14,consensus,verified,,,strong,
sithPhysics_bMineCarRailClackFx,data,sith,0x00538bf8,0x00538d18,consensus,verified,,,strong,
sithPhysics_vecMineCarSparkPosRight,data,sith,0x00538c3c,0x00538d5c,consensus+review,verified,,,weak,
sithPhysics_vecMineCarSparkPosLeft,data,sith,0x00538c4c,0x00538d6c,consensus+review,verified,,,weak,
sithPhysics_bUpdateTrackJeepEngineFx,data,sith,0x00538c7c,0x00538d9c,consensus,verified,,,strong,
sithPhysics_trackJeepMinSndPitch,data,sith,0x00538c80,0x00538da0,usage,verified,,,strong,
sithPhysics_trackJeepMaxSndPitch,data,sith,0x00538c84,0x00538da4,consensus,verified,,,strong,
sithPhysics_trackJeepMinSndVolume,data,sith,0x00538c88,0x00538da8,consensus,verified,,,strong,
sithPhysics_bUpdateTrackTruckEngineFx,data,sith,0x00538c94,0x00538db4,consensus,verified,,,strong,
sithPhysics_flt_538D04,data,sith,0x00538d04,0x00538e24,consensus+review,verified,,live,weak,
sithPhysics_dword_538D2C,data,sith,0x00538d2c,0x00538e4c,consensus+review,verified,,live,weak,
sithPhysics_dword_538D30,data,sith,0x00538d30,0x00538e50,consensus+review,verified,,live,weak,
sithPhysics_bJeepMoveFx,data,sith,0x00538d34,0x00538e54,consensus+review,verified,,live,weak,
sithPhysics_dword_538D38,data,sith,0x00538d38,0x00538e58,consensus+review,verified,,live,weak,
sithFX_g_lastChalkMarkNum,data,sith,0x00539458,0x00539578,consensus,verified,,live,strong,
sithFX_aChalkMarkNames,data,sith,0x00539460,0x00539580,consensus,verified,,,strong,
sithAIInstinct_flt_539AB8,data,sith,0x00539ab8,0x00539bd8,consensus+review,verified,,live,weak,
sithWhip_vecCameraOffsetWhipClimbAim,data,sith,0x0053a350,0x0053a470,consensus+review,verified,,,weak,
sithWhip_vecCameraLookOffsetWhipClimbAim,data,sith,0x0053a360,0x0053a480,consensus+review,verified,,,weak,
sithWhip_vecCameraOffsetWhipSwingAim,data,sith,0x0053a370,0x0053a490,consensus+review,verified,,,weak,
sithWhip_vecCameraLookOffsetWhipSwingAim,data,sith,0x0053a380,0x0053a4a0,consensus+review,verified,,,weak,
sithSoundClass_aSoundModeNames,data,sith,0x0053a448,0x0053a56c,consensus,verified,,,strong,
sithSoundClass_lastStartEntry,data,sith,0x0053a67c,0x0053a79c,consensus+review,verified,,,weak,
sithVehicleControls_curMineCarState,data,sith,0x0053b050,0x0053b170,consensus,verified,,,strong,
sithVehicleControls_curRaftState,data,sith,0x0053b080,0x0053b1a0,consensus,verified,,,strong,
sithVehicleControls_jeepSurfDrag,data,sith,0x0053b0d4,0x0053b1f4,consensus,verified,,,strong,
sithVehicleControls_jeepStaticDrag,data,sith,0x0053b0d8,0x0053b1f8,consensus,verified,,,strong,
sithVehicleControls_jeepMaxVelocity,data,sith,0x0053b0e4,0x0053b204,consensus,verified,,,strong,
sithVehicleControls_jeepHeight,data,sith,0x0053b110,0x0053b230,consensus,verified,,,strong,
sithVehicleControls_jeepMoveSize,data,sith,0x0053b114,0x0053b234,consensus,verified,,,strong,
sithVehicleControls_jeepWheelRadius,data,sith,0x0053b11c,0x0053b23c,consensus,verified,,,strong,
sithVehicleControls_raftRotThrust,data,sith,0x0053b15c,0x0053b27c,consensus+review,verified,,,weak,
sithVehicleControls_dword_53B188,data,sith,0x0053b188,0x0053b2a8,consensus+review,verified,,,weak,
sithCollision_stackLevel,data,sith,0x0053b1e8,0x0053b308,consensus+review,verified,,,weak,
sithCollision_jeepDamage,data,sith,0x0053b1fc,0x0053b31c,consensus,verified,,,strong,
sithIntersect_aSphereHitIndices,data,sith,0x0053c440,0x0053c560,consensus+review,verified,,,weak,
sithDSS_aPuppetCallbacks,data,sith,0x0053c7a0,0x0053c8c0,consensus,verified,,,strong,
sithRenderSky_ceilingSkyNormal,data,sith,0x0053c9d8,0x0053caf8,consensus+review,verified,,,weak,
sithShadow_aShadowUVs,data,sith,0x0053c9f8,0x0053cb18,consensus,verified,,,strong,
sithCogYacc_yylhs,data,sith,0x0053cdd0,0x0053cef0,consensus+review,verified,,,weak,
sithCogYacc_yylen,data,sith,0x0053ce58,0x0053cf78,consensus+review,verified,,,weak,
sithCogYacc_yydefred,data,sith,0x0053cee0,0x0053d000,consensus+review,verified,,,weak,
sithCogYacc_yydgoto,data,sith,0x0053cfe0,0x0053d100,consensus+review,verified,,,weak,
sithCogYacc_yysindex,data,sith,0x0053d010,0x0053d130,consensus+review,verified,,,weak,
sithCogYacc_yyrindex,data,sith,0x0053d110,0x0053d230,consensus+review,verified,,,weak,
sithCogYacc_yygindex,data,sith,0x0053d210,0x0053d330,consensus+review,verified,,,weak,
sithCogYacc_yytable,data,sith,0x0053d240,0x0053d360,consensus+review,verified,,,weak,
sithCogYacc_yycheck,data,sith,0x0053d8b8,0x0053d9d8,consensus+review,verified,,,weak,
sithCogYacc_yy_init,data,sith,0x0053e010,0x0053e130,consensus+review,verified,,,weak,
stdControl_bReadMouse,data,std,0x0053e87c,0x0053e99c,consensus,verified,,,strong,
stdControl_secFPS,data,std,0x0053e880,0x0053e9a0,consensus+review,verified,,,weak,
stdControl_msecFPS,data,std,0x0053e884,0x0053e9a4,consensus+review,verified,,,weak,
stdDisplay_coopLevelFlags,data,std,0x0053f6b0,0x0053f7d0,consensus,verified,,,strong,
std3D_g_fogDensity,data,std,0x00540bb8,0x00540cd8,consensus,verified,,live,strong,
std3D_mipmapFilter,data,std,0x00540bbc,0x00540cdc,consensus,verified,,,strong,
std3D_bRenderFog,data,std,0x00540bc0,0x00540ce0,consensus,verified,,,strong,
std3D_frameCount,data,std,0x00540bc4,0x00540ce4,consensus,verified,,,strong,
stdMath_aSinTable,data,std,0x005417a8,0x005418c8,consensus+review,verified,,,weak,
stdMath_aTanTable,data,std,0x005457a8,0x005458c8,consensus+review,verified,,,weak,
rdModel3_pfDrawFace,data,rdroid,0x0054ab2c,0x0054ac4c,consensus+review,verified,,,weak,
rdParticle_aFaceTexVerts,data,rdroid,0x0054b2b0,0x0054b3d0,consensus,verified,,,strong,
Sound_cacheBlockSize,data,sound,0x0054b434,0x0054b554,consensus,verified,,,strong,
Sound_maxVolume,data,sound,0x0054b438,0x0054b558,consensus,verified,,,strong,
SoundDriver_maxVolume,data,sound,0x0054bb08,0x0054bc28,consensus,verified,,,strong,
SoundDriver_defaultDistanceFactor,data,sound,0x0054bb0c,0x0054bc2c,consensus,verified,,,strong,
SoundDriver_minDistance,data,sound,0x0054bb10,0x0054bc30,consensus,verified,,,strong,
SoundDriver_maxDistance,data,sound,0x0054bb14,0x0054bc34,consensus,verified,,,strong,
SoundDriver_defaultRolloffFactor,data,sound,0x0054bb18,0x0054bc38,consensus,verified,,,strong,
SoundDriver_defaultDopplerFactor,data,sound,0x0054bb1c,0x0054bc3c,consensus,verified,,,strong,
AudioLib_aIndexTableTable,data,sound,0x0054bbd0,0x0054bcf0,consensus+review,verified,,live,weak,
jonesCog_bOverlayMapVisible,data,Jones3D,0x005510b0,0x005511d0,consensus,verified,,,strong,
jonesCog_bStartup,data,Jones3D,0x005510b4,0x005511d4,consensus,verified,,,strong,
jonesConfig_maxControlStrLen,data,Jones3D,0x005510b8,0x005511d8,consensus,verified,,,strong,
jonesConfig_maxControlWords,data,Jones3D,0x005510bc,0x005511dc,consensus,verified,,,strong,
jonesConfig_maxControlPaddedStrLen,data,Jones3D,0x005510c0,0x005511e0,consensus,verified,,,strong,
jonesConfig_maxActionStrLen,data,Jones3D,0x005510c4,0x005511e4,consensus,verified,,,strong,
jonesConfig_controlOptions_curControlConfig,data,Jones3D,0x005510c8,0x005511e8,consensus,verified,,,strong,
jonesConfig_maxActionWords,data,Jones3D,0x005510e0,0x00551200,consensus,verified,,,strong,
jonesConfig_aGlyphMetrics,data,Jones3D,0x005510e8,0x00551208,consensus,verified,,,strong,
jonesConfig_textMetric,data,Jones3D,0x00551ce8,0x00551e08,consensus,verified,,,strong,
jonesConfig_maxActionPaddedStrLen,data,Jones3D,0x00551d20,0x00551e40,consensus,verified,,,strong,
jonesConfig_apDialogIcons,data,Jones3D,0x00551d28,0x00551e48,consensus,verified,,,strong,
jonesConfig_aKeySetsDirPath,data,Jones3D,0x00551d40,0x00551e60,consensus,verified,,,strong,
jonesConfig_gamePlayOptions_bDefaultRun,data,Jones3D,0x00551dc0,0x00551ee0,consensus,verified,,,strong,
jonesConfig_gameStatistics_curLevelNum,data,Jones3D,0x00551dc4,0x00551ee4,consensus,verified,,,strong,
jonesConfig_bStartup,data,Jones3D,0x00551dc8,0x00551ee8,consensus+review,verified,,,weak,
jonesConfig_bTextMetricInited,data,Jones3D,0x00551dcc,0x00551eec,consensus,verified,,,strong,
jonesConfig_hFontMessageDialog,data,Jones3D,0x00551dd0,0x00551ef0,consensus,verified,,,strong,
jonesConfig_hFontSaveGameDlg,data,Jones3D,0x00551dd4,0x00551ef4,consensus,verified,,,strong,
jonesConfig_hFontExitDlg,data,Jones3D,0x00551dd8,0x00551ef8,consensus,verified,,,strong,
jonesConfig_hFontGameSaveMsgBox,data,Jones3D,0x00551ddc,0x00551efc,consensus,verified,,,strong,
jonesConfig_hFontLoadGameDlg,data,Jones3D,0x00551de0,0x00551f00,usage,verified,,,strong,
jonesConfig_hFontGamePlayOptionsDlg,data,Jones3D,0x00551de4,0x00551f04,usage,verified,,,strong,
jonesConfig_hFontControlOptions,data,Jones3D,0x00551de8,0x00551f08,usage,verified,,,strong,
jonesConfig_controlOptions_pCurNewScheme,data,Jones3D,0x00551dec,0x00551f0c,usage,verified,,,strong,
jonesConfig_hFontCreateControlSchemeDlg,data,Jones3D,0x00551df0,0x00551f10,usage,verified,,,strong,
jonesConfig_hFontEditControlShceme,data,Jones3D,0x00551df4,0x00551f14,usage,verified,,,strong,
jonesConfig_hFontAssignKeyDlg,data,Jones3D,0x00551df8,0x00551f18,usage,verified,,,strong,
jonesConfig_assignKey_bControlsActive,data,Jones3D,0x00551dfc,0x00551f1c,usage,verified,,,strong,
jonesConfig_hFontReassignKeyDlg,data,Jones3D,0x00551e00,0x00551f20,usage,verified,,,strong,
jonesConfig_hFontDisplaySettingsDlg,data,Jones3D,0x00551e04,0x00551f24,usage,verified,,,strong,
jonesConfig_hFontAdvanceDisplaySettingsDialog,data,Jones3D,0x00551e08,0x00551f28,usage,verified,,,strong,
jonesConfig_hFontSoundSettings,data,Jones3D,0x00551e0c,0x00551f2c,usage,verified,,,strong,
jonesConfig_soundSettings_hSndChannel,data,Jones3D,0x00551e10,0x00551f30,usage,verified,,,strong,
jonesConfig_soundSettings_curSoundVolume,data,Jones3D,0x00551e14,0x00551f34,usage,verified,,,strong,
jonesConfig_hFontGameOverDialog,data,Jones3D,0x00551e18,0x00551f38,consensus,verified,,,strong,
jonesConfig_hFontGameStatisticsDialog,data,Jones3D,0x00551e1c,0x00551f3c,consensus,verified,,,strong,
jonesConfig_hFontLevelCopletedDialog,data,Jones3D,0x00551e20,0x00551f40,consensus,verified,,,strong,
jonesConfig_hFontStoreDialog,data,Jones3D,0x00551e24,0x00551f44,consensus,verified,,,strong,
jonesConfig_hFontPurchaseMessageBox,data,Jones3D,0x00551e28,0x00551f48,consensus,verified,,,strong,
jonesConfig_hFontDialogInsertCD,data,Jones3D,0x00551e2c,0x00551f4c,consensus,verified,,,strong,
std_g_aEmptyString,data,std,0x00551e30,0x00551f50,consensus+review,verified,,live,weak,
JonesConsole_aCmdLine,data,Jones3D,0x00551e38,0x00551f58,consensus,verified,,,strong,
JonesConsole_aBuffers,data,Jones3D,0x00551eb8,0x00551fd8,consensus,verified,,,strong,
JonesConsole_nextIndex,data,Jones3D,0x00552764,0x00552884,consensus,verified,,,strong,
JonesConsole_aUnused_552770,data,Jones3D,0x00552770,0x00552890,consensus,verified,,,strong,
JonesConsole_cursorPos,data,Jones3D,0x00553070,0x00553190,consensus,verified,,,strong,
JonesConsole_pFont,data,Jones3D,0x00553078,0x00553198,consensus,verified,,,strong,
JonesConsole_g_bVisible,data,Jones3D,0x0055307c,0x0055319c,consensus,verified,,live,strong,
JonesConsole_g_bStarted,data,Jones3D,0x00553080,0x005531a0,consensus,verified,,live,strong,
JonesConsole_bOpened,data,Jones3D,0x00553084,0x005531a4,consensus,verified,,,strong,
JonesConsole_pFuncHashtbl,data,Jones3D,0x00553088,0x005531a8,consensus+review,verified,,,weak,
JonesControl_bStartup,data,Jones3D,0x0055308c,0x005531ac,consensus,verified,,,strong,
JonesDialog_mousePos,data,Jones3D,0x00553090,0x005531b0,consensus,verified,,,strong,
JonesDialog_pfGetDrawBufferDC,data,Jones3D,0x00553098,0x005531b8,consensus,verified,,,strong,
JonesDialog_szErrorBuffer,data,Jones3D,0x005530a0,0x005531c0,consensus,verified,,,strong,
JonesDialog_GDIDIBSectionInfoOffScreen,data,Jones3D,0x005531a0,0x005532c0,consensus,verified,,,strong,
JonesDialog_pfReleaseDC,data,Jones3D,0x005531dc,0x005532fc,consensus,verified,,,strong,
JonesDialog_windowRect,data,Jones3D,0x005531e0,0x00553300,consensus,verified,,,strong,
JonesDialog_windowPos,data,Jones3D,0x005531f0,0x00553310,consensus,verified,,,strong,
JonesDialog_stru_553210,data,Jones3D,0x00553210,0x00553330,consensus,verified,,,strong,
JonesDialog_cursorInfo,data,Jones3D,0x00553220,0x00553340,consensus,verified,,,strong,
JonesDialog_GDIDIBSectionInfo,data,Jones3D,0x00553290,0x005533b0,consensus,verified,,,strong,
JonesDialog_stru_5532D0,data,Jones3D,0x005532d0,0x005533f0,consensus,verified,,,strong,
JonesDialog_pfFlipPage,data,Jones3D,0x005532e0,0x00553400,consensus,verified,,,strong,
JonesDialog_dword_5532E4,data,Jones3D,0x005532e4,0x00553404,consensus,verified,,,strong,
JonesDialog_bCursorTrackingInited,data,Jones3D,0x005532e8,0x00553408,consensus,verified,,,strong,
JonesDialog_dword_5532EC,data,Jones3D,0x005532ec,0x0055340c,consensus,verified,,,strong,
JonesDisplay_backBufferWidth,data,Jones3D,0x005532f0,0x00553410,consensus+review,verified,,,weak,
JonesDisplay_backBufferHeight,data,Jones3D,0x005532f4,0x00553414,interpolated+review,verified,,,weak,
JonesDisplay_pCanvas,data,Jones3D,0x005532f8,0x00553418,usage,verified,,,strong,
JonesDisplay_bDualMonitor,data,Jones3D,0x005532fc,0x0055341c,usage,verified,,,strong,
JonesDisplay_pWallpaper,data,Jones3D,0x00553300,0x00553420,usage,verified,,,strong,
JonesDisplay_pWallLine,data,Jones3D,0x00553304,0x00553424,consensus,verified,,,strong,
JonesDisplay_hSndLoadMusic,data,Jones3D,0x00553308,0x00553428,consensus,verified,,,strong,
JonesDisplay_hSndChannelLoadMusic,data,Jones3D,0x0055330c,0x0055342c,consensus,verified,,,strong,
JonesDisplay_openLoadScreenCounter,data,Jones3D,0x00553310,0x00553430,consensus,verified,,,strong,
JonesDisplay_bUpdateLoadScreen,data,Jones3D,0x00553318,0x00553438,consensus,verified,,,strong,
JonesDisplay_loadScreenState,data,Jones3D,0x0055331c,0x0055343c,consensus,verified,,,strong,
JonesDisplay_bPrimaryLoadMusic,data,Jones3D,0x00553324,0x00553444,consensus,verified,,,strong,
JonesDisplay_dword_553328,data,Jones3D,0x00553328,0x00553448,consensus,verified,,,strong,
JonesDisplay_dword_55332C,data,Jones3D,0x0055332c,0x0055344c,consensus,verified,,,strong,
JonesFile_aResources,data,Jones3D,0x00553330,0x00553450,consensus,verified,,,strong,
JonesFile_sysHS,data,Jones3D,0x00553640,0x00553760,consensus,verified,,,strong,
JonesFile_aPathBuf,data,Jones3D,0x005536b0,0x005537d0,consensus,verified,,,strong,
JonesFile_aFileHandles,data,Jones3D,0x005536e0,0x00553800,consensus,verified,,,strong,
JonesFile_bStartup,data,Jones3D,0x00554130,0x00554250,consensus,verified,,,strong,
JonesFile_bOpened,data,Jones3D,0x00554134,0x00554254,consensus,verified,,,strong,
JonesFile_pSysEnv,data,Jones3D,0x00554138,0x00554258,consensus,verified,,,strong,
JonesFile_pHS,data,Jones3D,0x0055413c,0x0055425c,consensus,verified,,,strong,
JonesFile_hsInitCount,data,Jones3D,0x00554140,0x00554260,consensus,verified,,,strong,
JonesHud_bCutsceneStart,data,Jones3D,0x00554148,0x00554268,consensus,verified,,,strong,
JonesHud_healthIndBarPos,data,Jones3D,0x00554150,0x00554270,consensus,verified,,,strong,
JonesHud_msecDeltaTime,data,Jones3D,0x00554160,0x00554280,consensus,verified,,,strong,
JonesHud_apMenuItems,data,Jones3D,0x00554168,0x00554288,consensus,verified,,,strong,
JonesHud_hudState,data,Jones3D,0x00554380,0x005544a0,consensus,verified,,,strong,
JonesHud_msecGameOverWaitDeltaTime,data,Jones3D,0x00554384,0x005544a4,consensus,verified,,,strong,
JonesHud_enduranceIndBarPos,data,Jones3D,0x00554388,0x005544a8,consensus,verified,,,strong,
JonesHud_creditsSomeIdx,data,Jones3D,0x00554398,0x005544b8,consensus+review,verified,,,weak,
JonesHud_screenHeightScalar,data,Jones3D,0x0055439c,0x005544bc,consensus+review,verified,,,weak,
JonesHud_screenWidthScalar,data,Jones3D,0x005543a0,0x005544c0,consensus+review,verified,,,weak,
JonesHud_selectedTreasuresMenuItemID,data,Jones3D,0x005543a4,0x005544c4,consensus,verified,,,strong,
JonesHud_healthIndRect,data,Jones3D,0x005543a8,0x005544c8,consensus,verified,,,strong,
JonesHud_indScale,data,Jones3D,0x005543b8,0x005544d8,consensus+review,verified,,,weak,
JonesHud_curCelNum,data,Jones3D,0x005543bc,0x005544dc,consensus+review,verified,,,weak,
JonesHud_msecTime,data,Jones3D,0x005543c0,0x005544e0,consensus,verified,,,strong,
JonesHud_camMatrix,data,Jones3D,0x005543c8,0x005544e8,consensus,verified,,,strong,
JonesHud_pCreditsFont2,data,Jones3D,0x005543f8,0x00554518,consensus,verified,,,strong,
JonesHud_aSlectedNdsFilePath,data,Jones3D,0x00554400,0x00554520,consensus,verified,,,strong,
JonesHud_rootMenuItemId,data,Jones3D,0x00554480,0x005545a0,usage,verified,,,strong,
JonesHud_maxItemZ,data,Jones3D,0x00554484,0x005545a4,interpolated+review,verified,,,weak,
JonesHud_bIMPState,data,Jones3D,0x00554488,0x005545a8,usage,verified,,,strong,
JonesHud_bBonusMapBought,data,Jones3D,0x0055448c,0x005545ac,consensus,verified,,,strong,
JonesHud_apCreditsMats,data,Jones3D,0x00554490,0x005545b0,consensus,verified,,,strong,
JonesHud_pCreditsFont1,data,Jones3D,0x005549a4,0x00554acc,consensus,verified,,,strong,
JonesHud_msecLastKeyPressTime,data,Jones3D,0x005549a8,0x00554ad0,consensus,verified,,,strong,
JonesHud_selectedWeaponMenuItemID,data,Jones3D,0x005549ac,0x00554ad4,consensus,verified,,,strong,
JonesHud_selectedOptionsMenuItemID,data,Jones3D,0x005549b0,0x00554ad8,consensus+review,verified,,,weak,
JonesHud_msecRaftIndicatorFadeTime,data,Jones3D,0x005549b4,0x00554adc,consensus,verified,,,strong,
JonesHud_foundTreasureValue,data,Jones3D,0x005549b8,0x00554ae0,consensus,verified,,,strong,
JonesHud_curHealth,data,Jones3D,0x005549bc,0x00554ae4,consensus,verified,,,strong,
JonesHud_creditTextHeight,data,Jones3D,0x005549c0,0x00554ae8,usage,verified,,,strong,
JonesHud_nearClipPlane,data,Jones3D,0x005549c4,0x00554aec,usage,verified,,,strong,
JonesHud_aActivateKeyIds,data,Jones3D,0x005549c8,0x00554af0,usage,verified,,,strong,
JonesHud_aCosSinTableScaled,data,Jones3D,0x005549e8,0x00554b10,usage,verified,,,strong,
JonesHud_bInterfaceEnabled,data,Jones3D,0x00554aa8,0x00554bd0,usage,verified,,,strong,
JonesHud_bufferHeight,data,Jones3D,0x00554aac,0x00554bd4,interpolated+review,verified,,,weak,
JonesHud_aCreditsTextHeights,data,Jones3D,0x00554ab0,0x00554bd8,interpolated+review,verified,,,weak,
JonesHud_levelStartIQPoints,data,Jones3D,0x00554fc4,0x005550ec,interpolated+review,verified,,,strong,
JonesHud_enduranceRect,data,Jones3D,0x00554fc8,0x005550f4,consensus,verified,,,strong,
JonesHud_dword_554FDC,data,Jones3D,0x00554fdc,0x00555108,interpolated+review,verified,,,strong,
JonesHud_flt_554FE0,data,Jones3D,0x00554fe0,0x0055510c,consensus,verified,,,strong,
JonesHud_flt_554FE4,data,Jones3D,0x00554fe4,0x00555114,consensus,verified,,,strong,
JonesHud_creditsSomeIdx_0,data,Jones3D,0x00554fe8,0x00555118,consensus+review,verified,,,weak,
JonesHud_selectedItemsMenuItemID,data,Jones3D,0x00554fec,0x0055511c,consensus,verified,,,strong,
JonesHud_numFoundTreasures,data,Jones3D,0x00554ff0,0x00555120,consensus,verified,,,strong,
JonesHud_creditsSomeIdx_1,data,Jones3D,0x00554ff4,0x00555124,consensus+review,verified,,,weak,
JonesHud_aSoundFxHandles,data,Jones3D,0x00554ff8,0x00555128,consensus,verified,,,strong,
JonesHud_flt_555034,data,Jones3D,0x00555034,0x00555164,consensus,verified,,,strong,
JonesHud_flt_555038,data,Jones3D,0x00555038,0x00555168,consensus,verified,,,strong,
JonesHud_flt_55503C,data,Jones3D,0x0055503c,0x0055516c,consensus,verified,,,strong,
JonesHud_bufferWidth,data,Jones3D,0x00555040,0x00555170,consensus+review,verified,,,weak,
JonesHud_healthIndAlpha,data,Jones3D,0x00555044,0x00555174,consensus,verified,,,strong,
JonesHud_bFadeHealthHUD,data,Jones3D,0x00555048,0x00555178,consensus,verified,,,strong,
JonesHud_aCosSinTable,data,Jones3D,0x00555050,0x00555180,consensus,verified,,,strong,
JonesHud_msecHealthIndLastFadeUpdate,data,Jones3D,0x00555110,0x00555240,consensus+review,verified,,,weak,
JonesHud_playerHealthFadeStart,data,Jones3D,0x00555114,0x00555244,consensus+review,verified,,,weak,
JonesHud_bStartup,data,Jones3D,0x00555118,0x00555248,consensus,verified,,,strong,
JonesHud_bOpen,data,Jones3D,0x0055511c,0x0055524c,consensus,verified,,,strong,
JonesHud_pArrowUp,data,Jones3D,0x00555120,0x00555250,consensus,verified,,,strong,
JonesHud_pArrowDown,data,Jones3D,0x00555124,0x00555254,consensus,verified,,,strong,
JonesHud_bHealthIndFadeSet,data,Jones3D,0x00555128,0x00555258,consensus,verified,,,strong,
JonesHud_pHudBaseMat,data,Jones3D,0x0055512c,0x0055525c,consensus+review,verified,,,weak,
JonesHud_pHealthOverlay,data,Jones3D,0x00555130,0x00555260,interpolated+review,verified,,,weak,
JonesHud_pHealthOverlayHitMat,data,Jones3D,0x00555134,0x00555264,interpolated+review,verified,,,weak,
JonesHud_pPoisonedOverlayMat,data,Jones3D,0x00555138,0x00555268,interpolated+review,verified,,,weak,
JonesHud_pEnduranceOverlayMat,data,Jones3D,0x0055513c,0x0055526c,interpolated+review,verified,,,weak,
JonesHud_pMenuFont,data,Jones3D,0x00555140,0x00555270,interpolated+review,verified,,,weak,
JonesHud_pMenuItemLinkedList,data,Jones3D,0x00555144,0x00555274,usage,verified,,,strong,
JonesHud_pCloseMenuItem,data,Jones3D,0x00555148,0x00555278,usage,verified,,,strong,
JonesHud_item_flag_state_55514C,data,Jones3D,0x0055514c,0x0055527c,usage,verified,,,strong,
JonesHud_pCurSelectedMenuItem,data,Jones3D,0x00555150,0x00555280,usage,verified,,,strong,
JonesHud_pCurInvChangedItem,data,Jones3D,0x00555154,0x00555284,usage,verified,,,strong,
JonesHud_bExitActivated,data,Jones3D,0x00555158,0x00555288,usage,verified,,,strong,
JonesHud_dword_55515C,data,Jones3D,0x0055515c,0x0055528c,usage,verified,,,strong,
JonesHud_bRestoreActivated,data,Jones3D,0x00555160,0x00555290,usage+review,verified,,,strong,
JonesHud_bRestoreGameStatistics,data,Jones3D,0x00555164,0x00555294,usage,verified,,,strong,
JonesHud_bItemActivated,data,Jones3D,0x00555168,0x00555298,usage,verified,,,strong,
JonesHud_bMenuEnabled,data,Jones3D,0x0055516c,0x0055529c,usage,verified,,,strong,
JonesHud_pHudCamera,data,Jones3D,0x00555170,0x005552a0,usage,verified,,,strong,
JonesHud_pHudCanvas,data,Jones3D,0x00555174,0x005552a4,usage,verified,,,strong,
JonesHud_bMapOpen,data,Jones3D,0x00555178,0x005552a8,usage,verified,,,strong,
JonesHud_bShowMenu,data,Jones3D,0x0055517c,0x005552ac,usage,verified,,,strong,
JonesHud_hCurSndChannel,data,Jones3D,0x00555184,0x005552b4,usage,verified,,,strong,
JonesHud_bFadingHealthHUD,data,Jones3D,0x00555188,0x005552b8,interpolated+review,verified,,,weak,
JonesHud_hitOverlayAlphaState,data,Jones3D,0x0055518c,0x005552bc,interpolated+review,verified,,,weak,
JonesHud_hitOverlayAlpha,data,Jones3D,0x00555190,0x005552c0,interpolated+review,verified,,,weak,
JonesHud_bKeyStateUpdated,data,Jones3D,0x00555194,0x005552c4,usage,verified,,,strong,
JonesHud_hProcessHelp,data,Jones3D,0x00555198,0x005552c8,usage,verified,,,strong,
JonesHud_msecCreditsElapsedTime,data,Jones3D,0x0055519c,0x005552cc,usage,verified,,,strong,
JonesHud_msecCreditsFadeStart,data,Jones3D,0x005551a0,0x005552d0,usage,verified,,,strong,
JonesHud_creditsSomeHeightRatio,data,Jones3D,0x005551a4,0x005552d4,usage,verified,,,strong,
JonesHud_bFinishingCredits,data,Jones3D,0x005551a8,0x005552d8,interpolated+review,verified,,,weak,
JonesHud_bSomeCreditsBoolean,data,Jones3D,0x005551ac,0x005552dc,smoothed+review,verified,,,weak,
jonesInventory_pGameStatistics,data,Jones3D,0x005551b0,0x005552e0,consensus,verified,,,strong,
jonesInventory_msecStatisticsGameTime,data,Jones3D,0x005551b4,0x005552e4,consensus,verified,,,strong,
JonesMain_curLevelNum,data,Jones3D,0x005551b8,0x005552e8,consensus,verified,,,strong,
JonesMain_curGamesaveState,data,Jones3D,0x005551bc,0x005552ec,consensus,verified,,,strong,
JonesMain_aToggleMenuKeyIds,data,Jones3D,0x005551c0,0x005552f0,usage,verified,,,strong,
JonesMain_introVideoMode,data,Jones3D,0x005551e0,0x00555310,usage,verified,,,strong,
JonesMain_state,data,Jones3D,0x005551e8,0x00555318,usage,verified,,,strong,
JonesMain_hs,data,Jones3D,0x005553f0,0x00555520,consensus,verified,,,strong,
JonesMain_bNoProcessWndEvents,data,Jones3D,0x00555460,0x00555590,consensus,verified,,,strong,
JonesMain_circBuf,data,Jones3D,0x00555468,0x00555598,usage,verified,,,strong,
JonesMain_pLogFile,data,Jones3D,0x0055547c,0x005555ac,usage,verified,,,strong,
JonesMain_g_mainMutex,data,Jones3D,0x00555480,0x005555b8,consensus,verified,,live,strong,
JonesMain_bPrintFramerate,data,Jones3D,0x00555484,0x005555bc,consensus,verified,,,strong,
JonesMain_bWndMsgProcessed,data,Jones3D,0x00555488,0x005555c0,consensus,verified,,,strong,
JonesMain_bGamePaused,data,Jones3D,0x0055548c,0x005555c4,consensus,verified,,,strong,
JonesMain_bStartup,data,Jones3D,0x00555490,0x005555c8,consensus,verified,,,strong,
JonesMain_pNdsFileName,data,Jones3D,0x00555498,0x00555290,consensus,doubtful,,,strong,
JonesMain_pDisplayEnv,data,Jones3D,0x00555518,0x00555650,usage,verified,,,strong,
JonesMain_bRefreshDisplayDevice,data,Jones3D,0x0055551c,0x00555654,consensus,verified,,,strong,
JonesMain_bSystemSuspended,data,Jones3D,0x00555520,0x00555658,consensus,verified,,,strong,
JonesMain_bSkipIntro,data,Jones3D,0x00555524,0x0055565c,consensus,verified,,,strong,
JonesMain_aIntroMovieColorTable,data,Jones3D,0x00555528,0x00555660,consensus,verified,,,strong,
JonesMain_bPrintQuickSave,data,Jones3D,0x0055552c,0x00555664,consensus,verified,,,strong,
JonesMain_bAppActivated,data,Jones3D,0x00555530,0x00555668,consensus,verified,,,strong,
JonesMain_pfCurProcess,data,Jones3D,0x00555534,0x0055566c,usage,verified,,,strong,
JonesMain_bEndCredits,data,Jones3D,0x00555538,0x00555670,interpolated+review,verified,,,strong,
JonesMain_hSndCredits,data,Jones3D,0x0055553c,0x00555674,usage,verified,,,strong,
JonesMain_hCreditsMusic,data,Jones3D,0x00555540,0x00555678,usage,verified,,,strong,
JonesMain_bMenuToggled,data,Jones3D,0x00555544,0x0055567c,interpolated+review,verified,,,strong,
JonesMain_bDisplayError,data,Jones3D,0x00555548,0x00555680,interpolated+review,verified,,,weak,
JonesMain_frameRate,data,Jones3D,0x0055554c,0x00555684,interpolated+review,verified,,,strong,
JonesMain_frameCount,data,Jones3D,0x00555550,0x00555688,usage,verified,,,strong,
JonesMain_prevFrameCount,data,Jones3D,0x00555554,0x0055568c,usage,verified,,,strong,
JonesMain_frameTime,data,Jones3D,0x00555558,0x00555690,usage,verified,,,strong,
JonesMain_prevFrameTime,data,Jones3D,0x0055555c,0x00555694,usage,verified,,,strong,
JonesMain_bEnteredOnce,data,Jones3D,0x00555564,0x0055526c,consensus,doubtful,,,strong,
JonesMain_curVideoMode,data,Jones3D,0x00555568,0x005556a8,consensus,verified,,,strong,
JonesMain_pStartupDisplayEnv,data,Jones3D,0x005555b8,0x005556f8,consensus,verified,,,strong,
jonesString_jonesStringsTbl,data,Jones3D,0x005555c0,0x00555700,consensus,verified,,,strong,
jonesString_aBuffer,data,Jones3D,0x005555d0,0x00555710,consensus,verified,,,strong,
jonesString_bStarted,data,Jones3D,0x005557d0,0x00555910,consensus,verified,,,strong,
sithCog_aCogLinkSectors,data,sith,0x005557d8,0x00555918,consensus+review,verified,,,weak,
sithCog_aThingLinks,data,sith,0x005577d8,0x00557918,consensus+review,verified,,,weak,
sithCog_aCogLinkSurfaces,data,sith,0x0055c7d8,0x0055c918,consensus+review,verified,,,weak,
sithCog_bCogStartup,data,sith,0x0055e7d8,0x0055e918,consensus,verified,,,strong,
sithCog_bCogOpen,data,sith,0x0055e7dc,0x0055e91c,consensus,verified,,,strong,
sithCog_numThingLinks,data,sith,0x0055e7e0,0x0055e920,consensus+review,verified,,,weak,
sithCog_numSurfLinks,data,sith,0x0055e7e4,0x0055e924,consensus+review,verified,,,weak,
sithCog_numSectorLinks,data,sith,0x0055e7e8,0x0055e928,consensus+review,verified,,,weak,
sithCog_pHashtable,data,sith,0x0055e7ec,0x0055e92c,consensus,verified,,,strong,
sithPlayer_awLocalPlayerName,data,sith,0x0055e7f0,0x0055e930,consensus,verified,,,strong,
sithPlayer_g_playerNum,data,sith,0x0055e870,0x0055e9b0,consensus,verified,,live,strong,
sithPlayer_g_numPlayers,data,sith,0x0055e874,0x0055e9b4,consensus,verified,,live,strong,
sithPlayer_g_pLocalPlayerThing,data,sith,0x0055e878,0x0055e9b8,consensus,verified,,live,strong,
sithPlayer_g_pLocalPlayer,data,sith,0x0055e87c,0x0055e9bc,consensus,verified,,live,strong,
sithPlayer_g_bPlayerInvulnerable,data,sith,0x0055e880,0x0055e9c0,consensus,verified,,live,strong,
sithPlayer_g_bInAetheriumSector,data,sith,0x0055e884,0x0055e9c4,consensus,verified,,live,strong,
sithPlayer_g_bGuybrush,data,sith,0x0055e888,0x0055e9c8,consensus,verified,,live,strong,
sithPlayer_g_curLevelNum,data,sith,0x0055e88c,0x0055e9cc,consensus,verified,,live,strong,
sithPlayer_g_bBonusMapBought,data,sith,0x0055e890,0x0055e9d0,consensus,verified,,live,strong,
sithSoundMixer_bStartup,data,sith,0x0055e894,0x0055e9d4,consensus,verified,,,strong,
sithSoundMixer_pCurSector,data,sith,0x0055e898,0x0055e9d8,consensus,verified,,,strong,
sithSoundMixer_hCurAmbientChannel,data,sith,0x0055e89c,0x0055e9dc,consensus,verified,,,strong,
sithOverlayMap_mapOrient,data,sith,0x0055e8a0,0x0055e9e0,consensus,verified,,,strong,
sithOverlayMap_pLocalPlayer,data,sith,0x0055e8d0,0x0055ea10,consensus,verified,,,strong,
sithOverlayMap_aIndyIcons,data,sith,0x0055e8d8,0x0055ea18,consensus,verified,,,strong,
sithOverlayMap_aMarkIcons,data,sith,0x0055e900,0x0055ea40,consensus,verified,,,strong,
sithOverlayMap_canvasPos,data,sith,0x0055e928,0x0055ea68,consensus,verified,,,strong,
sithOverlayMap_config,data,sith,0x0055e930,0x0055ea70,consensus,verified,,,strong,
sithOverlayMap_pCurWorld,data,sith,0x0055e95c,0x0055ea9c,consensus,verified,,,strong,
sithOverlayMap_aHintIcons,data,sith,0x0055e960,0x0055eaa0,consensus,verified,,,strong,
sithOverlayMap_vertexScale,data,sith,0x0055e988,0x0055eac8,consensus,verified,,,strong,
sithOverlayMap_curHintNum,data,sith,0x0055e98c,0x0055eacc,consensus,verified,,,strong,
sithOverlayMap_bMapVisible,data,sith,0x0055e990,0x0055ead0,consensus,verified,,,strong,
sithOverlayMap_bNoSeenHintsCount,data,sith,0x0055e994,0x0055ead4,consensus,verified,,,strong,
sithOverlayMap_curHintIconNum,data,sith,0x0055e998,0x0055ead8,consensus,verified,,,strong,
sithOverlayMap_curIndyIconNum,data,sith,0x0055e99c,0x0055eadc,consensus,verified,,,strong,
sithOverlayMap_curMarkIconNum,data,sith,0x0055e9a0,0x0055eae0,consensus,verified,,,strong,
sithOverlayMap_bOpened,data,sith,0x0055e9a4,0x0055eae4,consensus,verified,,,strong,
sithOverlayMap_bShowHints,data,sith,0x0055e9a8,0x0055eae8,consensus,verified,,,strong,
sithOverlayMap_iconBlinkStep,data,sith,0x0055e9ac,0x0055eaec,consensus,verified,,,strong,
sithOverlayMap_msecLastIconBlinkUpdate,data,sith,0x0055e9b0,0x0055eaf0,consensus,verified,,,strong,
sithAI_pRegisteredInstinctHashtbl,data,sith,0x0055e9b8,0x0055eaf8,consensus+review,verified,,,weak,
sithAI_numFreeAIs,data,sith,0x0055e9bc,0x0055eafc,consensus+review,verified,,,weak,
sithAI_aFreeAIIndices,data,sith,0x0055e9c0,0x0055eb00,consensus+review,verified,,,weak,
sithAI_g_bOpen,data,sith,0x0055edc0,0x0055ef00,consensus,verified,,live,strong,
sithAI_bStartup,data,sith,0x0055edc4,0x0055ef04,consensus+review,verified,,,weak,
sithAI_aRegisteredInstincts,data,sith,0x0055edc8,0x0055ef08,consensus+review,verified,,,weak,
sithAI_numRegisteredInstincts,data,sith,0x0055edcc,0x0055ef0c,consensus+review,verified,,,weak,
sithPlayerActions_climbPupTrackNum,data,sith,0x0055edd4,0x0055ef14,consensus+review,verified,,,weak,
sithPlayerControls_bActionKeyActive,data,sith,0x0055edd8,0x0055ef18,consensus,verified,,,strong,
sithPlayerControls_g_bCutsceneMode,data,sith,0x0055eddc,0x0055ef1c,consensus,verified,,live,strong,
sithPlayerControls_pMovableThing,data,sith,0x0055ede0,0x0055ef20,consensus+review,verified,,,weak,
sithPlayerControls_curJumpDirection,data,sith,0x0055ede4,0x0055ef24,consensus,verified,,,strong,
sithPlayerControls_pCurActivatedThing,data,sith,0x0055ede8,0x0055ef28,consensus+review,verified,,,weak,
sithPlayerControls_bJumpActivated,data,sith,0x0055edec,0x0055ef2c,consensus+review,verified,,,weak,
sithPlayerControls_bLookKeyActive,data,sith,0x0055edf0,0x0055ef30,consensus,verified,,,strong,
sithPlayerControls_bHealthKeyActive,data,sith,0x0055edf4,0x0055ef34,usage,verified,,,strong,
sithPlayerControls_pBoardedVehicleThing,data,sith,0x0055edf8,0x0055ef38,usage,verified,,,strong,
sithPlayerControls_pTargetThing,data,sith,0x0055edfc,0x0055ef3c,consensus,verified,,,strong,
sithPlayerControls_msecUnknownTimer,data,sith,0x0055ee00,0x0055ef40,usage,verified,,,strong,
sithPlayerControls_curMoveStatus,data,sith,0x0055ee04,0x0055ef44,usage,verified,,,strong,
sithPlayerControls_bTurnRightKeyActive,data,sith,0x0055ee08,0x0055ef48,consensus,verified,,,strong,
sithPlayerControls_bTurnLeftKeyActive,data,sith,0x0055ee0c,0x0055ef4c,consensus,verified,,,strong,
sithPlayerControls_secSwimIdleTime,data,sith,0x0055ee10,0x0055ef50,consensus,verified,,,strong,
sithPlayerControls_secCommentWaitTimer,data,sith,0x0055ee14,0x0055ef54,consensus,verified,,,strong,
sithThing_apUnsyncedThings,data,sith,0x0055ee18,0x0055ef58,consensus,verified,,,strong,
sithThing_pParseHashtbl,data,sith,0x0055ee58,0x0055ef98,consensus,verified,,,strong,
sithThing_prevQuetzAttachInfo,data,sith,0x0055ee5c,0x0055ef9c,consensus+review,verified,,live,weak,
sithThing_aFreeThingIdxs,data,sith,0x0055ee60,0x0055efa0,consensus,verified,,,strong,
sithThing_curQuetzAttachInfo,data,sith,0x00561260,0x005613a0,consensus+review,verified,,live,weak,
sithThing_aSyncFlags,data,sith,0x00561268,0x005613a8,consensus,verified,,,strong,
sithThing_numFreeThings,data,sith,0x005612a8,0x005613e8,consensus,verified,,,strong,
sithThing_numUnsyncedThings,data,sith,0x005612ac,0x005613ec,consensus,verified,,,strong,
sithThing_bThingStartup,data,sith,0x005612b0,0x005613f0,consensus,verified,,,strong,
sithThing_pfUnknownFunc,data,sith,0x005612b4,0x005613f4,consensus,verified,,,strong,
sithThing_dword_5612B8,data,sith,0x005612b8,0x005613f8,consensus+review,verified,,live,weak,
sithCamera_vecExtCameraPrevLookOffset,data,sith,0x005612c0,0x00561400,consensus,verified,,,strong,
sithCamera_idleCamOrient,data,sith,0x005612d0,0x00561410,consensus+review,verified,,,strong,
sithCamera_g_pCurCamera,data,sith,0x0056131c,0x0056145c,consensus,verified,,live,strong,
sithCamera_g_bExtCameraLookMode,data,sith,0x00561320,0x00561460,consensus,verified,,live,strong,
sithCamera_secFocusThingFadeInTime,data,sith,0x00561324,0x00561464,consensus+review,verified,,,strong,
sithCamera_bFocusThingInvisible,data,sith,0x00561328,0x00561468,consensus,verified,,,strong,
sithCamera_bUpdateCameraOffset,data,sith,0x0056132c,0x0056146c,consensus,verified,,,strong,
sithCamera_bStartup,data,sith,0x00561330,0x00561470,consensus,verified,,,strong,
sithCamera_bOpen,data,sith,0x00561334,0x00561474,consensus,verified,,,strong,
sithCamera_secLookOffsetTranslateDelta,data,sith,0x00561338,0x00561478,consensus,verified,,,strong,
sithWorld_pfLoadProgressCallback,data,sith,0x00561340,0x00561480,consensus+review,verified,,,weak,
sithWorld_aCopyrightBuf,data,sith,0x00561348,0x00561488,consensus+review,verified,,,weak,
sithWorld_aNdyParseHandlers,data,sith,0x00561808,0x00561948,consensus+review,verified,,,weak,
sithWorld_g_pCurrentWorld,data,sith,0x00562088,0x005621c8,consensus,verified,,live,strong,
sithWorld_g_pStaticWorld,data,sith,0x0056208c,0x005621cc,consensus,verified,,live,strong,
sithWorld_g_pLastLoadedWorld,data,sith,0x00562090,0x005621d0,consensus,verified,,live,strong,
sithWorld_aCurSection,data,sith,0x00562098,0x005621d8,consensus+review,verified,,,weak,
sithWorld_g_bLoading,data,sith,0x00562498,0x005625d8,consensus,verified,,live,strong,
sithWorld_numTextSectionParseHandlers,data,sith,0x0056249c,0x005625dc,consensus+review,verified,,,weak,
sithWorld_bWorldStartup,data,sith,0x005624a0,0x005625e0,consensus+review,verified,,,weak,
sithWorld_bValidCopyright,data,sith,0x005624a4,0x005625e4,consensus+review,verified,,,weak,
sithString_sithStringsTbl,data,sith,0x005624a8,0x005625e8,consensus+review,verified,,,weak,
sithString_voiceStringsTbl,data,sith,0x005624b8,0x005625f8,consensus+review,verified,,,weak,
sithString_bStartup,data,sith,0x005624c8,0x00562608,consensus+review,verified,,,weak,
sithControl_numControlCallbacks,data,sith,0x005624d0,0x00562610,consensus+review,verified,,,weak,
sithControl_aControlCallbacks,data,sith,0x005624d8,0x00562618,consensus+review,verified,,,weak,
sithControl_aControlFlags,data,sith,0x00562558,0x00562698,consensus+review,verified,,,weak,
sithControl_aControlBindings,data,sith,0x00562640,0x00562780,consensus+review,verified,,,weak,
sithControl_msecIdleTime,data,sith,0x00563ce8,0x00563e28,consensus+review,verified,,,weak,
sithControl_bControlStartup,data,sith,0x00563cec,0x00563e2c,consensus+review,verified,,,weak,
sithControl_bControlOpen,data,sith,0x00563cf0,0x00563e30,consensus+review,verified,,,weak,
sithMain_aLevelNdsFileNameBuf,data,sith,0x00563cf8,0x00563e38,consensus+review,verified,,,weak,
sithMain_aScreenShotsFileName,data,sith,0x00563ef8,0x00564038,consensus+review,verified,,,weak,
sithMain_aNdsLevelFilenameBuf,data,sith,0x00563f78,0x005640b8,consensus+review,verified,,,weak,
sithMain_aTmpQuickSavePrefix,data,sith,0x00564178,0x005642b8,consensus+review,verified,,,weak,
sithMain_aTmpSaveGameDirPath,data,sith,0x005641f8,0x00564338,consensus+review,verified,,,weak,
sithMain_aTmpAutoSaveFilePrefix,data,sith,0x00564278,0x005643b8,consensus+review,verified,,,weak,
sithMain_aTmpScreenShotDirPath,data,sith,0x005642f8,0x00564438,consensus+review,verified,,,weak,
sith_g_pHS,data,sith,0x00564378,0x005644b8,consensus,verified,,live,strong,
sithMain_dword_56437C,data,sith,0x0056437c,0x005644bc,consensus+review,verified,,,weak,
sithMain_bDrawPlayerMoveBounds,data,sith,0x00564380,0x005644c0,consensus+review,verified,,,weak,
sithMain_bDrawThingMoveBounds,data,sith,0x00564384,0x005644c4,consensus+review,verified,,,weak,
sithMain_bStartup,data,sith,0x00564388,0x005644c8,consensus+review,verified,,,weak,
sithMain_bOpen,data,sith,0x0056438c,0x005644cc,consensus+review,verified,,,weak,
sithMain_performanceLevel,data,sith,0x00564390,0x005644d0,consensus+review,verified,,,weak,
sithMain_pfOpenCallback,data,sith,0x00564394,0x005644d4,consensus+review,verified,,,weak,
sithGamesave_state,data,sith,0x00564398,0x005644d8,consensus,verified,,,strong,
sithGamesave_aLastFilename,data,sith,0x005643a0,0x005644e0,consensus,verified,,,strong,
sithGamesave_aNdsSaveSectionSizes,data,sith,0x00564420,0x00564560,consensus,verified,,,strong,
sithGamesave_gameStatistics,data,sith,0x00564460,0x005645a0,consensus,verified,,,strong,
sithGamesave_aPrevLevelFilename,data,sith,0x005646b0,0x005647f0,consensus,verified,,,strong,
sithGamesave_aCurFilename,data,sith,0x005646f0,0x00564830,consensus,verified,,,strong,
sithGamesave_bStatisticsLocked,data,sith,0x00564770,0x005648b0,consensus,verified,,,strong,
sithGamesave_pThumbnailImage,data,sith,0x00564774,0x005648b4,consensus,verified,,,strong,
sithGamesave_bThumbnail,data,sith,0x00564778,0x005648b8,consensus,verified,,,strong,
sithGamesave_hBmpThumbnail,data,sith,0x0056477c,0x005648bc,consensus,verified,,,strong,
sithGamesave_pfSaveGameCallback,data,sith,0x00564780,0x005648c0,consensus,verified,,,strong,
sithVoice_nextSubtitleNum,data,sith,0x00564788,0x005648c8,consensus+review,verified,,,weak,
sithVoice_aVoiceHeadHeights,data,sith,0x00564790,0x005648d0,consensus,verified,,,strong,
sithVoice_dword_5647A0,data,sith,0x005647a0,0x005648e0,consensus+review,verified,,,weak,
sithVoice_secNextHeadSwapTime,data,sith,0x005647a4,0x005648e4,consensus,verified,,,strong,
sithVoice_pTextFont,data,sith,0x005647a8,0x005648e8,consensus,verified,,,strong,
sithVoice_dword_5647AC,data,sith,0x005647ac,0x005648ec,consensus+review,verified,,,weak,
sithVoice_bOpen,data,sith,0x005647b0,0x005648f0,consensus,verified,,,strong,
sithVoice_bStartup,data,sith,0x005647b4,0x005648f4,consensus,verified,,,strong,
sithVoice_bShowText,data,sith,0x005647b8,0x005648f8,consensus,verified,,,strong,
sithVoice_bThingHasSwapHeadRdModel,data,sith,0x005647bc,0x005648fc,consensus+review,verified,,,weak,
sithVoice_headHeight,data,sith,0x005647c0,0x00564900,consensus+review,verified,,,weak,
sithRender_aVisibleSectors,data,sith,0x005647c8,0x00564908,consensus,verified,,,strong,
sithRender_aClipVertices,data,sith,0x005649d0,0x00564b10,consensus,verified,,,strong,
sithRender_lastPVSIndex,data,sith,0x00564d90,0x00564ed0,consensus,verified,,,strong,
sithRender_aFaceVerts,data,sith,0x00564d98,0x00564ed8,consensus+review,verified,,,weak,
sithRender_aVisibleAdjoins,data,sith,0x00564db8,0x00564ef8,consensus,verified,,,strong,
sithRender_curPVSIndex,data,sith,0x00564fbc,0x005650fc,consensus,verified,,,strong,
sithRender_renderflags,data,sith,0x00564fc0,0x00565100,consensus,verified,,,strong,
sithRender_numSectorPointLights,data,sith,0x00564fc4,0x00565104,consensus,verified,,,strong,
sithRender_numSpritesToDraw,data,sith,0x00564fc8,0x00565108,consensus,verified,,,strong,
sithRender_numAlphaAdjoins,data,sith,0x00564fcc,0x0056510c,consensus,verified,,,strong,
sithRender_aTransformedClipVertices,data,sith,0x005653d0,0x00565510,consensus,verified,,,strong,
sithRender_numVisibleThingSectors,data,sith,0x00565790,0x005658d0,consensus,verified,,,strong,
sithRender_aView,data,sith,0x00565798,0x005658d8,consensus+review,verified,,,weak,
sithRender_aSectorPointLights,data,sith,0x005657b8,0x005658f8,consensus,verified,,,strong,
sithRender_aThingLights,data,sith,0x005663b8,0x005664f8,consensus,verified,,,strong,
sithRender_aVisibleThingSectors,data,sith,0x00566fb8,0x005670f8,consensus,verified,,,strong,
sithRender_numSectorFrustums,data,sith,0x005673b8,0x005674f8,consensus,verified,,,strong,
sithRender_aSectorFrustrums,data,sith,0x005673c0,0x00567500,consensus,verified,,,strong,
sithRender_curSectorIdx,data,sith,0x0056a1c4,0x0056a304,consensus+review,verified,,,weak,
sithRender_aAlphaAdjoins,data,sith,0x0056a1c8,0x0056a308,consensus,verified,,,strong,
sithRender_aSurfaceTransformedVertices,data,sith,0x0056a2c8,0x0056a408,consensus,verified,,,strong,
sithRender_numThingLights,data,sith,0x0056a688,0x0056a7c8,consensus,verified,,,strong,
sithRender_numRenderedSectors,data,sith,0x0056a68c,0x0056a7cc,consensus,verified,,,strong,
sithRender_g_numDrawnThings,data,sith,0x0056a690,0x0056a7d0,consensus,verified,,live,strong,
sithRender_g_numArchPolys,data,sith,0x0056a694,0x0056a7d4,consensus,verified,,live,strong,
sithRender_g_numAlphaArchPolys,data,sith,0x0056a698,0x0056a7d8,consensus,verified,,live,strong,
sithRender_g_numThingPolys,data,sith,0x0056a69c,0x0056a7dc,consensus,verified,,live,strong,
sithRender_g_numAlphaThingPoly,data,sith,0x0056a6a0,0x0056a7e0,consensus,verified,,live,strong,
sithRender_g_numVisibleAdjoins,data,sith,0x0056a6a4,0x0056a7e4,consensus,verified,,live,strong,
sithRender_totalVisibleThingSectors,data,sith,0x0056a6a8,0x0056a7e8,consensus,verified,,,strong,
sithRender_bResetCameraAspect,data,sith,0x0056a6ac,0x0056a7ec,consensus,verified,,,strong,
sithRender_pfUnknownFunc,data,sith,0x0056a6b0,0x0056a7f0,consensus+review,verified,,,weak,
sithRender_aAdjoinTable,data,sith,0x0056a6b4,0x0056a7f4,consensus,verified,,,strong,
sithConsole_curFlushIndex,data,sith,0x0056a6bc,0x0056a7fc,consensus+review,verified,,,weak,
sithConsole_endPrintIndex,data,sith,0x0056a6c0,0x0056a800,consensus+review,verified,,,weak,
sithConsole_apCommands,data,sith,0x0056a6c4,0x0056a804,consensus+review,verified,,,weak,
sithConsole_curPrintIndex,data,sith,0x0056a6c8,0x0056a808,consensus+review,verified,,,weak,
sithConsole_aBuffers,data,sith,0x0056a6d0,0x0056a810,consensus+review,verified,,,weak,
sithConsole_pTable,data,sith,0x0056b6d0,0x0056b810,consensus+review,verified,,,weak,
sithConsole_bOpen,data,sith,0x0056b6d4,0x0056b814,consensus+review,verified,,,weak,
sithConsole_bStarted,data,sith,0x0056b6d8,0x0056b818,consensus+review,verified,,,weak,
sithConsole_maxRegisteredCommands,data,sith,0x0056b6e0,0x0056b820,consensus+review,verified,,,weak,
sithConsole_numRegistredCommands,data,sith,0x0056b6e4,0x0056b824,consensus+review,verified,,,weak,
sithConsole_bufferSize,data,sith,0x0056b6e8,0x0056b828,consensus+review,verified,,,weak,
sithConsole_pfPrintString,data,sith,0x0056b6ec,0x0056b82c,consensus+review,verified,,,weak,
sithConsole_pfPrintWString,data,sith,0x0056b6f0,0x0056b830,consensus+review,verified,,,weak,
sithConsole_pfFlush,data,sith,0x0056b6f4,0x0056b834,interpolated+review,verified,,,weak,
sithWeapon_lastPlayerWeaponID,data,sith,0x0056b6fc,0x0056b83c,usage,verified,,,strong,
sithWeapon_bPlayerWeaponActivated,data,sith,0x0056b700,0x0056b840,usage,verified,,,strong,
sithWeapon_playerWhipHolsterSwapRefNum,data,sith,0x0056b704,0x0056b844,usage,verified,,,strong,
sithWeapon_playerPistolHolsterSwapRefNum,data,sith,0x0056b708,0x0056b848,usage,verified,,,strong,
sithWeapon_deactivatedPlayerWeaponID,data,sith,0x0056b70c,0x0056b84c,usage,verified,,,strong,
sithWeapon_secPlayerWeaponDeactivationTime,data,sith,0x0056b710,0x0056b850,usage,verified,,,strong,
sithWeapon_bLocalPlayerAiming,data,sith,0x0056b714,0x0056b854,usage,verified,,,strong,
sithWeapon_secWeaponActivationWaitEndTime,data,sith,0x0056b718,0x0056b858,usage,verified,,,strong,
sithWeapon_playerBackHolsterSwapRefNum,data,sith,0x0056b71c,0x0056b85c,usage,verified,,,strong,
sithWeapon_secMountWait,data,sith,0x0056b720,0x0056b860,usage,verified,,,strong,
sithWeapon_bufferedWaponKeyId,data,sith,0x0056b724,0x0056b864,usage,verified,,,strong,
sithWeapon_pfActorKilledCallback,data,sith,0x0056b728,0x0056b868,usage,verified,,,strong,
sithTime_g_frameTime,data,sith,0x0056b72c,0x0056b86c,manual,verified,,live,strong,
sithTime_g_frameTimeFlex,data,sith,0x0056b730,0x0056b870,manual,verified,,live,strong,
sithTime_g_fps,data,sith,0x0056b734,0x0056b874,manual,verified,,live,strong,
sithTime_g_msecGameTime,data,sith,0x0056b738,0x0056b878,manual,verified,,live,strong,
sithTime_g_secGameTime,data,sith,0x0056b73c,0x0056b87c,manual,verified,,live,strong,
sithTime_g_clockTime,data,sith,0x0056b740,0x0056b880,manual,verified,,live,strong,
sithTime_g_bPaused,data,sith,0x0056b744,0x0056b884,manual,verified,,live,strong,
sithTime_msecPauseStartTime,data,sith,0x0056b748,0x0056b888,usage,verified,,,strong,
sithInventory_g_bSendDeactivateMessage,data,sith,0x0056b74c,0x0056b88c,manual,verified,,live,strong,
sithInventory_g_dword_56B750,data,sith,0x0056b750,0x0056b890,manual,verified,,live,strong,
sithInventory_g_dword_56B754,data,sith,0x0056b754,0x0056b894,manual,verified,,live,strong,
sithModel_pHashtable,data,sith,0x0056b758,0x0056b898,usage,verified,,,strong,
sithModel_bHiPoly,data,sith,0x0056b75c,0x0056b89c,usage,verified,,,strong,
sithSound_bStartup,data,sith,0x0056b760,0x0056b8a0,interpolated+review,verified,,,weak,
sithSound_bSkipRestoringSounds,data,sith,0x0056b764,0x0056b8a4,interpolated+review,verified,,,weak,
sithPlayerActions_g_pCurLedgeSurface,data,sith,0x0056b768,0x0056b8a8,consensus,verified,,live,strong,
sithPlayerActions_g_pCurLedgeThingModelFace,data,sith,0x0056b76c,0x0056b8ac,consensus,verified,,live,strong,
sithPlayerActions_g_pCurLedgeThingModel,data,sith,0x0056b770,0x0056b8b0,consensus,verified,,live,strong,
sithPlayerActions_g_pPlasma,data,sith,0x0056b774,0x0056b8b4,consensus,verified,,live,strong,
sithPlayerActions_g_bJewelFlying,data,sith,0x0056b778,0x0056b8b8,consensus,verified,,live,strong,
sithPlayerActions_g_bPlayerInvisible,data,sith,0x0056b77c,0x0056b8bc,consensus,verified,,live,strong,
sithPlayerActions_msecCurActivateTime,data,sith,0x0056b780,0x0056b8c0,consensus,verified,,,strong,
sithMessage_aTypeFuncs,data,sith,0x0056b788,0x0056b8c8,consensus,verified,,,strong,
sithMessage_someMsg,data,sith,0x0056b890,0x0056b9d0,consensus+review,verified,,,weak,
sithMessage_g_localPlayerId,data,sith,0x0056c49c,0x0056c5dc,consensus,verified,,live,strong,
sithMessage_g_outputstream,data,sith,0x0056c4a0,0x0056c5e0,consensus,verified,,live,strong,
sithMessage_g_inputstream,data,sith,0x0056c4a4,0x0056c5e4,consensus,verified,,live,strong,
sithMessage_bSturtup,data,sith,0x0056c4a8,0x0056c5e8,consensus,verified,,,strong,
sithMessage_totalSentDataSize,data,sith,0x0056c4ac,0x0056c5ec,consensus,verified,,,strong,
sithMessage_totalNetSent,data,sith,0x0056c4b0,0x0056c5f0,consensus,verified,,,strong,
sithMessage_senderId,data,sith,0x0056c4b4,0x0056c5f4,consensus,verified,,,strong,
sithMessage_bStopProcessMessages,data,sith,0x0056c4b8,0x0056c5f8,consensus,verified,,,strong,
sithEvent_aEventBuffer,data,sith,0x0056c4c0,0x0056c600,consensus+review,verified,,,weak,
sithEvent_aFreeEventBufferIdxs,data,sith,0x0056e0c0,0x0056e200,consensus+review,verified,,,weak,
sithEvent_aTasks,data,sith,0x0056e4c0,0x0056e600,consensus+review,verified,,,weak,
sithEvent_numFreeEventBuffers,data,sith,0x0056e524,0x0056e664,consensus+review,verified,,,weak,
sithEvent_g_pFirstQueuedEvent,data,sith,0x0056e528,0x0056e668,consensus,verified,,live,strong,
sithEvent_bEventStartup,data,sith,0x0056e52c,0x0056e66c,consensus+review,verified,,,weak,
sithEvent_bOpen,data,sith,0x0056e530,0x0056e670,consensus+review,verified,,,weak,
sithCogParse_pCurrentSymbols,data,sith,0x0056e538,0x0056e678,consensus+review,verified,,,weak,
sithCogParse_aLabelTable,data,sith,0x0056e540,0x0056e680,consensus+review,verified,,,weak,
sithCogParse_pCurrentCode,data,sith,0x0056f540,0x0056f680,consensus+review,verified,,,weak,
sithCogParse_pCurrentRoot,data,sith,0x0056f544,0x0056f684,consensus+review,verified,,,weak,
sithCogParse_pSyntaxTree,data,sith,0x0056f548,0x0056f688,consensus+review,verified,,,weak,
sithCogParse_pCurrentScript,data,sith,0x0056f54c,0x0056f68c,consensus+review,verified,,,weak,
sithCogParse_codepos,data,sith,0x0056f550,0x0056f690,consensus+review,verified,,,weak,
sithCogParse_numTreeNodes,data,sith,0x0056f554,0x0056f694,consensus+review,verified,,,weak,
sithCogParse_syntaxTreeSize,data,sith,0x0056f558,0x0056f698,consensus+review,verified,,,weak,
sithMulti_numUpdatedSurfaces,data,sith,0x0056f560,0x0056f6a0,consensus+review,verified,,live,weak,
sithMulti_lastUpdateIdx,data,sith,0x0056f564,0x0056f6a4,consensus+review,verified,,live,weak,
sithMulti_playerWelcomeState,data,sith,0x0056f568,0x0056f6a8,consensus+review,verified,,live,weak,
sithMulti_numUpdatedSectors,data,sith,0x0056f56c,0x0056f6ac,consensus+review,verified,,live,weak,
sithMulti_aRemovedStaticThings,data,sith,0x0056f570,0x0056f6b0,consensus+review,verified,,live,weak,
sithMulti_curWelcomePlayerNum,data,sith,0x0056f970,0x0056fab0,consensus+review,verified,,live,weak,
sithMulti_numUpdatedThings,data,sith,0x0056f974,0x0056fab4,consensus+review,verified,,live,weak,
sithMulti_quitGameState,data,sith,0x0056f978,0x0056fab8,consensus+review,verified,,live,weak,
sithMulti_checksum,data,sith,0x0056f97c,0x0056fabc,consensus+review,verified,,live,weak,
sithMulti_bWelcomingPlayer,data,sith,0x0056f984,0x0056fac4,consensus+review,verified,,live,weak,
sithMulti_newPlayerId,data,sith,0x0056f988,0x0056fac8,consensus+review,verified,,live,weak,
sithMulti_bSyncScores,data,sith,0x0056f98c,0x0056facc,consensus+review,verified,,live,weak,
sithMulti_pfNewPlayerJoinedCallback,data,sith,0x0056f990,0x0056fad0,consensus+review,verified,,live,weak,
sithMulti_msecPingStartTime,data,sith,0x0056f994,0x0056fad4,consensus+review,verified,,live,weak,
sithMulti_msecQuitGameTime,data,sith,0x0056f998,0x0056fad8,consensus+review,verified,,live,weak,
sithMulti_numRemovedStaticThings,data,sith,0x0056f99c,0x0056fadc,consensus+review,verified,,live,weak,
sithMulti_msecLastSyncScoreTime,data,sith,0x0056f9a0,0x0056fae0,consensus+review,verified,,live,weak,
sithMulti_msecWelcomeUpdateInterval,data,sith,0x0056f9a4,0x0056fae4,consensus+review,verified,,live,weak,
sithAIClass_g_pHashtable,data,sith,0x0056f9a8,0x0056fae8,consensus,verified,,live,strong,
sithPuppet_pClassHashtable,data,sith,0x0056f9ac,0x0056faec,consensus,verified,,,strong,
sithPuppet_pKeyHashtable,data,sith,0x0056f9b0,0x0056faf0,consensus,verified,,,strong,
sithPuppet_pHashtblSubmodes,data,sith,0x0056f9b4,0x0056faf4,consensus,verified,,,strong,
sithPuppet_g_bPlayerLeapForward,data,sith,0x0056f9b8,0x0056faf8,consensus,verified,,live,strong,
sithTemplate_g_pHashtable,data,sith,0x0056f9c0,0x0056fb00,consensus+review,verified,,,weak,
sithTemplate_bMasterFileInitialized,data,sith,0x0056f9c4,0x0056fb04,consensus+review,verified,,,weak,
sithTemplate_pMasterFile,data,sith,0x0056f9c8,0x0056fb08,consensus+review,verified,,,weak,
sithMaterial_pHashtable,data,sith,0x0056fa10,0x0056fb50,consensus,verified,,,strong,
sithSurface_apUnsyncedSurfaces,data,sith,0x0056fa18,0x0056fb58,consensus,verified,,,strong,
sithSurface_numUnsyncedSurfaces,data,sith,0x0056fa98,0x0056fbd8,consensus,verified,,,strong,
sithSector_aModifiedSectors,data,sith,0x0056fae0,0x0056fc20,consensus,verified,,,strong,
sithSector_aSyncFlags,data,sith,0x0056fb20,0x0056fc60,consensus,verified,,,strong,
sithSector_numModifiedSectors,data,sith,0x0056fb60,0x0056fca0,consensus,verified,,,strong,
sithAnimate_numFreeAnims,data,sith,0x0056fb68,0x0056fca8,consensus+review,verified,,,weak,
sithAnimate_aFreeAnimNums,data,sith,0x0056fb6c,0x0056fcac,consensus+review,verified,,,weak,
sithAnimate_lastUsedAnimNum,data,sith,0x00570370,0x005704b0,consensus+review,verified,,,weak,
sithAnimate_aAnims,data,sith,0x00570378,0x005704b8,consensus+review,verified,,,weak,
sithAnimate_bOpen,data,sith,0x00585378,0x005854b8,consensus+review,verified,,,weak,
sithCogFunctionAI_aThingsInView,data,sith,0x00585380,0x005854c0,consensus,verified,,,strong,
sithCogFunctionAI_numThingsInView,data,sith,0x00585400,0x00585540,consensus,verified,,,strong,
sithCogFunctionAI_curThingInView,data,sith,0x00585404,0x00585544,consensus,verified,,,strong,
sithPhysics_dword_58540C,data,sith,0x0058540c,0x0058554c,consensus+review,verified,,live,weak,
sithPhysics_flt_585410,data,sith,0x00585410,0x00585550,consensus+review,verified,,live,weak,
sithFX_rowRippleLastPos,data,sith,0x00585430,0x00585570,consensus+review,verified,,,weak,
sithFX_msecLastCreatedFairyDustDeluxTime,data,sith,0x0058544c,0x0058558c,consensus,verified,,,strong,
sithFX_g_numChalkMarks,data,sith,0x00585450,0x00585590,consensus,verified,,live,strong,
sithFX_fariyDustSizeFactor,data,sith,0x00585454,0x00585594,consensus,verified,,,strong,
sithFX_newFairyDustDeluxSizeFactor,data,sith,0x00585458,0x00585598,consensus,verified,,,strong,
sithFX_fairyDustDeluxSizeFactor,data,sith,0x0058545c,0x0058559c,consensus,verified,,,strong,
sithFX_secLastCreatedRowRipple,data,sith,0x00585460,0x005855a0,consensus+review,verified,,,weak,
sithAIMove_g_flt_585464,data,sith,0x00585464,0x005855a4,consensus+review,verified,,live,weak,
sithAIMove_g_flt_585468,data,sith,0x00585468,0x005855a8,consensus+review,verified,,live,weak,
sithAIMove_g_flt_58546C,data,sith,0x0058546c,0x005855ac,consensus+review,verified,,live,weak,
sithAIMove_g_flt_585470,data,sith,0x00585470,0x005855b0,consensus+review,verified,,live,weak,
sithAIUtil_thingsInViewFovY,data,sith,0x00585478,0x005855b8,consensus+review,verified,,live,weak,
sithAIUtil_numVisitedSectors,data,sith,0x0058547c,0x005855bc,consensus+review,verified,,live,weak,
sithAIUtil_g_bRenderAIWpnts,data,sith,0x00585480,0x005855c0,consensus+review,verified,,live,weak,
sithAIUtil_activeWpntLayer,data,sith,0x00585484,0x005855c4,consensus+review,verified,,live,weak,
sithAIUtil_numThingsInView,data,sith,0x00585488,0x005855c8,consensus+review,verified,,live,weak,
sithAIUtil_vec_585490,data,sith,0x00585490,0x005855d0,consensus+review,verified,,live,weak,
sithAIUtil_pMkPointCurLocal,data,sith,0x0058549c,0x005855dc,consensus+review,verified,,live,weak,
sithAIUtil_mkPointCurPYR,data,sith,0x005854a0,0x005855e0,consensus+review,verified,,live,weak,
sithAIUtil_thingsInViewFovX,data,sith,0x005854ac,0x005855ec,consensus+review,verified,,live,weak,
sithAIUtil_aWpntOwners,data,sith,0x005854b0,0x005855f0,consensus+review,verified,,live,weak,
sithAIUtil_aThingsInView,data,sith,0x00585528,0x00585668,consensus+review,verified,,live,weak,
sithAIUtil_aWpntDistances,data,sith,0x00585530,0x00585670,consensus+review,verified,,live,weak,
sithAIUtil_sizeThingsInView,data,sith,0x00585710,0x00585850,consensus+review,verified,,live,weak,
sithAIUtil_vec_585718,data,sith,0x00585718,0x00585858,consensus+review,verified,,live,weak,
sithAIUtil_maxDistanceToThingsInView,data,sith,0x00585724,0x00585864,consensus+review,verified,,live,weak,
sithAIUtil_thingInViewTypeMask,data,sith,0x00585728,0x00585868,consensus+review,verified,,live,weak,
sithAIUtil_aAIWpnts,data,sith,0x00585730,0x00585870,consensus+review,verified,,live,weak,
sithAIUtil_secLastUpdate,data,sith,0x00586270,0x005863b0,consensus+review,verified,,live,weak,
sithAIUtil_mkPoinCurFlags,data,sith,0x00586274,0x005863b4,consensus+review,verified,,live,weak,
sithWhip_pWhipThing,data,sith,0x00586278,0x005863b8,consensus,verified,,,strong,
sithWhip_pWhipSwingThing,data,sith,0x0058627c,0x005863bc,consensus,verified,,,strong,
sithWhip_pWhipClimbThing,data,sith,0x00586280,0x005863c0,consensus,verified,,,strong,
sithWhip_bClimbDismountFinish,data,sith,0x00586284,0x005863c4,consensus,verified,,,strong,
sithWhip_bFoundWhipClimbThing,data,sith,0x00586288,0x005863c8,consensus+review,verified,,,strong,
sithSoundClass_pHashTable,data,sith,0x0058628c,0x005863cc,consensus,verified,,,strong,
sithSoundClass_pHashtblModes,data,sith,0x00586290,0x005863d0,consensus,verified,,,strong,
sithVehicleControls_flt_586294,data,sith,0x00586294,0x005863d4,consensus+review,verified,,,weak,
sithVehicleControls_g_bJeepForceStopped,data,sith,0x00586298,0x005863d8,consensus+review,verified,,,weak,
sithVehicleControls_g_bJeepAccMoveSndFxPlayed,data,sith,0x0058629c,0x005863dc,consensus+review,verified,,,weak,
sithVehicleControls_bJeepStartMoveSndFxPlayed,data,sith,0x005862a0,0x005863e0,consensus,verified,,,strong,
sithVehicleControls_raftStaticDrag,data,sith,0x005862a4,0x005863e4,consensus,verified,,,strong,
sithVehicleControls_raftRotSpeed,data,sith,0x005862a8,0x005863e8,consensus,verified,,,strong,
sithCollision_aNumSearchedSectors,data,sith,0x005862b0,0x005863f0,consensus,verified,,,strong,
sithCollision_aCollideResults,data,sith,0x005862c0,0x00586400,consensus+review,verified,,,weak,
sithCollision_aThingSurfaceCollideResults,data,sith,0x00586d50,0x00586e90,consensus,verified,,,strong,
sithCollision_aCollisions,data,sith,0x00586d90,0x00586ed0,consensus,verified,,,strong,
sithCollision_apSearchedSectors,data,sith,0x0059ad90,0x0059aed0,consensus,verified,,,strong,
sithCollision_aNumStackCollisions,data,sith,0x0059bd90,0x0059bed0,consensus,verified,,,strong,
sithCollision_bCollideStartup,data,sith,0x0059bda0,0x0059bee0,consensus+review,verified,,,weak,
sithSprite_pHashtable,data,sith,0x0059bda4,0x0059bee4,consensus,verified,,,strong,
sithExplosion_bExpandFadeSet,data,sith,0x0059bda8,0x0059bee8,consensus,verified,,,strong,
sithParticle_pHashtable,data,sith,0x0059bdac,0x0059beec,consensus,verified,,,strong,
sithAIAwareness_aEvents,data,sith,0x0059bdb0,0x0059bef0,consensus+review,verified,,,weak,
sithAIAwareness_g_aSectors,data,sith,0x0059c130,0x0059c270,consensus,verified,,live,strong,
sithAIAwareness_numEvents,data,sith,0x0059c134,0x0059c274,consensus+review,verified,,,weak,
sithAIAwareness_bOpened,data,sith,0x0059c138,0x0059c278,consensus+review,verified,,,weak,
sithAIAwareness_curProcessID,data,sith,0x0059c13c,0x0059c27c,consensus+review,verified,,,weak,
sithRenderSky_lookYaw,data,sith,0x0059c140,0x0059c280,consensus+review,verified,,,weak,
sithRenderSky_horizonPixelsPerRev,data,sith,0x0059c144,0x0059c284,consensus+review,verified,,,weak,
sithRenderSky_horizonScale,data,sith,0x0059c148,0x0059c288,consensus+review,verified,,,weak,
sithRenderSky_lookPitch,data,sith,0x0059c14c,0x0059c28c,consensus+review,verified,,,weak,
sithRenderSky_lookRollCos,data,sith,0x0059c150,0x0059c290,consensus+review,verified,,,weak,
sithRenderSky_ceilingSkyMaxZ,data,sith,0x0059c158,0x0059c298,consensus+review,verified,,,weak,
sithRenderSky_ceilingSkyHeight,data,sith,0x0059c164,0x0059c2a4,consensus+review,verified,,,weak,
sithRenderSky_ceilingSkyMinZ,data,sith,0x0059c168,0x0059c2a8,consensus+review,verified,,,weak,
sithRenderSky_horizonSkyDistance,data,sith,0x0059c174,0x0059c2b4,consensus+review,verified,,,weak,
sithRenderSky_lookRollSin,data,sith,0x0059c178,0x0059c2b8,consensus+review,verified,,,weak,
sithShadow_aView,data,sith,0x0059c180,0x0059c2c0,consensus,verified,,,strong,
sithShadow_aVertices,data,sith,0x0059c1b0,0x0059c2f0,consensus,verified,,,strong,
sithCommand_aBuf,data,sith,0x0059c1e0,0x0059c320,consensus+review,verified,,,weak,
sithCogYacc_yy_did_buffer_switch_on_eof,data,sith,0x0059c2e0,0x0059c420,consensus+review,verified,,,weak,
sithCogYacc_yy_hold_char,data,sith,0x0059c2e4,0x0059c424,consensus+review,verified,,,weak,
sithCogYacc_yy_n_chars,data,sith,0x0059c2e8,0x0059c428,consensus+review,verified,,,weak,
sithCogYacc_yy_last_accepting_cpos,data,sith,0x0059c2ec,0x0059c42c,consensus+review,verified,,,weak,
sithCogYacc_yy_current_buffer,data,sith,0x0059c2f0,0x0059c430,consensus+review,verified,,,weak,
sithCogYacc_yy_last_accepting_state,data,sith,0x0059c2f4,0x0059c434,consensus+review,verified,,,weak,
sithCogYacc_aLexerSymText,data,sith,0x0059c2f8,0x0059c438,consensus+review,verified,,,weak,
sithCogYacc_yyin,data,sith,0x0059c3f8,0x0059c538,consensus+review,verified,,,weak,
sithCogYacc_yyout,data,sith,0x0059c3fc,0x0059c53c,consensus+review,verified,,,weak,
sithCogYacc_yy_c_buf_p,data,sith,0x0059c400,0x0059c540,consensus+review,verified,,,weak,
sithCogYacc_yy_start,data,sith,0x0059c404,0x0059c544,consensus+review,verified,,,weak,
std_printBuffer,data,std,0x0059c408,0x0059c548,consensus+review,verified,,,weak,
std_bStdStartup,data,std,0x0059cc08,0x0059cd48,consensus+review,verified,,,weak,
stdMemory_aZoneData,data,std,0x0059cc10,0x0059cd50,consensus,verified,,,strong,
stdMemory_bStartup,data,std,0x005bdc94,0x005bddd4,consensus+review,verified,,,weak,
stdMemory_bOpen,data,std,0x005bdc98,0x005bddd8,consensus+review,verified,,,weak,
stdControl_aJoystickDevices,data,std,0x005bdca0,0x005bdde0,consensus,verified,,,strong,
stdControl_cursorDisplayCounter,data,std,0x005bf040,0x005bf180,consensus,verified,,,strong,
stdControl_aKeyboardState,data,std,0x005bf048,0x005bf188,consensus,verified,,,strong,
stdControl_aAxisPos,data,std,0x005bf1c8,0x005bf308,consensus+review,verified,,,weak,
stdControl_keyboard,data,std,0x005bf298,0x005bf3d8,consensus,verified,,,strong,
stdControl_aKeyIdleTimes,data,std,0x005bf2c8,0x005bf408,consensus,verified,,,strong,
stdControl_aKeyInfos,data,std,0x005bfcd8,0x005bfe18,consensus+review,verified,,,weak,
stdControl_aAxes,data,std,0x005c06e8,0x005c0828,consensus,verified,,,strong,
stdControl_mouse,data,std,0x005c0bb0,0x005c0cf0,consensus,verified,,,strong,
stdControl_mousePos,data,std,0x005c0be0,0x005c0d20,consensus,verified,,,strong,
stdControl_aKeyPressCounter,data,std,0x005c0be8,0x005c0d28,consensus+review,verified,,,weak,
stdControl_bStartup,data,std,0x005c15f8,0x005c1738,consensus,verified,,,strong,
stdControl_bOpen,data,std,0x005c15fc,0x005c173c,consensus,verified,,,strong,
stdControl_bControlsIdle,data,std,0x005c1600,0x005c1740,consensus,verified,,,strong,
stdControl_bControlsActive,data,std,0x005c1604,0x005c1744,consensus,verified,,,strong,
stdControl_pDI,data,std,0x005c1608,0x005c1748,consensus,verified,,,strong,
stdControl_bMouseSensitivityEnabled,data,std,0x005c160c,0x005c174c,consensus,verified,,,strong,
stdControl_bReadJoysticks,data,std,0x005c1610,0x005c1750,consensus,verified,,,strong,
stdControl_numJoystickDevices,data,std,0x005c1614,0x005c1754,consensus,verified,,,strong,
stdControl_curReadTime,data,std,0x005c1618,0x005c1758,consensus,verified,,,strong,
stdControl_lastReadTime,data,std,0x005c161c,0x005c175c,consensus,verified,,,strong,
stdControl_readDeltaTime,data,std,0x005c1624,0x005c1764,consensus,verified,,,strong,
stdWin95_guid,data,std,0x005c1628,0x005c1768,consensus,verified,,,strong,
stdWin95_hwnd,data,std,0x005c1638,0x005c1778,consensus,verified,,,strong,
stdWin95_hInstance,data,std,0x005c163c,0x005c177c,consensus,verified,,,strong,
stdConffile_aWriteFilename,data,std,0x005c1640,0x005c1780,consensus,verified,,,strong,
stdConffile_aFilenameStack,data,std,0x005c16c0,0x005c1800,consensus+review,verified,,,weak,
stdConffile_apBufferStack,data,std,0x005c20c0,0x005c2200,consensus+review,verified,,,weak,
stdConffile_linenumStack,data,std,0x005c2110,0x005c2250,consensus+review,verified,,,weak,
stdConffile_pFilename,data,std,0x005c2160,0x005c22a0,consensus,verified,,,strong,
stdConffile_aEntryStack,data,std,0x005c21e0,0x005c2320,consensus+review,verified,,,weak,
stdConffile_openFileStack,data,std,0x005d6230,0x005d6370,consensus+review,verified,,,weak,
stdConffile_linenum,data,std,0x005d6280,0x005d63c0,consensus,verified,,,strong,
stdConffile_bOpen,data,std,0x005d7288,0x005d73c8,consensus,verified,,,strong,
stdConffile_openFile,data,std,0x005d728c,0x005d73cc,consensus+review,verified,,,weak,
stdConffile_writeFile,data,std,0x005d7290,0x005d73d0,consensus+review,verified,,,weak,
stdConffile_stackLevel,data,std,0x005d7294,0x005d73d4,consensus+review,verified,,,weak,
stdDisplay_hFont,data,std,0x005d7298,0x005d73d8,consensus,verified,,,strong,
stdDisplay_g_frontBuffer,data,std,0x005d72a0,0x005d73e0,consensus,verified,,,strong,
stdDisplay_curDevice,data,std,0x005d7380,0x005d74c0,consensus,verified,,,strong,
stdDisplay_primaryVideoMode,data,std,0x005d7388,0x005d74c8,consensus,verified,,,strong,
stdDisplay_dword_5D73D8,data,std,0x005d73d8,0x005d7518,consensus,verified,,,strong,
stdDisplay_dword_5D73DC,data,std,0x005d73dc,0x005d751c,consensus,verified,,,strong,
stdDisplay_backbufWidth,data,std,0x005d73e0,0x005d7520,consensus,verified,,,strong,
stdDisplay_backbufHeight,data,std,0x005d73e4,0x005d7524,consensus,verified,,,strong,
stdDisplay_zBuffer,data,std,0x005d73e8,0x005d7528,consensus,verified,,,strong,
stdDisplay_aVideoModes,data,std,0x005d7468,0x005d75a8,consensus,verified,,,strong,
stdDisplay_aDisplayDevices,data,std,0x005d8868,0x005d8a18,consensus,verified,,,strong,
stdDisplay_bStartup,data,std,0x005db268,0x005db3a8,consensus,verified,,,strong,
stdDisplay_bOpen,data,std,0x005db26c,0x005db3ac,consensus,verified,,,strong,
stdDisplay_bModeSet,data,std,0x005db270,0x005db3b0,consensus,verified,,,strong,
stdDisplay_numDevices,data,std,0x005db274,0x005db3b4,consensus,verified,,,strong,
stdDisplay_pCurDevice,data,std,0x005db278,0x005db3b8,consensus,verified,,,strong,
stdDisplay_numVideoModes,data,std,0x005db27c,0x005db3bc,consensus,verified,,,strong,
stdDisplay_pCurVideoMode,data,std,0x005db280,0x005db3c0,consensus,verified,,,strong,
stdDisplay_lpDD,data,std,0x005db284,0x005db3c4,consensus,verified,,,strong,
stdDisplay_bFullscreen,data,std,0x005db288,0x005db3c8,consensus,verified,,,strong,
std3D_curDevice,data,std,0x005db290,0x005db3d0,consensus,verified,,,strong,
std3D_RGBATextureFormat,data,std,0x005db294,0x005db3d4,consensus,verified,,,strong,
std3D_zDepth,data,std,0x005db298,0x005db3d8,consensus,verified,,,strong,
std3D_RGBTextureFormat,data,std,0x005db29c,0x005db3dc,consensus,verified,,,strong,
std3D_RGBAKeyTextureFormat,data,std,0x005db2a0,0x005db3e0,consensus,verified,,,strong,
std3D_fogStartDepth,data,std,0x005db2a4,0x005db3e4,consensus,verified,,,strong,
std3D_numDevices,data,std,0x005db2a8,0x005db3e8,consensus,verified,,,strong,
std3D_aTextureFormats,data,std,0x005db2b0,0x005db3f0,consensus,verified,,,strong,
std3D_fogDepthFactor,data,std,0x005db5b0,0x005db6f0,consensus,verified,,,strong,
std3D_aDevices,data,std,0x005db5b8,0x005db6f8,consensus,verified,,,strong,
std3D_renderState,data,std,0x005dc358,0x005dc498,consensus,verified,,,strong,
std3D_activeRect,data,std,0x005dc360,0x005dc4a0,consensus,verified,,,strong,
std3D_fogEndDepth,data,std,0x005dc370,0x005dc4b0,consensus,verified,,,strong,
std3D_pCurDevice,data,std,0x005dc374,0x005dc4b4,consensus,verified,,,strong,
std3D_numTextureFormats,data,std,0x005dc378,0x005dc4b8,consensus,verified,,,strong,
std3D_bHasRGBTextureFormat,data,std,0x005dc37c,0x005dc4bc,consensus,verified,,,strong,
std3D_bFogTable,data,std,0x005dc380,0x005dc4c0,usage,verified,,,strong,
std3D_g_maxVertices,data,std,0x005dc384,0x005dc4c4,manual,verified,,live,strong,
std3D_pD3DTex,data,std,0x005dc388,0x005dc4c8,consensus,verified,,,strong,
std3D_bFindAllD3Devices,data,std,0x005dc38c,0x005dc4cc,usage,verified,,,strong,
std3D_numCachedTextures,data,std,0x005dc390,0x005dc4d0,usage,verified,,,strong,
std3D_pFirstTexCache,data,std,0x005dc394,0x005dc4d4,usage,verified,,,strong,
std3D_pLastTexCache,data,std,0x005dc398,0x005dc4d8,consensus,verified,,,strong,
std3D_lpDD,data,std,0x005dc39c,0x005dc4dc,consensus+review,verified,,,weak,
std3D_pDDPalette,data,std,0x005dc3a0,0x005dc4e0,consensus+review,verified,,,weak,
std3D_pDirect3D,data,std,0x005dc3a4,0x005dc4e4,consensus,verified,,,strong,
std3D_pD3Device,data,std,0x005dc3a8,0x005dc4e8,consensus,verified,,,strong,
std3D_lpD3DViewPort,data,std,0x005dc3ac,0x005dc4ec,consensus+review,verified,,,weak,
std3D_bStartup,data,std,0x005dc3b0,0x005dc4f0,consensus+review,verified,,,weak,
std3D_bOpen,data,std,0x005dc3b4,0x005dc4f4,consensus,verified,,,strong,
stdPlatform_bAssert,data,std,0x005dcbb8,0x005dccf8,consensus+review,verified,,,weak,
stdGob_aEntryNameBuff,data,std,0x005dcbc0,0x005dcd00,consensus+review,verified,,,strong,
stdGob_hs,data,std,0x005dcc40,0x005dcd80,consensus+review,verified,,,weak,
stdGob_bStartup,data,std,0x005dccb0,0x005dcdf0,consensus+review,verified,,,weak,
stdGob_pHS,data,std,0x005dccb4,0x005dcdf4,consensus,verified,,,strong,
stdEffect_fadeFactor,data,std,0x005dccb8,0x005dcdf8,consensus,verified,,,strong,
stdConsole_hOutput,data,std,0x005dccc0,0x005dce00,consensus,verified,,,strong,
stdConsole_textAttribute,data,std,0x005dccc4,0x005dce04,consensus,verified,,,strong,
stdConsole_wAttributes,data,std,0x005dccc8,0x005dce08,consensus,verified,,,strong,
stdConsole_dword_5DCCCC,data,std,0x005dcccc,0x005dce0c,consensus+review,verified,,,weak,
stdConsole_hInput,data,std,0x005dccd0,0x005dce10,consensus+review,verified,,,weak,
stdConsole_dword_5DCCD8,data,std,0x005dccd8,0x005dce18,consensus+review,verified,,,weak,
stdConsole_dword_5DCCDC,data,std,0x005dccdc,0x005dce1c,consensus+review,verified,,,weak,
stdStrTable_aBuffer,data,std,0x005dcce0,0x005dce20,consensus,verified,,,strong,
stdComm_aPlayerInfos,data,std,0x005dcd60,0x005dcea0,consensus+review,verified,,,weak,
stdComm_numPlayers,data,std,0x005dd180,0x005dd2c0,consensus,verified,,,strong,
stdComm_pDirectPlay,data,std,0x005dd184,0x005dd2c4,consensus+review,verified,,,weak,
stdComm_bGameHost,data,std,0x005dd188,0x005dd2c8,consensus+review,verified,,,weak,
stdComm_bGameActive,data,std,0x005e0f94,0x005e10d4,consensus+review,verified,,,weak,
stdComm_numGames,data,std,0x005e0f98,0x005e10d8,consensus,verified,,,strong,
wuRegistry_g_bStarted,data,w32util,0x005e1020,0x005e1160,consensus+review,verified,,,weak,
wuRegistry_appSubKey,data,w32util,0x005e1024,0x005e1164,consensus+review,verified,,,weak,
wuRegistry_appRootKey,data,w32util,0x005e1028,0x005e1168,consensus+review,verified,,,weak,
wkernel_hwnd,data,wkernel,0x005e1030,0x005e1170,consensus,verified,,,strong,
wkernel_nShowCmd,data,wkernel,0x005e1034,0x005e1174,consensus+review,verified,,,weak,
wkernel_msg_1,data,wkernel,0x005e1038,0x005e1178,consensus,verified,,,strong,
wkernel_msg_2,data,wkernel,0x005e1058,0x005e1198,consensus,verified,,,strong,
wkernel_pfWndProc,data,wkernel,0x005e1074,0x005e11b4,consensus,verified,,,strong,
wkernel_wndBorderWidth,data,wkernel,0x005e1078,0x005e11b8,consensus,verified,,,strong,
wkernel_wndMenuBarHeight,data,wkernel,0x005e107c,0x005e11bc,consensus,verified,,,strong,
rdFont_lightingMode,data,rdroid,0x005e1080,0x005e11c0,consensus,verified,,,strong,
rdFont_aFontColors,data,rdroid,0x005e1088,0x005e11c8,consensus,verified,,,strong,
rdFont_bStartup,data,rdroid,0x005e10c8,0x005e1208,consensus,verified,,,strong,
rdFont_bOpen,data,rdroid,0x005e10cc,0x005e120c,consensus,verified,,,strong,
rdFont_bFontColorSet,data,rdroid,0x005e10d0,0x005e1210,consensus,verified,,,strong,
rdCamera_g_camPYR,data,rdroid,0x005e10d8,0x005e1218,consensus,verified,,live,strong,
rdCamera_g_pCurCamera,data,rdroid,0x005e10e4,0x005e1224,consensus,verified,,live,strong,
rdCamera_dword_5E10E8,data,rdroid,0x005e10e8,0x005e1228,consensus,verified,,,strong,
rdroid_bRDroidStartup,data,rdroid,0x005e10ec,0x005e122c,consensus,verified,,,strong,
rdroid_bRDroidOpen,data,rdroid,0x005e10f0,0x005e1230,consensus,verified,,,strong,
rdCache_aProcFaces,data,rdroid,0x005e10f8,0x005e1238,consensus,verified,,,strong,
rdCache_aVertIntensities,data,rdroid,0x005e28f8,0x005e2a38,consensus,verified,,,strong,
rdCache_aAlphaProcFaces,data,rdroid,0x006028f8,0x00602a38,consensus,verified,,,strong,
rdCache_numProcFaces,data,rdroid,0x0061a8f8,0x0061aa38,consensus,verified,,,strong,
rdCache_aVertices,data,rdroid,0x0061a900,0x0061aa40,consensus,verified,,,strong,
rdCache_aAlphaVertIntensities,data,rdroid,0x00a1a900,0x00a1aa40,consensus,verified,,,strong,
rdCache_aAlphaVertices,data,rdroid,0x00c1a900,0x00c1aa40,consensus,verified,,,strong,
rdCache_pCurCacheVertex,data,rdroid,0x0101a900,0x0101aa40,consensus,verified,,,strong,
rdCache_totalVerts,data,rdroid,0x0101a904,0x0101aa44,consensus,verified,,,strong,
rdCache_numAlphaProcFaces,data,rdroid,0x0101a908,0x0101aa48,consensus,verified,,,strong,
rdCache_pCurInVert,data,rdroid,0x0101a90c,0x0101aa4c,consensus,verified,,,strong,
rdCache_aVertIndices,data,rdroid,0x0101a910,0x0101aa50,consensus,verified,,,strong,
rdCache_aHWVertices,data,rdroid,0x010da910,0x010daa50,consensus,verified,,,strong,
rdCache_drawnFaces,data,rdroid,0x014da910,0x014daa50,consensus,verified,,,strong,
rdCache_frameNum,data,rdroid,0x014da914,0x014daa54,consensus,verified,,,strong,
rdCache_numUsedVertices,data,rdroid,0x014da918,0x014daa58,consensus,verified,,,strong,
rdCache_numUsedAlphaVertices,data,rdroid,0x014da91c,0x014daa5c,consensus,verified,,,strong,
rdMaterial_pfMaterialLoader,data,rdroid,0x014da920,0x014daa60,consensus+review,verified,,,weak,
rdMaterial_pfMaterialUnloader,data,rdroid,0x014da924,0x014daa64,consensus+review,verified,,,weak,
rdModel3_aView,data,rdroid,0x014da928,0x014daa68,consensus+review,verified,,,weak,
rdModel3_pCurThing,data,rdroid,0x014dd928,0x014dda68,consensus+review,verified,,,weak,
rdModel3_bDrawMeshBounds,data,rdroid,0x014dd92c,0x014dda6c,consensus+review,verified,,,weak,
rdModel3_pModel3Loader,data,rdroid,0x014dd930,0x014dda70,consensus+review,verified,,,weak,
rdModel3_g_numGeoLights,data,rdroid,0x014dd938,0x014dda78,consensus+review,verified,,,weak,
rdModel3_g_numMeshLights,data,rdroid,0x014dd93c,0x014dda7c,consensus+review,verified,,,weak,
rdModel3_bCalcRadius,data,rdroid,0x014dd940,0x014dda80,consensus+review,verified,,,weak,
rdModel3_maxGeoRadius,data,rdroid,0x014dd944,0x014dda84,consensus+review,verified,,,weak,
rdModel3_extraFaceFlags,data,rdroid,0x014dd948,0x014dda88,consensus+review,verified,,,weak,
rdPrimit2_aD3DVertices,data,rdroid,0x014dd950,0x014dda90,consensus,verified,,,strong,
rdKeyframe_pKeyframeLoader,data,rdroid,0x014dd990,0x014ddad0,consensus+review,verified,,,weak,
rdClip_pSourceTVert,data,rdroid,0x014dd998,0x014ddad8,consensus,verified,,,strong,
rdClip_pDestTVert,data,rdroid,0x014dd99c,0x014ddadc,consensus,verified,,,strong,
rdClip_pDestVertIntensity,data,rdroid,0x014dd9a0,0x014ddae0,consensus,verified,,,strong,
rdClip_pDestVert,data,rdroid,0x014dd9a4,0x014ddae4,consensus,verified,,,strong,
rdClip_aWorkTVerts,data,rdroid,0x014dd9a8,0x014ddae8,consensus,verified,,,strong,
rdClip_pSourceVert,data,rdroid,0x014ddc28,0x014ddd68,consensus,verified,,,strong,
rdClip_pSourceVertIntensity,data,rdroid,0x014ddc2c,0x014ddd6c,consensus,verified,,,strong,
rdClip_aWorkVerts,data,rdroid,0x014ddc30,0x014ddd70,consensus,verified,,,strong,
rdClip_aWorkVertIntensities,data,rdroid,0x014ddff0,0x014de130,consensus,verified,,,strong,
rdClip_g_faceStatus,data,rdroid,0x014de4f4,0x014de634,consensus,verified,,live,strong,
rdClip_aWorkFaceVerts,data,rdroid,0x014de4f8,0x014de638,consensus,verified,,,strong,
rdPolyline_aView,data,rdroid,0x014debb8,0x014decf8,consensus,verified,,,strong,
rdSprite_aView,data,rdroid,0x014df838,0x014df978,consensus,verified,,,strong,
rdParticle_aFaceVerts,data,rdroid,0x014dfbf8,0x014dfd38,consensus,verified,,,strong,
rdParticle_aTransformedVerts,data,rdroid,0x014dffb8,0x014e00f8,consensus,verified,,,strong,
rdQClip_pDestVert,data,rdroid,0x014e0bcc,0x014e0d0c,consensus,verified,,,strong,
rdQClip_pSourceVert,data,rdroid,0x014e0e50,0x014e0f90,consensus,verified,,,strong,
rdQClip_aWorkVerts,data,rdroid,0x014e0e58,0x014e0f98,consensus,verified,,,strong,
Sound_pfGetThingInfoCallback,data,sound,0x014e1718,0x014e1858,consensus,verified,,,strong,
Sound_aFades,data,sound,0x014e1720,0x014e1860,consensus,verified,,,strong,
Sound_nextHandle,data,sound,0x014e1ba0,0x014e1ce0,consensus+review,verified,,,weak,
Sound_loadBuffer,data,sound,0x014e1ba8,0x014e1ce8,consensus,verified,,,strong,
Sound_bNoSound3D,data,sound,0x014e42b8,0x014e43f8,consensus,verified,,,strong,
Sound_hwnd,data,sound,0x014e42bc,0x014e43fc,consensus,verified,,,strong,
Sound_pDirectSound,data,sound,0x014e42c0,0x014e4400,consensus,verified,,,strong,
Sound_pfCalcListenerSoundMix,data,sound,0x014e42c4,0x014e4404,consensus,verified,,,strong,
Sound_pausedRefCount,data,sound,0x014e42c8,0x014e4408,consensus,verified,,,strong,
Sound_bNoLipSync,data,sound,0x014e42cc,0x014e440c,consensus,verified,,,strong,
Sound_msecPauseStartTime,data,sound,0x014e42d0,0x014e4410,consensus,verified,,,strong,
Sound_msecElapsed,data,sound,0x014e42d4,0x014e4414,consensus,verified,,,strong,
Sound_bGlobalFocusBuf,data,sound,0x014e42d8,0x014e4418,consensus,verified,,,strong,
Sound_sndFilename,data,sound,0x014e42e0,0x014e4420,consensus,verified,,,strong,
Sound_bNoSoundCompression,data,sound,0x014e43e0,0x014e4520,consensus,verified,,,strong,
Sound_maxChannels,data,sound,0x014e43e4,0x014e4524,consensus,verified,,,strong,
Sound_bLoadEnabled,data,sound,0x014e43e8,0x014e4528,consensus,verified,,,strong,
soundbank_apSoundCache,data,sound,0x014e43f0,0x014e4530,consensus,verified,,,strong,
soundbank_aUsedCacheSizes,data,sound,0x014e43f8,0x014e4538,consensus,verified,,,strong,
soundbank_aCacheSizes,data,sound,0x014e4400,0x014e4540,consensus,verified,,,strong,
soundbank_lastImportedBankNum,data,sound,0x014e4408,0x014e4548,consensus,verified,,,strong,
soundbank_apSoundInfos,data,sound,0x014e4410,0x014e4550,consensus,verified,,,strong,
soundbank_aNumSounds,data,sound,0x014e4418,0x014e4558,usage,verified,,,strong,
soundbank_aSizeSounds,data,sound,0x014e4420,0x014e4560,usage,verified,,,strong,
Sound_apChannels,data,sound,0x014e4428,0x014e4568,usage,verified,,,strong,
Sound_numChannels,data,sound,0x014e442c,0x014e456c,usage,verified,,,strong,
Sound_sizeChannels,data,sound,0x014e4430,0x014e4570,usage,verified,,,strong,
Sound_pMemfileBuf,data,sound,0x014e4434,0x014e4574,usage,verified,,,strong,
Sound_memfileSize,data,sound,0x014e4438,0x014e4578,consensus,verified,,,strong,
Sound_memfilePos,data,sound,0x014e443c,0x014e457c,consensus,verified,,,strong,
Sound_pHS,data,sound,0x014e4440,0x014e4580,consensus,verified,,,strong,
Sound_state,data,sound,0x014e4444,0x014e4584,consensus,verified,,,strong,
Sound_bReverseSound,data,sound,0x014e4448,0x014e4588,consensus,verified,,,strong,
Sound_curUpdatePos,data,sound,0x014e4450,0x014e4590,consensus,verified,,,strong,
SoundDriver_pfLogError,data,sound,0x014e4460,0x014e45a0,consensus,verified,,,strong,
SoundDriver_aPanTable,data,sound,0x014e4468,0x014e45a8,consensus,verified,,,strong,
SoundDriver_frontOrientATan,data,sound,0x014e4868,0x014e49a8,consensus,verified,,,strong,
SoundDriver_bNoDSound3D,data,sound,0x014e486c,0x014e49ac,consensus,verified,,,strong,
SoundDriver_bUseGlobalFocusBuf,data,sound,0x014e4870,0x014e49b0,consensus,verified,,,strong,
SoundDriver_hwnd,data,sound,0x014e4874,0x014e49b4,consensus,verified,,,strong,
SoundDriver_bDSoundNotCreated,data,sound,0x014e4878,0x014e49b8,consensus,verified,,,strong,
SoundDriver_pfCalcListenerSoundMix,data,sound,0x014e487c,0x014e49bc,consensus,verified,,,strong,
SoundDriver_pfGetSoundBufferData,data,sound,0x014e4880,0x014e49c0,consensus,verified,,,strong,
SoundDriver_pDirectSound,data,sound,0x014e4884,0x014e49c4,consensus,verified,,,strong,
SoundDriver_pDSBuffer,data,sound,0x014e4888,0x014e49c8,consensus,verified,,,strong,
SoundDriver_pDS3DListener,data,sound,0x014e488c,0x014e49cc,consensus,verified,,,strong,
SoundDriver_curListenerPos,data,sound,0x014e4890,0x014e49d0,consensus,verified,,,strong,
SoundDriver_bUse3DCaps,data,sound,0x014e489c,0x014e49dc,consensus,verified,,,strong,
SoundDriver_bHas3DHW,data,sound,0x014e48a0,0x014e49e0,consensus,verified,,,strong,
AudioLib_aDeltaTable,data,sound,0x014e48a8,0x014e49e8,consensus+review,verified,,live,weak,
AudioLib_word_14E4928,data,sound,0x014e4928,0x014e4a68,consensus+review,verified,,live,weak,
AudioLib_bDeltaTableInitialized,data,sound,0x014e7528,0x014e7668,consensus+review,verified,,live,weak,
jonesCog_g_bShowHealthHUD,data,Jones3D,0x017effc0,0x017f0100,consensus,verified,,live,strong,
jonesCog_g_bMenuVisible,data,Jones3D,0x017effc4,0x017f0104,consensus,verified,,live,strong,
jonesCog_g_bEnableGamesave,data,Jones3D,0x017effc8,0x017f0108,consensus,verified,,live,strong,
jonesCog_g_dword_17EFFCC,data,Jones3D,0x017effcc,0x017f010c,consensus,verified,,live,strong,
sithCogYacc_yyleng,data,sith,0x017effd0,0x017f0110,consensus+review,verified,,,weak,
sithCogYacc_g_yylineno,data,sith,0x017effd4,0x017f0114,consensus+review,verified,,,weak,
sithCogYacc_yytext,data,sith,0x017effd8,0x017f0118,consensus+review,verified,,,weak,
sithCogYacc_yyerrflag,data,sith,0x017effdc,0x017f011c,consensus+review,verified,,,weak,
sithCogYacc_g_yylval,data,sith,0x017effe0,0x017f0120,consensus+review,verified,,,weak,
sithCogYacc_conditionNode,data,sith,0x017effec,0x017f012c,consensus+review,verified,,,weak,
sithCogYacc_yychar,data,sith,0x017efff0,0x017f0130,consensus+review,verified,,,weak,
sithCogYacc_yyss,data,sith,0x017f0000,0x017f0140,consensus+review,verified,,,weak,
sithCogYacc_yyvs,data,sith,0x017f0260,0x017f03a0,consensus+review,verified,,,weak,
sithCogYacc_yyval,data,sith,0x017f1070,0x017f11b0,consensus+review,verified,,,weak,
sithCogYacc_yyssp,data,sith,0x017f107c,0x017f11bc,consensus+review,verified,,,weak,
sithCogYacc_yynerrs,data,sith,0x017f1080,0x017f11c0,consensus+review,verified,,,weak,
sithCogYacc_yyvsp,data,sith,0x017f1084,0x017f11c4,consensus+review,verified,,,weak,
sithCogYacc_yydebug,data,sith,0x017f1088,0x017f11c8,consensus+review,verified,,,weak,
sithCogYacc_beanchNode,data,sith,0x017f108c,0x017f11cc,consensus+review,verified,,,weak,
sithCollision_dword_17F1090,data,sith,0x017f1090,0x017f11d0,consensus,verified,,,strong,
sithCollision_vec17F10A0,data,sith,0x017f10a0,0x017f11e0,consensus,verified,,,strong,
sithFX_g_aChalkMarks,data,sith,0x017f10c0,0x017f1200,consensus,verified,,live,strong,
sithMulti_g_serverId,data,sith,0x017f10e8,0x017f1228,consensus,verified,,live,strong,
sithMulti_dword_17F10EC,data,sith,0x017f10ec,0x017f122c,consensus+review,verified,,live,weak,
sithMulti_g_message,data,sith,0x017f1100,0x017f1240,consensus,verified,,live,strong,
sithInventory_g_aUnknown,data,sith,0x017f1d20,0x017f1e60,smoothed+review,verified,,live,weak,
sithInventory_g_aTypes,data,sith,0x017f1e20,0x017f1f60,consensus,verified,,live,strong,
sithRender_lightMode,data,sith,0x017f9800,0x017f9940,consensus,verified,,,strong,
sithRender_g_numVisibleSectors,data,sith,0x017f9804,0x017f9944,consensus,verified,,live,strong,
sithVoice_aSubtitleInfos,data,sith,0x017f9820,0x017f9960,consensus,verified,,,strong,
sithMain_somePos2,data,sith,0x017fd190,0x017fd2d0,consensus+review,verified,,,weak,
sithMain_somePos,data,sith,0x017fd1a0,0x017fd2e0,consensus+review,verified,,,weak,
sithMain_g_frameNumber,data,sith,0x017fd1ac,0x017fd2ec,consensus,verified,,live,strong,
sithMain_flt_17FD1B0,data,sith,0x017fd1b0,0x017fd2f0,consensus+review,verified,,,weak,
sithMain_flt_17FD1B4,data,sith,0x017fd1b4,0x017fd2f4,consensus+review,verified,,,weak,
sithMain_g_sith_mode,data,sith,0x017fd1c0,0x017fd300,consensus,verified,,live,strong,
sithMain_g_curRenderTick,data,sith,0x017fd1d4,0x017fd314,consensus,verified,,live,strong,
sithCamera_g_camSpot,data,sith,0x017fd1e0,0x017fd320,consensus,verified,,live,strong,
sithCamera_g_aCameras,data,sith,0x017fd200,0x017fd340,consensus,verified,,live,strong,
sithCamera_g_bCurCameraSet,data,sith,0x018012c0,0x01801400,consensus,verified,,live,strong,
sithCamera_g_stateFlags,data,sith,0x018012c4,0x01801404,consensus,verified,,live,strong,
sithCamera_g_curCycleCamNum,data,sith,0x018012c8,0x01801408,consensus,verified,,live,strong,
sithCamera_g_vecCameraPosOffset,data,sith,0x018012cc,0x0180140c,consensus,verified,,live,strong,
sithCamera_g_vecCameraAngleOffset,data,sith,0x018012d8,0x01801418,consensus,verified,,live,strong,
sithCamera_g_cameraPosDelta,data,sith,0x018012e4,0x01801424,consensus,verified,,live,strong,
sithCamera_g_cameraAngleDelta,data,sith,0x018012e8,0x01801428,consensus,verified,,live,strong,
sithCamera_g_orbCamOrient,data,sith,0x01801300,0x01801440,consensus+review,verified,,live,strong,
sithCamera_g_camLookSpot,data,sith,0x01801330,0x01801470,consensus,verified,,live,strong,
sithPlayerActions_g_pChalkWriteSurf,data,sith,0x0180133c,0x0180147c,consensus,verified,,live,strong,
sithPlayerActions_g_chalkWritePos,data,sith,0x01801340,0x01801480,consensus,verified,,live,strong,
sithControl_g_controlOptions,data,sith,0x0180134c,0x0180148c,consensus,verified,,live,strong,
sithPlayerActions_g_pChalkWriteSector,data,sith,0x01801350,0x01801490,consensus,verified,,live,strong,
sithAI_g_aControlBlocks,data,sith,0x01801360,0x018014a0,consensus,verified,,live,strong,
sithAI_g_lastUsedAIIndex,data,sith,0x0182eb60,0x0182eca0,consensus,verified,,live,strong,
sithPlayer_g_aPlayers,data,sith,0x0182eb80,0x0182ecc0,consensus,verified,,live,strong,
sithPlayer_g_impState,data,sith,0x01839620,0x01839760,consensus,verified,,live,strong,
sithCog_g_pSymbolTable,data,sith,0x01839624,0x01839764,consensus,verified,,live,strong,
sithCog_g_pMasterCog,data,sith,0x01839628,0x01839768,consensus,verified,,live,strong,
word_183962C,data,std,0x0183962c,0x0183976c,consensus,verified,,live,strong,
word_183962E,data,std,0x0183962e,0x0183976e,consensus,verified,,live,strong,
word_1839630,data,std,0x01839630,0x01839770,consensus,verified,,live,strong,
stdDisplay_g_backBuffer,data,std,0x01839640,0x01839780,consensus,verified,,,strong,
stdConffile_g_entry,data,std,0x01839720,0x01839860,consensus,verified,,live,strong,
stdConffile_g_aLine,data,std,0x0183a724,0x0183a864,consensus,verified,,live,strong,
stdMemory_g_curState,data,std,0x0183a740,0x0183a880,consensus,verified,,live,strong,
std_g_genBuffer,data,std,0x0183a780,0x0183a8c0,consensus,verified,,live,strong,
std_g_pHS,data,std,0x0183af80,0x0183b0c0,consensus,verified,,live,strong,
rdModel3_g_numDrawnFaces,data,rdroid,0x0183af84,0x0183b0c4,consensus,verified,,live,strong,
rdModel3_g_localCamera,data,rdroid,0x0183af90,0x0183b0d0,consensus+review,verified,,,weak,
rdModel3_g_numDrawnAlphaFaces,data,rdroid,0x0183af9c,0x0183b0dc,consensus,verified,,live,strong,
rdModel3_g_apGeoLights,data,rdroid,0x0183afa0,0x0183b0e0,consensus+review,verified,,,weak,
rdModel3_g_aLocalLightPos,data,rdroid,0x0183b1a0,0x0183b2e0,consensus+review,verified,,,weak,
rdModel3_g_pCurMesh,data,rdroid,0x0183b7a0,0x0183b8e0,consensus+review,verified,,,weak,
rdModel3_g_curLightingMode,data,rdroid,0x0183b7a4,0x0183b8e4,consensus+review,verified,,,weak,
rdModel3_apMeshLights,data,rdroid,0x0183b7c0,0x0183b900,consensus+review,verified,,,weak,
rdModel3_g_lightingMode,data,rdroid,0x0183b9c0,0x0183bb00,consensus+review,verified,,,weak,
rdroid_g_curLightingMode,data,rdroid,0x0183b9c4,0x0183bb04,consensus,verified,,live,strong,
rdroid_g_pHS,data,rdroid,0x0183b9c8,0x0183bb08,consensus,verified,,live,strong,
rdroid_g_curGeometryMode,data,rdroid,0x0183b9cc,0x0183bb0c,consensus,verified,,live,strong,
rdroid_g_curRenderOptions,data,rdroid,0x0183b9d0,0x0183bb10,consensus,verified,,live,strong,
rdCamera_g_camMatrix,data,rdroid,0x0183b9e0,0x0183bb20,consensus,verified,,live,strong,
